filename,gt_iou,seg_iou,seg_f1,seg_precision,seg_recall,gt_fg_ssim,gt_fg_psnr,ng_fg_ssim,ng_fg_psnr,ng_iou,ng_topo_q,topo_preservation,ng_psnr,ng_ssim,ng_bytes,graph_n_components,graph_n_cycles,graph_n_junctions,graph_n_endpoints,graph_mean_degree,graph_complexity,n_nodes,n_edges,total_edge_length,mean_width_px,mean_curvature,delta_gt_iou,delta_gt_fg_psnr,delta_gt_fg_ssim,delta_fg_ssim,delta_iou,total_time_ms,ng_recon_iou,ng_n_components,ng_n_cycles,ng_euler_characteristic,ng_n_junctions,ng_n_endpoints,ng_mean_degree,ng_graph_complexity,ng_seg_beta_0,ng_seg_beta_1,graph_n_nodes,graph_n_edges,graph_n_sampled,graph_mean_edge_length,graph_mean_width,graph_total_edge_length,graph_mean_curvature,png_bytes,ng_vs_png,ng_vs_raw,image_shape,image_pixels,image_type,segmenter,n_points,n_structures,jpeg_quality,jpeg_bytes,jpeg_psnr,jpeg_ssim,jpeg_fg_psnr,jpeg_fg_ssim,jpeg_iou,jpeg_topo_q,jpeg_beta_0,jpeg_beta_1,jpeg_betti_preservation,webp_quality,webp_bytes,webp_psnr,webp_ssim,webp_fg_ssim,webp_fg_psnr,webp_topo_q,webp_iou,jp2_bytes,jp2_psnr,jp2_ssim,jp2_fg_ssim,jp2_fg_psnr,jp2_topo_q,jp2_iou,delta_fg_psnr,delta_topo_q,delta_psnr,delta_ssim,gt_available,gt_topology_q,recon_topology_q,jpeg_gt_iou,jpeg_gt_fg_psnr,jpeg_gt_fg_ssim,stem
1_1.png,0.8069740297636416,0.8078803566292782,0.8937321030862233,0.8270278227587222,0.9721405087385361,0.994251124512756,30.264608172955548,0.9989175085546539,35.21577966661876,1.0,0.7219626995468058,1.1560563689702217,32.632994777160036,0.8838484223806236,3992,4,0,0,8,1.9689922480620154,0.0,258,254,367.33304448274174,7.97269831516946,0.02267717889444308,-0.01194809046141021,-12.678028301518502,-0.005579209143128261,-0.0008683336982256984,0.04770992366412219,4463.205814361572,0.9430104408352669,4,0,4,0,8,1.9689922480620154,0.0,5,0,258,254,250,1.446193088514728,7.97269831516946,367.33304448274174,0.02267717889444308,11179,2.8003507014028055,20.346943887775552,285x285,81225,sparse,Otsu,380,5,78,3985,50.70214330673113,0.9976346316450574,42.749620899458776,0.9997858422528796,0.9522900763358778,0.6592706005297518,6,0,0.9,97,3896,54.593707495509285,0.9989520874366252,0.9999143498999656,47.04924419858902,0.662660914701027,0.9520105664807749,828,34.48364892816591,0.948533600246435,0.9909083242179046,25.74748687270347,0.5196946989102006,0.9473381294964028,-7.533841232840018,0.06269209901705397,-18.069148529571095,-0.11378620926443384,True,0.5778945016078345,0.6680786191766092,0.8189221202250518,42.94263647447405,0.9998303336558843,1_1
1_10.png,0.8082886538182872,0.8124645088018172,0.8965301167071356,0.8344998541848936,0.9685225926552716,0.9938128347250071,32.6867257082549,0.9983421276343963,37.17325734481027,1.0,0.7274682069659875,1.4037995001985017,36.04344401110746,0.9099323983987335,3517,4,2,4,8,1.9846743295019158,0.5,261,259,374.9188309203687,8.079703299935293,0.02510777546134457,-0.02004196868651842,-12.329569862443357,-0.0059009329937769195,-0.0013069367401703502,0.06987532618150194,2679.424524307251,0.9122757049273711,4,2,2,4,8,1.9846743295019158,0.5,5,0,261,259,249,1.4475630537465942,8.079703299935293,374.9188309203687,0.02510777546134457,10010,2.8461757179414273,23.094967301677567,285x285,81225,sparse,Otsu,383,5,79,3485,52.28476312219598,0.9975645142921901,44.71943386141135,0.9996490643745667,0.9301246738184981,0.631067971731117,7,0,0.8,98,3220,55.459845059628954,0.9987767202839526,0.9998340859769645,48.34897047176898,0.6833632306209467,0.9300202839756593,4150,56.399488199456016,0.9987105268831665,0.9998591103295512,49.24756214528273,0.6906658928588649,0.9304246992317727,-7.546176516601086,0.09640023523487051,-16.241319111088522,-0.08763211589345654,True,0.5883163234964615,0.8258781608829526,0.8283306225048056,45.016295570698254,0.9997137677187841,1_10
1_11.png,0.8142692085499711,0.7969375086218788,0.8869952402886533,0.8152695455828394,0.9725589225589225,0.9940396931737508,31.55381791501234,0.9984840327767964,36.34729533659224,1.0,0.73071904444755,1.4255468355990863,34.271610323961035,0.9013375035078777,3827,4,1,3,9,1.9773584905660377,0.25,265,262,375.67619023324966,8.213395233874051,0.02552459683404226,-0.0177929797750509,-12.807592677616753,-0.0057334174222241074,-0.0012293885088680012,0.08603508771929824,2871.5462684631348,0.8973010380622838,4,1,3,3,9,1.9773584905660377,0.25,5,0,265,262,253,1.4338785886765213,8.213395233874051,375.67619023324966,0.02552459683404226,10779,2.816566501175856,21.224196498562844,285x285,81225,sparse,Otsu,417,5,79,3759,51.696762944477456,0.997574562320125,44.168352339743564,0.9997134212856644,0.9139649122807018,0.6780417284623241,6,0,0.9,98,3588,55.215915245016056,0.9988303267774237,0.9998662961433336,48.09418496998647,0.7474131174133898,0.9162105263157895,825,37.907105140077746,0.9592465785316131,0.9927446256542843,29.578623698076818,0.6127060945474498,0.9198552942813413,-7.821057003151324,0.05267731598522585,-17.42515262051642,-0.09623705881224731,True,0.5944454949366794,0.8474098942431161,0.832062188325022,44.36141059262909,0.999773110595975,1_11
1_12.png,0.8133276377616403,0.7939855762688801,0.8851638349514563,0.8110925771476231,0.9741235392320534,0.9941034387021317,30.47606997866273,0.9987610540155607,36.20156898066607,1.0,0.7339311050061934,1.3808297147385609,33.348202082343285,0.8946189647501418,3879,4,1,3,9,1.9771863117870723,0.25,263,260,378.6761902332495,8.263804384964047,0.0319374921823492,-0.01578170329556461,-13.280298567797296,-0.005677574451024681,-0.0009606998345704776,0.08764169200995298,2576.3156414031982,0.9011183851609383,4,1,3,3,9,1.9771863117870723,0.25,5,0,263,260,251,1.4564468855124946,8.263804384964047,378.6761902332495,0.0319374921823492,11444,2.9502449084815674,20.93967517401392,285x285,81225,sparse,Otsu,385,5,77,3815,50.81990603540074,0.9971729192063842,43.48162516768106,0.9997217538501312,0.912358307990047,0.684416929378634,6,0,0.9,97,3748,54.42989103887966,0.9986462985369043,0.9998762916542995,47.465995247107514,0.7453843179751962,0.9138669984791926,821,35.75882694101956,0.9542143991867561,0.9904453257078036,27.073557415910944,0.6138110692760187,0.919015047879617,-7.280056187014992,0.04951417562755944,-17.471703953057457,-0.10255395445624238,True,0.605446289628399,0.8360182273971023,0.8291093410572049,43.756368546460024,0.9997810131531564,1_12
1_13.png,0.809405579085731,0.7785576658409028,0.8754933065077769,0.7949690837549185,0.9741691062510763,0.994082938591155,30.296001750708097,0.9987268679993095,36.09676944979685,1.0,0.7328646980341497,1.326134588516426,33.87748968290053,0.9032954980226013,3909,4,2,4,9,1.9843137254901961,0.5,255,253,375.8477631085031,8.155029358583338,0.02748094931985989,-0.018770558968419615,-13.60136957136687,-0.005708076784573635,-0.0010019323682678438,0.09364923594560493,2743.659734725952,0.8956545806808747,4,2,2,4,9,1.9843137254901961,0.5,5,0,255,253,242,1.4855642810612741,8.155029358583338,375.8477631085031,0.02748094931985989,11301,2.8910207214121257,20.77897160399079,285x285,81225,sparse,Otsu,407,5,78,3879,51.012925987970846,0.9973616596672529,43.53604811484373,0.9997288003675774,0.9063507640543951,0.626827420125863,7,0,0.8,97,3766,54.332926145403285,0.9986083215018503,0.9998660216767457,47.37843279284522,0.6289537538428706,0.906390134529148,828,36.08388979985958,0.952919869707573,0.989999325956956,27.532798020783723,0.5375011049488525,0.9147071100598303,-7.439278665046878,0.10603727790828665,-17.135436305070314,-0.09406616164465154,True,0.5924126445204254,0.785618898573022,0.8281761380541506,43.89737132207497,0.9997910153757287,1_13
1_14.png,0.7991979800980247,0.7792389479574706,0.8759238874036798,0.7968526466380543,0.9724162011173184,0.9942425491428485,30.5870841852037,0.9987195957627675,35.42515736583085,1.0,0.7174783233966364,1.2793067808440821,33.90193055315634,0.9031350514540019,3811,4,1,2,8,1.9751037344398341,0.25,241,238,360.0193359837568,8.048392398723427,0.04588616819406628,-0.011966630193880223,-12.408586071357078,-0.005535524509642897,-0.0009936792652546211,0.10014285714285709,2315.9737586975098,0.8873994638069705,4,1,3,2,8,1.9751037344398341,0.25,5,0,241,238,231,1.5126862856460348,8.048392398723427,360.0193359837568,0.04588616819406628,11561,3.033586985043296,21.313303594856993,285x285,81225,sparse,Otsu,363,5,76,3808,50.309903872853496,0.9968767030469297,42.73419261754876,0.9997132750280221,0.8998571428571429,0.676966743577747,6,0,0.9,96,3284,53.151752503741854,0.9984430734323879,0.9998407778750095,45.67017336859357,0.7391996221188764,0.8964137733961994,825,35.647633130412345,0.954346383587813,0.9920183907818734,26.960173245511516,0.6558462131345877,0.9128654144894789,-7.3090352517179085,0.04051157981888942,-16.407973319697156,-0.0937416515929278,True,0.581048450752361,0.7433392230464442,0.8111646102919049,42.99567025656078,0.9997780736524914,1_14
1_15.png,0.7939144495075702,0.7769413076815838,0.8744704220932057,0.7931966979789353,0.9743006993006993,0.9941588553805334,29.59165348407483,0.9987645181332544,35.53113714051,1.0,0.7163459735002295,1.4140689772852841,33.23718118102284,0.8985359075468031,3993,4,0,0,8,1.9688715953307394,0.0,257,253,361.19090885901073,8.129493084399153,0.025408093229690683,-0.021039101586226683,-14.022251714907032,-0.0056644759244467435,-0.0009985845627998868,0.09686569280953061,2596.489191055298,0.8916269952394287,4,0,4,0,8,1.9688715953307394,0.0,5,0,257,253,249,1.4276320508261264,8.129493084399153,361.19090885901073,0.025408093229690683,11301,2.8302028549962435,20.341848234410218,285x285,81225,sparse,Otsu,409,5,79,3967,51.09287678068509,0.997543855895058,43.413077811494,0.9997631026960543,0.9031343071904694,0.6394050598269216,7,0,0.8,97,3832,54.372352747649,0.9986907187173104,0.9998812884848085,47.13483651330442,0.6321205588285577,0.9008791832104368,821,35.01221010973608,0.9454564035656803,0.9896618123249588,26.221982823388217,0.630012372941601,0.9036735838474481,-7.881940670984001,0.07694091367330791,-17.855695599662248,-0.09900794834825488,True,0.5893442472476544,0.8333734169744563,0.8149535510937969,43.61390519898186,0.9998233313049801,1_15
1_16.png,0.7971656333038086,0.7792881165919282,0.8759549499881862,0.796704871060172,0.9727129613433619,0.9939729409558632,30.30568925523948,0.9987862856668507,35.737181905820236,1.0,0.7274682069659875,1.1902927380510064,33.534633256437715,0.9013315908152513,4007,4,1,3,9,1.9760956175298805,0.25,251,248,371.67619023324903,8.05059481806964,0.027413257386928524,-0.015541382655239855,-13.53316687163504,-0.005844747837797204,-0.0009802013860124026,0.0976690976690977,2775.930643081665,0.8904051772650534,4,1,3,3,9,1.9760956175298805,0.25,5,0,251,248,239,1.4986943154566474,8.05059481806964,371.67619023324903,0.027413257386928524,11201,2.7953581232842524,20.270776141751934,285x285,81225,sparse,Otsu,403,5,80,3995,51.310711991651026,0.9969359704172758,43.66567227873804,0.9997664870528631,0.9023309023309023,0.614912891439743,7,0,0.8,98,3934,54.981852271534,0.9988282945106409,0.9999005192939715,47.96657683738837,0.6104866512891383,0.8976963800257548,828,35.90313466164763,0.9560083550438264,0.9911830869330613,27.29803166774053,0.614912891439743,0.9072763306908267,-7.928490372917807,0.11255531552624443,-17.77607873521331,-0.0956043796020245,True,0.5841788337617764,0.6953438235497486,0.8127070159590485,43.83885612687452,0.9998176887936604,1_16
1_17.png,0.7978803936411809,0.770801286533352,0.8705677959409304,0.7879914224446033,0.9724770642201835,0.9940899947466981,30.293357894040746,0.998762781649855,36.03086183756175,1.0,0.7252792083017052,1.2845320275788574,34.32607510388869,0.9053798420526501,3863,4,3,6,9,1.99163179916318,0.75,239,238,369.91883092036835,8.034770831902156,0.0390871684831679,-0.008290371594805057,-13.652140590265816,-0.005727638257421952,-0.0009946775414474418,0.12221587664191891,2664.332866668701,0.8782188077962726,4,3,1,6,9,1.99163179916318,0.75,5,0,239,238,224,1.5542808021864196,8.034770831902156,369.91883092036835,0.0390871684831679,11038,2.8573647424281647,21.02640434895159,285x285,81225,sparse,Otsu,391,5,79,3820,51.38868839885745,0.9974949218047034,43.674105156277186,0.9997574591913024,0.8777841233580811,0.6748059940392405,6,0,0.9,97,3678,54.540049534370695,0.9986830638709479,0.9998769813870899,47.4368364627251,0.676966743577747,0.8860362287833404,806,35.940474736510986,0.9599029260046346,0.9916040000453474,27.201240724050052,0.6488938454646238,0.8856899730534676,-7.6432433187154345,0.05047321426246476,-17.062613294968756,-0.09211507975205335,True,0.5872858267209503,0.7543874537661878,0.806170765235986,43.94549848430656,0.9998176330041201,1_17
1_18.png,0.7733574442435202,0.783503691084611,0.8786117965454111,0.80159767610748,0.9719971821063755,0.9940326321883892,30.57704038221022,0.9987881366598329,36.10310314690024,1.0,0.7252792083017052,1.047510134684944,34.46680008234737,0.9026147480175373,3716,4,1,4,10,1.9747899159663866,0.25,238,235,369.19090885901073,8.100380857451624,0.04140205112456822,-0.01495702501313323,-13.326994244275497,-0.005776088532234769,-0.0009576538124893563,0.1349045691150954,2435.478448867798,0.8567544361763022,4,1,3,4,10,1.9747899159663866,0.25,5,0,238,235,224,1.5710251440808938,8.100380857451624,369.19090885901073,0.04140205112456822,10772,2.898815931108719,21.858180839612487,285x285,81225,sparse,Otsu,360,5,78,3710,51.48565130098747,0.9976202879649888,43.69450991603476,0.9997457904723223,0.8650954308849046,0.5121648696119356,9,0,0.6,97,3552,54.53327189813695,0.9987337889648182,0.999872234626409,47.18155538560006,0.49674922107127684,0.8654124457308249,3796,53.76749801680374,0.9976052791529398,0.99985100190724,46.76933402667976,0.4598994753556295,0.8673705525021695,-7.591406769134522,0.2131143386897696,-17.0188512186401,-0.09500553994745153,True,0.5872858267209503,0.6151878554470214,0.7883144692566534,43.90403462648572,0.999808720720624,1_18
1_19.png,0.7803407206392281,0.7797720797720797,0.8762606050904435,0.7990074441687345,0.9700513911040227,0.9940578302010458,31.15831789396264,0.9987805608411654,35.923391673187346,1.0,0.7082914232788756,1.0171841087230544,34.77865233560842,0.9053434792950783,4124,4,2,4,8,1.9836065573770492,0.5,244,242,353.43354954612994,8.00686237069427,0.024308292901935976,-0.01271525978291932,-14.012111886630528,-0.005812909892120133,-0.0010486389342491131,0.11611305361305357,3378.2708644866943,0.8761891034880369,4,2,2,4,8,1.9836065573770492,0.5,5,0,244,242,232,1.4604692130005343,8.00686237069427,353.43354954612994,0.024308292901935976,10908,2.645004849660524,19.69568380213385,285x285,81225,sparse,Otsu,456,5,83,4090,52.664344190613235,0.9980777594594797,44.90411521802411,0.9998291997754145,0.8838869463869464,0.5704426417892609,8,0,0.7,98,3858,55.24167971395219,0.9988740441856928,0.9998991417733405,48.067870398776556,0.5595683454940007,0.8827043566953228,748,35.67682543092775,0.9465471385362892,0.9910673778911719,26.925967237692447,0.6649023621432284,0.8897807080407052,-8.980723544836763,0.13784878148961477,-17.885691855004815,-0.09273428016440144,True,0.6024760121833554,0.6128290254797465,0.7930559804221474,45.17042978059317,0.9998707400931659,1_19
1_2.png,0.807140766754463,0.8094277065013694,0.8946781389420013,0.8276827830188679,0.9734743411927878,0.9940930343864244,30.50571898347811,0.9987830232977396,35.87382461212912,1.0,0.7241781244352907,1.0852186224065978,33.566131498381566,0.891839418963876,3912,4,1,2,8,1.9766536964980546,0.25,257,254,370.0904037956223,8.03737266889342,0.02863674218207029,-0.013683914349067128,-13.13965086395531,-0.00571784043859358,-0.0009765414572927567,0.04959647835656644,2543.4980392456055,0.9387873513199884,4,1,3,2,8,1.9766536964980546,0.25,5,0,257,254,247,1.4570488338410303,8.03737266889342,370.0904037956223,0.02863674218207029,10787,2.75741308793456,20.76303680981595,285x285,81225,sparse,Otsu,379,5,79,3898,51.25261374539778,0.9976851476519045,43.45167870048418,0.9997595647550324,0.9504035216434336,0.6115979582338287,7,0,0.8,98,3822,55.34544908179652,0.9990739143489904,0.9999131152147401,47.94103767355051,0.6160115700330958,0.9503962430290578,822,35.33413978459316,0.9554335951122364,0.9893586203610707,26.422484858728108,0.6104866512891383,0.9450390512004628,-7.5778540883550605,0.11258016620146205,-17.686482247016215,-0.10584572868802855,True,0.5736522708218472,0.6225381270817016,0.8208246811035301,43.64536984743342,0.999810874825018,1_2
1_20.png,0.790666062528319,0.7811288237828522,0.8771165940977262,0.8000882612533098,0.9705567451820128,0.994324918636726,31.237884075755055,0.99866955001952,35.95559909973175,1.0,0.7152090851333476,1.3861793171265637,34.640525326820764,0.904818773405085,3809,5,2,4,10,1.9759036144578312,0.4,249,246,365.5046173579954,7.914895323864427,0.03332582899828173,-0.01677780089831904,-13.018627449006729,-0.005493047751229829,-0.0010945276456537645,0.10203782436592879,2710.0613117218018,0.8880208333333334,5,2,3,4,10,1.9759036144578312,0.4,5,0,249,246,235,1.4857911274715236,7.914895323864427,365.5046173579954,0.03332582899828173,10523,2.76266736676293,21.324494618009975,285x285,81225,sparse,Otsu,399,5,80,3785,51.73828164220062,0.9970333556637061,44.038901390257834,0.9997640776651737,0.8979621756340712,0.6649023621432284,6,0,0.9,98,3630,55.320183009647465,0.9989066084283424,0.9998858706251235,48.01046480641127,0.6671289163019205,0.8980938416422287,3829,54.01897115657682,0.9978404635379062,0.9998542770963318,46.933474362079586,0.6737202053769605,0.8986654934741164,-8.083302290526085,0.05030672299011918,-17.097756315379854,-0.09221458225862111,True,0.5831379803214916,0.8083338073526087,0.807443863426638,44.256511524761784,0.9998179663879558,1_20
1_21.png,0.7829075153145076,0.7844387755102041,0.8791994281629736,0.8033381712626996,0.9708823013506402,0.994111503092235,30.718122409673647,0.9986588150387208,35.810726359463246,1.0,0.7208483230778902,1.2576114360663684,34.46660372875259,0.9025216247463175,3832,4,0,0,8,1.96875,0.0,256,252,365.26197667087604,7.988036027178168,0.024427468384469617,-0.013825697026690231,-13.285449313375985,-0.00570597811207374,-0.001099108726377751,0.10786158969161719,2370.7590103149414,0.8756432246998285,4,0,4,0,8,1.96875,0.0,5,0,256,252,248,1.44945228837649,7.988036027178168,365.26197667087604,0.024427468384469617,10812,2.8215031315240084,21.196503131524008,285x285,81225,sparse,Otsu,378,5,79,3771,51.46060255118246,0.997683963175622,43.78553171574347,0.9997579237650985,0.8921384103083828,0.7402407400064688,5,0,1.0,98,3732,55.20336258395698,0.9989148642952062,0.9998952643177753,47.94268784502912,0.6726307913802724,0.8914302258251303,823,36.508648872889765,0.9581649735598329,0.9920629666536819,28.0583750843024,0.4758618581916646,0.8892857142857142,-7.974805356280221,-0.019392416928578626,-16.993998822429873,-0.09516233842930455,True,0.5944454949366794,0.7475814525505005,0.7967332123411979,44.00357172304963,0.9998174812043087,1_21
1_22.png,0.8001736362320938,0.7936087077867708,0.8849295884229362,0.8104603106740772,0.9744688142563399,0.9941668884540092,29.845041459320484,0.9988122353718292,35.59134781582901,1.0,0.7219626995468058,1.384574785475141,32.91027553076071,0.8967533677816625,4057,4,0,0,8,1.9689922480620154,0.0,258,254,372.8183258569802,7.946473724158236,0.02240329441334502,-0.021112394810034796,-13.898663597522592,-0.005661246122437125,-0.0009642702851611062,0.08373545273914274,2489.287853240967,0.900390625,4,0,4,0,8,1.9689922480620154,0.0,5,0,258,254,250,1.4677886844762973,7.946473724158236,372.8183258569802,0.02240329441334502,11436,2.8188316490017256,20.02095144195218,285x285,81225,sparse,Otsu,410,5,80,4053,51.12461327524102,0.9970426577809409,43.47901885092932,0.9997765056569903,0.9162645472608573,0.6203750276956185,7,0,0.8,98,4038,55.04287093291286,0.9988777507815286,0.9999067730582293,47.957305367552756,0.6246889011486004,0.9165128496379383,821,35.632401832386485,0.9545281830823354,0.9909224331107318,27.054407461964747,0.5778945016078345,0.9124965054514956,-7.887671035100311,0.10158767185118733,-18.21433774448031,-0.10028928999927844,True,0.5934303402594009,0.8216486860590998,0.8212860310421286,43.743705056843076,0.9998281345764464,1_22
1_23.png,0.8084728188416531,0.7885811192764274,0.8817951959544881,0.8058925476603119,0.9734822051639916,0.9942103779447641,30.333827660762864,0.998799224360893,35.84646101889654,1.0,0.7317940168915755,1.3588044664107448,33.71626356633243,0.8984423520344278,4234,4,3,6,8,1.9919354838709677,0.75,248,247,378.1614716074877,7.809883511835529,0.030210391074092943,-0.012467544685461185,-13.818788296943282,-0.005629543024944117,-0.0009965215442570008,0.08100317094263476,3076.3540267944336,0.9122431506849316,4,3,1,6,8,1.9919354838709677,0.75,5,0,248,247,234,1.5310181036740373,7.809883511835529,378.1614716074877,0.030210391074092943,11410,2.694851204534719,19.183986773736418,285x285,81225,sparse,Otsu,460,5,82,4219,51.61334752981126,0.9976037647419531,43.93509229696513,0.99979574590515,0.9189968290573652,0.6885967760854024,6,0,0.9,98,4042,55.12184055979774,0.9989532309648466,0.9999067689362051,47.92142026544571,0.7524146727939154,0.9228884404727588,741,34.415014397913666,0.9336694229960507,0.98849084802231,25.93854313590086,0.6331701428264764,0.9125211984171848,-8.08863127806859,0.043197240806173154,-17.897083963478828,-0.09916141270752532,True,0.5831379803214916,0.7923704921945838,0.8209403635271143,44.152615957706146,0.9998399209697082,1_23
1_24.png,0.8120707292123338,0.790482855143457,0.8829828812631908,0.8076648076648076,0.9737931034482759,0.9942396992825856,30.390108199524843,0.9988642572228857,35.536854944765544,1.0,0.7443638156030221,1.3990860823974336,33.30580013429695,0.8959697226443685,4145,5,4,7,10,1.9923076923076923,0.8,260,259,395.4751801064727,7.69576092499953,0.04127066194935449,-0.012555584240381945,-13.13275348393714,-0.005588574315245731,-0.0009133237574343589,0.07049086757990863,2893.5599327087402,0.9180189078594609,5,4,1,7,10,1.9923076923076923,0.8,5,0,260,259,243,1.5269311973222852,7.69576092499953,395.4751801064727,0.04127066194935449,11567,2.79059107358263,19.59589867310012,285x285,81225,sparse,Otsu,440,5,80,4135,50.87356711563102,0.996919743250348,43.25608531088228,0.9997775809803201,0.9295091324200914,0.7484214469402435,5,0,1.0,97,3924,54.40510597800949,0.9987756796897354,0.9999032017167787,47.22841630785836,0.7504260462761927,0.9299172138167285,743,34.07271421290733,0.9242042723914141,0.9897495036938403,25.684960127249372,0.7543874537661878,0.9288520909346056,-7.719230366116733,-0.004057631337221368,-17.567766981334067,-0.10095002060597957,True,0.5841788337617764,0.8173164759472653,0.8246263134527158,43.52286168346198,0.9998282735978313,1_24
1_25.png,0.8119407363943083,0.7967134154979458,0.8868564219821807,0.8135397077969044,0.9746967071057192,0.9944194035458741,31.045077751087412,0.9987404686391371,35.88936962875829,1.0,0.7349932548702411,1.3644261181841337,34.217226845015105,0.9036293688904973,4255,4,2,4,8,1.9845559845559846,0.5,259,257,383.40411229460716,7.7099541347459475,0.02913926114243873,-0.01698895460434824,-13.450160011948718,-0.005408907009535668,-0.001041713289842039,0.06737844466887899,3159.8854064941406,0.9158148779102783,4,2,2,4,8,1.9845559845559846,0.5,5,0,259,257,247,1.4918447949206475,7.7099541347459475,383.40411229460716,0.02913926114243873,11309,2.6578143360752056,19.08930669800235,285x285,81225,sparse,Otsu,471,5,82,4130,51.77821931533505,0.9972944369670578,44.21022534421827,0.9997821819289792,0.932621555331121,0.6906658928588649,6,0,0.9,98,3908,55.004698997111376,0.9988328214573116,0.9998917951258532,47.812323590419616,0.6823060136736756,0.9346885813148789,745,35.372299091149095,0.9328347552000348,0.9900915388575745,27.063826013616236,0.6748059940392405,0.9280758884326773,-8.320855715459984,0.044327362011376215,-17.560992470319945,-0.0936650680765605,True,0.5872858267209503,0.8013081208174261,0.8289296909986565,44.49523776303613,0.9998283105554098,1_25
1_26.png,0.7971487971487972,0.7877539423213524,0.8812778130959951,0.8057250799186283,0.9724658014731673,0.9941908767014731,30.313980171246314,0.9989164610099667,35.88948028286189,1.0,0.7402407400064688,1.0514325169737693,33.91341239791254,0.902455538595434,4352,4,4,8,9,2.0,1.0,255,255,388.0609665440996,7.771116638183594,0.0318789254787139,-0.014795102715476682,-13.888293875884912,-0.005661592371657198,-0.0008880638607737801,0.08490566037735847,3569.7243213653564,0.9077851192186154,4,4,0,8,9,2.0,1.0,5,0,255,255,238,1.5218077119376425,7.771116638183594,388.0609665440996,0.0318789254787139,11370,2.612591911764706,18.663832720588236,285x285,81225,sparse,Otsu,497,5,82,4234,51.645656804584135,0.9975704773813955,43.97844959968546,0.9998045248707405,0.9150943396226415,0.7494257512048812,5,0,1.0,98,3976,55.038146631562086,0.9988763758469615,0.999909026560183,47.91236456526768,0.7423105239119594,0.9147793263646922,743,34.7522616852357,0.9377760740061813,0.9905983041891988,26.530208365676607,0.6957787359332959,0.9195500498362523,-8.088969316823572,-0.009185011198412418,-17.732244406671597,-0.09511493878596144,True,0.5841788337617764,0.6142246215449457,0.8119438998642738,44.202274047131226,0.9998524690731303,1_26
1_27.png,0.8041457094955037,0.7860418458010892,0.8802054080077027,0.8053149317280869,0.9704529370134466,0.9943604606445745,30.89255537441707,0.9988542091440045,35.694872209707036,1.0,0.7140676401057521,0.9583070349551073,34.29007768291417,0.9066271023119764,4045,4,0,0,8,1.966804979253112,0.0,241,237,362.47518010647275,7.863241100706995,0.02644812282874614,-0.0044396861659690146,-12.717984338957649,-0.0054636393859983645,-0.0009188434074377527,0.09441430875238233,2838.305950164795,0.8966725043782837,4,0,4,0,8,1.966804979253112,0.0,5,0,241,237,233,1.529431139689755,7.863241100706995,362.47518010647275,0.02644812282874614,11279,2.788380716934487,20.08034610630408,285x285,81225,sparse,Otsu,423,5,79,3989,51.10028596425525,0.9974596923266087,43.367036537022905,0.9997730525514422,0.9055856912476177,0.6660174946826554,6,0,0.9,98,3952,55.094383001783385,0.9989062307388301,0.999907162035598,47.854144447472216,0.6581329408187211,0.8996920369555653,825,35.97965344794941,0.9558343894721492,0.9917424403901636,27.244399210866174,0.5628592266723857,0.9095906263561406,-7.672164327315869,0.04805014542309671,-16.810208281341076,-0.09083259001463229,True,0.5704426417892609,0.5466591966650249,0.8085853956614727,43.61053971337472,0.9998241000305729,1_27
1_28.png,0.8053833358536217,0.784513719293205,0.8792464981484464,0.8022623769648891,0.9725734639358861,0.9941317381923147,29.808399794738143,0.9988557041707151,36.2079266396188,1.0,0.7252792083017052,1.3424966897752806,33.87516792663072,0.9052470561560558,4000,5,2,4,10,1.9761904761904763,0.4,252,249,376.40411229460716,7.840015078347827,0.03301261259946062,-0.018734945372314016,-14.262237353448683,-0.005687586047452786,-0.0009101416539308849,0.09219961949363387,2869.8952198028564,0.8989154013015185,5,2,3,4,10,1.9761904761904763,0.4,5,0,252,249,238,1.5116631015847648,7.840015078347827,376.40411229460716,0.03301261259946062,11154,2.7885,20.30625,285x285,81225,sparse,Otsu,432,5,80,3943,51.507237250411066,0.9969417075516938,43.84654274186762,0.999765845824646,0.9078003805063661,0.5682894765709203,8,0,0.7,98,3860,55.0562844294665,0.9988231399148417,0.9998966833819446,47.9710839824543,0.5704426417892609,0.9092105263157895,828,36.69550226471297,0.9566655453099939,0.9914435182235046,28.01775204845071,0.5628592266723857,0.9128546612623045,-7.638616102248825,0.1569897317307849,-17.632069323780343,-0.09169465139563793,True,0.5799997615639487,0.7786477599700532,0.8241182812259357,44.070637148186826,0.9998193242397675,1_28
1_29.png,0.7976099279914203,0.791179906542056,0.8834175770422306,0.8119286677656227,0.9687108886107635,0.9939016636719556,30.922609671726498,0.9987349389638056,36.30310581637336,1.0,0.7349932548702411,0.9143536371156492,34.95465499660886,0.9125966590622461,4021,4,2,4,9,1.9844961240310077,0.5,258,256,382.57568516986106,7.711784187213395,0.026955340640753937,-0.01227541443188307,-14.25849328434984,-0.005945423102035163,-0.0010728382172560114,0.08995659332435268,2887.6500129699707,0.8993477616365253,4,2,2,4,9,1.9844961240310077,0.5,5,0,258,256,245,1.4944362701947667,7.711784187213395,382.57568516986106,0.026955340640753937,10692,2.6590400397910967,20.20019895548371,285x285,81225,sparse,Otsu,440,5,83,4020,52.72936985618202,0.9980475980047326,45.00364030929169,0.9998077771810616,0.9100434066756473,0.6865138191173947,6,0,0.9,98,3702,55.23261731988144,0.998870816414917,0.999883736476984,47.82367169042797,0.675888169431442,0.9100299401197605,814,36.90923906847697,0.9538066676500324,0.992065191955561,28.34305066176239,0.675888169431442,0.9127031019202363,-8.70053449291833,0.04847943575284641,-17.77471485957316,-0.08545093894248657,True,0.5872858267209503,0.5369869316887719,0.8098853424233033,45.18110295607634,0.9998470867739908,1_29
1_3.png,0.7981611208406305,0.8035817446562681,0.8910954516335683,0.8213758488337762,0.9737486874343717,0.9944502640492142,31.35176015073092,0.9987267661855463,35.96850951791956,1.0,0.7274682069659875,1.4206687049462943,33.63984009673231,0.897393015037175,3843,4,0,0,8,1.9689922480620154,0.0,258,254,374.3330444827416,7.922774314880371,0.03295987606689989,-0.025412565746754656,-12.532582181046866,-0.005354722146480473,-0.0010214837659010545,0.05950802769185448,2477.609634399414,0.9253237410071943,4,0,4,0,8,1.9689922480620154,0.0,5,0,258,254,250,1.4737521436328382,7.922774314880371,374.3330444827416,0.03295987606689989,10642,2.7691907364038513,21.13583138173302,285x285,81225,sparse,Otsu,380,5,79,3788,51.41218622994461,0.9976958336185442,43.58120789327891,0.9997482499514474,0.9404919723081455,0.7474131174133898,5,0,1.0,98,3768,55.45204725137517,0.9990389831338807,0.9998995045563824,48.13144477570161,0.7443638156030221,0.9452054794520548,818,35.82229042775565,0.9525251480479798,0.9905530572296747,27.053252808482547,0.676966743577747,0.9449753837242977,-7.612698375359351,-0.01994491044740232,-17.772346133212302,-0.10030281858136925,True,0.5768379176822511,0.8194955774775607,0.8235736865873852,43.88434233177779,0.9998049861956947,1_3
1_30.png,0.7990790483499616,0.7835580304806565,0.8786459617122668,0.8085588991380614,0.9620367038503058,0.9937151615290092,30.38432194452018,0.9987820105048834,36.15637439768896,1.0,0.7285561567878803,1.2441095861721656,34.7355304561587,0.9100811994594515,3878,4,2,4,8,1.984375,0.5,256,254,373.5046173579954,7.771207490935922,0.033205632888594926,-0.014356113744801502,-13.917171186696073,-0.0061082821690341405,-0.0009950300989333138,0.08741522230595333,2684.7901344299316,0.9080047789725209,4,2,2,4,8,1.984375,0.5,5,0,256,254,244,1.4704906195196645,7.771207490935922,373.5046173579954,0.033205632888594926,10761,2.7748839608045386,20.945074780814853,285x285,81225,sparse,Otsu,408,5,80,3823,51.71356682303785,0.997276495060845,44.04796273858927,0.9997770406038167,0.9125847776940467,0.6236150503812966,7,0,0.8,98,3782,55.198188358446885,0.9988504450325887,0.9999003338132323,47.96901608731243,0.6181995323583418,0.9121458710066305,814,36.660405065467884,0.9550867681072439,0.9922390972024818,28.103366970546123,0.6660174946826554,0.922153024911032,-7.891588340900313,0.10494110640658372,-16.978036366879152,-0.0871952956013935,True,0.581048450752361,0.7228879476114978,0.8134351620947631,44.301493131216255,0.9998234436980433,1_30
1_31.png,0.7559894978667542,0.7877537547450074,0.8812776957163959,0.8993781797625777,0.8638914027149321,0.99159943498745,26.75716481075024,0.9987040634693353,34.02842802617982,1.0,0.5934303402594009,0.9228399397892695,33.47002537789908,0.8995870072955776,4026,6,0,0,12,1.9510204081632654,0.0,245,239,357.43354954613,6.352391235195861,0.033021753796030916,-0.04834467298751721,-18.24394297802595,-0.008239045021574909,-0.0011573233680672868,0.18222867279471056,3075.920581817627,0.9035772652987107,6,0,6,0,12,1.9510204081632654,0.0,7,0,245,239,233,1.4955378642097459,6.352391235195861,357.43354954613,0.033021753796030916,10843,2.69324391455539,20.17511177347243,285x285,81225,sparse,Meijering,457,7,82,3934,52.39867926210616,0.9973496054567472,44.69966358996031,0.9998613868374026,0.8177713272052894,0.5841788337617764,8,1,0.4285714285714286,98,3698,55.18975941296864,0.9987783436574444,0.9999297204413622,47.971721251895254,0.6342167322929118,0.8214285714285714,822,37.95248305859865,0.9633107982367617,0.9948749230871409,28.854510299241984,0.6181995323583418,0.8137301968314931,-10.671235563780492,0.009251506497624518,-18.92865388420708,-0.09776259816116961,True,0.5831379803214916,0.5381430186487215,0.8043341708542714,45.00110778877619,0.9998384800090249,1_31
1_32.png,0.7598014888337469,0.7970380343318748,0.8870575014047575,0.9024390243902439,0.8721915285451197,0.9911472456876044,26.367988842927733,0.9986454008058694,34.00063650225221,1.0,0.5804495208339244,0.8953675729836544,33.033244770755964,0.8961692080813437,3888,5,0,0,10,1.9563318777292575,0.0,229,224,339.09040379562214,6.329591045213058,0.03530370256121872,-0.058933499156645475,-18.843438119252365,-0.008692316021983282,-0.0012136048059924187,0.1827642276422764,2920.8755493164062,0.9031670913724062,5,0,5,0,10,1.9563318777292575,0.0,7,0,229,224,219,1.5137964455161683,6.329591045213058,339.09040379562214,0.03530370256121872,10833,2.7862654320987654,20.891203703703702,285x285,81225,sparse,Meijering,413,7,82,3878,52.4760756180184,0.9974908291657154,44.79573184849099,0.9998590056118618,0.8172357723577236,0.6093721646414789,7,0,1.0,98,3668,55.258757339736505,0.9988240968358794,0.9999250727231096,48.01646600184566,0.6127060945474498,0.8168373151308305,829,37.5823609720273,0.9614542151639685,0.9942156619251936,28.34818750563437,0.6048822386731127,0.7961965134706814,-10.795095346238774,-0.028922643807554493,-19.442830847262435,-0.1013216210843717,True,0.5768379176822511,0.5164819663601022,0.8187349879903923,45.2114269621801,0.9998395617095877,1_32
1_33.png,0.7626344962504076,0.8122081387591727,0.8963740106755015,0.9052044609665427,0.8877141815530442,0.991434078603165,27.574489527953247,0.9983173325074952,34.08475935085473,1.0,0.6048822386731127,0.9528117688737324,33.475768547776184,0.9019519248550123,3630,7,0,0,14,1.9444444444444444,0.0,252,245,374.33304448274174,6.354589772602869,0.035178617468301795,-0.04973663777021098,-17.031850896239476,-0.008360651700587751,-0.0014963237473029078,0.17078687994829533,2423.2468605041504,0.8898499558693733,7,0,7,0,14,1.9444444444444444,0.0,7,0,252,245,238,1.5278899774805754,6.354589772602869,374.33304448274174,0.035178617468301795,10493,2.890633608815427,22.376033057851238,285x285,81225,sparse,Meijering,372,7,79,3573,52.030864385677596,0.9975414211213631,44.33609719180897,0.9998136562547981,0.8292131200517047,0.6321205588285577,7,0,1.0,98,3590,55.27590238453028,0.9987830562893776,0.9999110278368379,48.05319895605514,0.6812452667899545,0.8281931212659455,3862,54.62913507025152,0.9976751616996428,0.9999031454395986,47.59174037032878,0.6257596881497478,0.8280594123345173,-10.251337840954236,-0.027238320155444917,-18.555095837901412,-0.09558949626635083,True,0.5862527504805126,0.5585885201924281,0.8123711340206186,44.60634042419272,0.9997947303037528,1_33
1_34.png,0.7586714659685864,0.8029221318279927,0.8906897504374252,0.903249906611879,0.8784741144414169,0.991178400807668,26.73537473447057,0.9985364775710242,33.86814591438896,1.0,0.5875805172998421,0.944599563360458,33.273011957337395,0.9003278990504774,3762,6,0,0,12,1.948051948051948,0.0,231,225,353.6761902332492,6.34087999352129,0.03643623970478803,-0.04959325854059671,-17.781753549940984,-0.008629922197707418,-0.0012977804830859307,0.1807909604519774,2604.3803691864014,0.9006456241032998,6,0,6,0,12,1.948051948051948,0.0,7,0,231,225,219,1.571894178814438,6.34087999352129,353.6761902332492,0.03643623970478803,10741,2.855130249867092,21.59090909090909,285x285,81225,sparse,Meijering,383,7,80,3755,51.965471479567114,0.997117823431468,44.20757292729184,0.9998342580541101,0.8192090395480226,0.6854671216545121,6,0,0.9285714285714286,98,3590,55.15809351729221,0.9987329677066092,0.999924887108421,47.95202366308455,0.6885967760854024,0.8152365677626303,3829,54.420779165998134,0.9977706393292706,0.9999089007986461,47.31593443175675,0.6780417284623241,0.8200904392764858,-10.339427012902881,-0.09788660435467,-18.69245952222972,-0.09678992438099066,True,0.5757786889922759,0.5438802982143608,0.8082647245091831,44.517128284411555,0.9998083230053754,1_34
1_35.png,0.7601261620185923,0.7916876998149083,0.8837340345604808,0.9077754196411345,0.8609332113449222,0.9902833183320922,27.362016464860428,0.9985346003047126,33.95189985164044,1.0,0.6221784683448042,1.039546074259893,33.61864614428567,0.8992183437280784,3721,5,0,0,10,1.954954954954955,0.0,222,217,337.01933598375666,6.526202188955771,0.024795544370082443,-0.026019373411976465,-17.70517462404312,-0.0095351713575349,-0.001303024823054888,0.16538332775359887,2549.6129989624023,0.9095282146160962,5,0,5,0,10,1.954954954954955,0.0,6,0,222,217,212,1.5530844976209965,6.526202188955771,337.01933598375666,0.024795544370082443,10459,2.8108035474334856,21.82880945982263,285x285,81225,sparse,Meijering,404,6,81,3685,52.48029482405038,0.9972165966740091,44.62530197567232,0.9998376251277675,0.8346166722464011,0.6682366393501643,6,0,1.0,98,3542,55.460423232407415,0.9988191257986517,0.9999212909933994,48.200913936095056,0.73071904444755,0.835091243931023,3764,54.53607515453186,0.9977115361632826,0.9999081353857898,47.32476980025018,0.7252792083017052,0.8357082984073764,-10.673402124031881,-0.04605817100536014,-18.861648679764713,-0.09799825294593068,True,0.5639507136784644,0.5862527504805126,0.7861455354305688,45.06719108890355,0.999818489689627,1_35
1_36.png,0.7669358826438107,0.8059050494883409,0.8925220622387366,0.9117479597646613,0.8740902474526928,0.9906455020644399,26.970185346346177,0.9984103361005096,34.1076292478145,1.0,0.5852170883184187,0.984920398985962,33.48543018098318,0.8995385665830246,3852,5,0,0,10,1.9572649572649572,0.0,234,229,344.7766952966375,6.438969932050786,0.02732705612049711,-0.032369892048521254,-18.160999142712456,-0.009183945526775483,-0.0014338937384892336,0.16980514164074012,2571.4714527130127,0.9165296803652968,5,0,5,0,10,1.9572649572649572,0.0,7,0,234,229,224,1.5055750886316024,6.438969932050786,344.7766952966375,0.02732705612049711,10496,2.7248182762201454,21.08644859813084,285x285,81225,sparse,Meijering,418,7,82,3813,52.47418557956909,0.9974334197435267,44.68482634078661,0.9998442298389988,0.8301948583592599,0.6278921057931315,7,1,0.5,98,3558,55.357855087248694,0.9987749815246956,0.9999213808275522,48.23423180342247,0.619288833951164,0.8298150875470464,826,38.530573823563145,0.957807108534661,0.9955034059601445,29.705035711796157,0.6060095353718943,0.8202757502027574,-10.577197092972106,-0.042675017474712806,-18.98875539858591,-0.09789485316050217,True,0.5725850680512734,0.5639507136784644,0.799305774692332,45.13118448905863,0.9998294475912154,1_36
1_37.png,0.7453140414337389,0.7797688829341819,0.8762585866189894,0.911332941867293,0.8437839797027908,0.9890094007649652,25.721439179814475,0.9987059751582182,34.330748896603296,1.0,0.6321205588285577,0.9891320844112332,33.05504911181149,0.8971889580753063,3824,6,0,0,12,1.9493670886075949,0.0,237,231,346.6051224213839,6.350719399593047,0.029588061123052418,-0.037034264318822174,-19.276840153550154,-0.010821771797161595,-0.0011474954236950774,0.16714309736001343,3132.5228214263916,0.9274787535410765,6,0,6,0,12,1.9493670886075949,0.0,6,0,237,231,225,1.5004550754172434,6.350719399593047,346.6051224213839,0.029588061123052418,10650,2.785041841004184,21.240847280334727,285x285,81225,sparse,Meijering,447,6,82,3808,52.503793532583025,0.9976502842601916,44.55799207823301,0.9998534705819133,0.8328569026399866,0.6014809589154859,7,0,0.9166666666666666,98,3600,55.25903333635692,0.9987485224555619,0.999927040414578,47.99605648337628,0.603751716521024,0.8308232931726908,829,38.70323026561832,0.9597106987563752,0.995872749786806,29.966723258407114,0.6048822386731127,0.8100294021561582,-10.227243181629717,0.030639599913071747,-19.448744420771533,-0.10046132618488535,True,0.5757786889922759,0.5695211748024971,0.7823483057525611,44.99827933336463,0.9998311725621268,1_37
1_38.png,0.7118390422347854,0.7576578101201557,0.8621220874253804,0.9020753576465848,0.8255578093306288,0.990652760837955,26.542229286843,0.9987447328093122,33.91108784972272,1.0,0.5744129266933643,1.0650306994733798,33.2069656870106,0.9027568694983171,3857,6,4,8,12,1.9821428571428572,0.6666666666666666,224,222,344.0193359837568,6.258008700928518,0.044895538546041,-0.0427078755183129,-18.51151964473802,-0.00918911106801723,-0.001129282770301554,0.1797419804741981,2997.206449508667,0.8942604006163328,6,4,2,8,12,1.9821428571428572,0.6666666666666666,7,0,224,222,204,1.5496366485754787,6.258008700928518,344.0193359837568,0.044895538546041,10561,2.7381384495722063,21.059113300492612,285x285,81225,sparse,Meijering,436,7,82,3812,52.535668230507156,0.9975445914248859,44.48844919121072,0.9998740155796138,0.8202580195258019,0.5335012788171516,8,0,0.9285714285714286,98,3584,55.28366754974925,0.9987301442146552,0.9999365274632552,47.99894100258618,0.6441810814626581,0.8199267143604956,814,38.27109456447949,0.9601411877706196,0.9961451390531934,29.195163435661172,0.6453651699472635,0.7923607605586405,-10.577361341488,0.04091164787621271,-19.328702543496554,-0.09478772192656881,True,0.5584658888611408,0.5947833162458036,0.7545469177530983,45.05374893158102,0.9998418719059722,1_38
1_39.png,0.6980139195382787,0.7337440109514032,0.8464271614686142,0.8944513975803087,0.8032971150243536,0.990312837254045,27.85898318686193,0.9988036825438693,34.330366986784625,1.0,0.6028071441823737,0.9112830340556127,34.435649626298435,0.9077673132774869,3332,6,0,0,12,1.9433962264150944,0.0,212,206,323.1909088590106,6.485179417538193,0.04109246829949654,-0.019981449300623066,-15.995587754019535,-0.009447558027404046,-0.001008987756271451,0.13473564525298465,2475.3754138946533,0.9032193158953722,6,0,6,0,12,1.9433962264150944,0.0,6,0,212,206,200,1.568887907082573,6.485179417538193,323.1909088590106,0.04109246829949654,10042,3.0138055222088838,24.377250900360146,285x285,81225,sparse,Meijering,362,6,76,3288,51.46797519137263,0.9971017863511142,43.29276829255977,0.9998126703001408,0.8652643547470154,0.5376479066918036,7,0,0.9166666666666666,98,3288,55.48797548066969,0.9986963933383194,0.9999325495019581,48.159889994966846,0.5283077748428024,0.8651515151515151,4372,56.88783715645325,0.9987494136815422,0.9999498978304454,49.487188058715425,0.5228860844789656,0.8652025747822795,-8.962401305775145,0.06515923749057007,-17.032325565074196,-0.0893344730736273,True,0.5551419337770589,0.5058914257438583,0.7179953688389018,43.854570940881466,0.999760395281449,1_39
1_4.png,0.8088675853804673,0.8043414918414918,0.8915623738393217,0.8253849603827179,0.9692766853932584,0.9937985751587805,30.346718445670497,0.9988166334638667,35.97510885216154,1.0,0.7285561567878803,1.237441522787357,33.62585509810216,0.895154497779628,4348,4,0,0,8,1.9699248120300752,0.0,266,262,372.09040379562236,7.965557668442116,0.02472303624288921,-0.007736188204438332,-14.932970575563026,-0.006071710423636634,-0.001020271565150166,0.05928794875614485,3374.2356300354004,0.9307135470527405,4,0,4,0,8,1.9699248120300752,0.0,5,0,266,262,258,1.4201923808993193,7.965557668442116,372.09040379562236,0.02472303624288921,10718,2.4650413983440664,18.681002759889605,285x285,81225,sparse,Otsu,508,5,85,4317,52.84496777392572,0.9983409428017157,45.09331970599817,0.9998369050290169,0.9407120512438552,0.6581329408187211,6,0,0.9,98,3884,55.31011759514483,0.9990270187882504,0.9999035244598263,47.81652268067227,0.6615345748932577,0.9393623361144219,730,34.15169439805608,0.9292557653116759,0.9886936032511076,25.554774805889974,0.6671289163019205,0.9359498103297345,-9.11821085383663,0.07042321596915924,-19.21911267582356,-0.10318644502208774,True,0.5893442472476544,0.7292790427601061,0.8166037735849057,45.27968902123352,0.9998702855824171,1_4
1_40.png,0.7014243010374538,0.7330853701735742,0.8459887583035258,0.8920258620689655,0.8044703595724004,0.9903296994565107,27.300315363077708,0.9988331988284608,34.21832820420296,1.0,0.5893442472476544,0.9970539419115703,34.28271979394423,0.9065172768340556,3523,6,2,4,12,1.96,0.3333333333333333,200,196,311.29141392239893,6.230869528055191,0.03932568677495007,-0.03192039141441194,-16.94201551694085,-0.009483092228686707,-0.0010217798682590207,0.15847619047619044,3138.7133598327637,0.9066528066528067,6,2,4,4,12,1.96,0.3333333333333333,6,0,200,196,184,1.5882214996040733,6.230869528055191,311.29141392239893,0.03932568677495007,10187,2.8915696849276187,23.055634402497873,285x285,81225,sparse,Meijering,410,6,79,3483,52.04664306355313,0.9975047939244583,43.607056160491695,0.9998549786967198,0.8415238095238096,0.6028071441823737,6,0,1.0,98,3368,55.506928239154504,0.9987599469478124,0.9999393901142186,48.06393059643746,0.5934303402594009,0.8454475899005356,4147,56.358410568365656,0.9985652133763033,0.999944833530632,48.71393333718465,0.5961317898204401,0.8468036091380303,-9.388727956288733,-0.013462896934719248,-17.763923269608895,-0.09098751709040276,True,0.5484187650774077,0.5468030915387048,0.7333446924518657,44.24233088001856,0.9998127916851974,1_40
1_41.png,0.7003533568904594,0.7454841040462428,0.8541860705784953,0.8981501632208923,0.8143251775848461,0.9905658989006287,27.780125999196876,0.9986428244989247,33.85437570602231,1.0,0.569726115919881,1.0628283063323847,34.20078066109022,0.9064391326701653,3235,5,0,0,10,1.9494949494949494,0.0,198,193,290.97770542341425,6.469373163550791,0.03356489684989332,-0.024342295283453663,-15.6479862627261,-0.009191688420387423,-0.0011613243409451801,0.14131076559732336,2150.59494972229,0.8950093186995237,5,0,5,0,10,1.9494949494949494,0.0,6,0,198,193,188,1.5076565047845263,6.469373163550791,290.97770542341425,0.03356489684989332,9949,3.0754250386398763,25.108191653786708,285x285,81225,sparse,Meijering,320,6,75,3216,51.27196706994659,0.9971672092765222,42.81740458097161,0.9998041488398699,0.8586892344026766,0.514636479918227,7,0,0.9166666666666666,97,3090,55.02295874755713,0.9985656285248833,0.9999238719791884,47.35793532139948,0.49770688163629895,0.8627024891347294,4531,57.61728863931619,0.9987597822897258,0.9999583270073352,50.41436110981576,0.5639507136784644,0.8609141055949566,-8.963028874949302,0.05508963600165395,-17.07118640885637,-0.09072807660635696,True,0.5427385723972741,0.5768379176822511,0.7246956521739131,43.428112261922976,0.9997575873210162,1_41
1_42.png,0.7091514726507714,0.7533488122879085,0.8593256595701334,0.8938334392879848,0.8273832875637505,0.9924414739683983,28.081038954556362,0.9988410528334811,34.51402855586379,1.0,0.5363250117609503,0.8963184517058133,34.51307655689638,0.9087283367121445,3487,7,0,0,14,1.9333333333333333,0.0,210,203,308.80613254816035,6.38715272630964,0.03225523893155044,-0.021663772606449583,-16.006770189719724,-0.007369643161939776,-0.0009974241671584227,0.1541374739632645,2629.6942234039307,0.8894938495664448,7,0,7,0,14,1.9333333333333333,0.0,7,0,210,203,196,1.5212124756066985,6.38715272630964,308.80613254816035,0.03225523893155044,10135,2.9065098938915974,23.293662173788356,285x285,81225,sparse,Meijering,390,7,78,3487,51.75721857412796,0.9974714472849797,43.5540790929779,0.9998384770006395,0.8458625260367355,0.5034146962085904,8,0,0.9285714285714286,98,3368,55.531250317499754,0.9987437121374529,0.9999386946614321,48.2116178749148,0.4996763049867655,0.8453996983408748,4159,56.49161692428724,0.9987288591427075,0.9999435275564692,48.87483962485584,0.5009255520148639,0.8473065250379362,-9.040050537114112,0.0329103155523599,-17.24414201723158,-0.08874311057283524,True,0.5415939886947765,0.4854406854000778,0.730815245257221,44.087809144276086,0.9998111171303381,1_42
1_43.png,0.7172587011123072,0.7514513788098693,0.8580899109177543,0.8949870354364736,0.8241146040588938,0.9907795684373732,27.58855827632847,0.9987417889660449,33.93238892502247,1.0,0.581048450752361,0.8857031075062957,34.26894197214423,0.9027340631978064,3267,5,0,0,10,1.9519230769230769,0.0,208,203,299.0487732352795,6.375220528015723,0.026981126237163287,-0.020927539332446177,-15.891057255081222,-0.009010662458070806,-0.0010786853785961226,0.1500096283458502,2136.904001235962,0.9013471502590673,5,0,5,0,10,1.9519230769230769,0.0,6,0,208,203,198,1.473146666183641,6.375220528015723,299.0487732352795,0.026981126237163287,10097,3.0906029996939086,24.862258953168045,285x285,81225,sparse,Meijering,330,6,75,3244,51.20004933807877,0.9970206110350233,42.91178656453884,0.999820474344641,0.8499903716541498,0.45362211439247135,9,0,0.75,97,3196,54.86182440127935,0.9985264713600344,0.9999282337257349,47.40010271685669,0.4376076581879558,0.8538565629228687,4394,57.08964153544338,0.9990194770047578,0.9999514115405987,49.278785036582946,0.4753374578934072,0.8542471042471043,-8.979397639516371,0.12742633635988965,-16.931107365934537,-0.0942865478372169,True,0.5415939886947765,0.4796914787936931,0.7381862404447533,43.47961553140969,0.999790230895444,1_43
1_44.png,0.7238012205754141,0.7791585300905379,0.8758730792257036,0.9036442248301421,0.8497579864472411,0.9918621122400568,27.560747710349283,0.9988411148890655,34.21607295941066,1.0,0.5376479066918036,1.0948470986774659,33.96839123871091,0.906144699621921,3613,6,0,0,12,1.9423076923076923,0.0,208,202,313.6051224213836,6.381410378676194,0.04014310981465826,-0.018403584331725176,-16.67093685170358,-0.007967527558361609,-0.0010132880301357838,0.14323160456843287,2706.9625854492188,0.8940083053193593,6,0,6,0,12,1.9423076923076923,0.0,7,0,208,202,196,1.5525006060464512,6.381410378676194,313.6051224213836,0.04014310981465826,10361,2.86769997232217,22.481317464710767,285x285,81225,sparse,Meijering,390,7,79,3564,51.846112361018506,0.9974305309867285,43.86508488256866,0.9998544029192012,0.8567683954315671,0.5768379176822511,6,0,0.9285714285714286,98,3540,55.34179044290941,0.9987765687715701,0.9999380760105555,47.94440505007611,0.5215209526034587,0.8557009345794393,3871,55.50079599129083,0.9983100574344945,0.999936532997649,47.98398833611807,0.5283077748428024,0.8572497661365762,-9.649011923158,-0.0391900109904475,-17.877721122307598,-0.0912858313648075,True,0.5517929553094552,0.6041289161912216,0.7422048049071392,44.23168456205286,0.9998296397984184,1_44
1_45.png,0.7221552762954037,0.7654277699859747,0.8671300893743794,0.8968775677896467,0.8392925797770089,0.9907703900693638,27.409110341534266,0.9988119928634039,34.25256983567849,1.0,0.5934303402594009,0.8971498610576754,33.938689512782595,0.9033901592879123,3724,6,0,0,12,1.9431279620853081,0.0,211,205,314.11984104714526,6.433457166662714,0.045136868971712575,-0.025031016330163247,-17.280196458860523,-0.009066385593360704,-0.0010511435739515296,0.14978864179378792,3100.196123123169,0.904293028751477,6,0,6,0,12,1.9431279620853081,0.0,6,0,211,205,199,1.5322919075470467,6.433457166662714,314.11984104714526,0.045136868971712575,10223,2.7451664876476904,21.81122448979592,285x285,81225,sparse,Meijering,451,6,81,3671,52.44940057182055,0.9972545270621946,44.225908276909436,0.9998631364373555,0.8502113582062121,0.6259378553979174,6,0,1.0,98,3394,55.44052061779162,0.9987968852719863,0.9999344958596194,47.963662510173705,0.5583081699447467,0.8445737138702054,3822,55.53713148140079,0.9983511569685071,0.9999341087617132,48.08377565391857,0.5719740389459022,0.8541436464088398,-9.973338441230943,-0.03250751513851646,-18.510711059037952,-0.09386436777428231,True,0.5693674049076511,0.5108078882036684,0.7471862926255669,44.68930680039479,0.9998367756627246,1_45
1_46.png,0.7299506214881661,0.784045682644056,0.8789524733268671,0.9029493822239936,0.8561980347694633,0.9915923503874849,28.09346329535286,0.9986837729060026,34.44367322708656,1.0,0.5532313079337227,0.893781605085859,34.46915669874109,0.9058813761506928,3806,5,0,0,10,1.9523809523809523,0.0,210,205,319.4335495461297,6.437667814890544,0.030131715497334944,-0.011637311546808138,-16.85566547876336,-0.008245337487098214,-0.0011759564909690212,0.1438418284055868,2854.5901775360107,0.9000576590428598,5,0,5,0,10,1.9523809523809523,0.0,7,0,210,205,200,1.558212436810387,6.437667814890544,319.4335495461297,0.030131715497334944,10144,2.6652653704676825,21.341303205465056,285x285,81225,sparse,Meijering,424,7,82,3750,52.56673906831193,0.9974162701403302,44.51781710551803,0.9998597293969717,0.8561581715944132,0.5296535434725775,7,0,1.0,98,3418,55.46707775759852,0.9988443104242323,0.9999278285000512,47.85094913086735,0.5920728468281516,0.8567552902875746,821,38.46187978445505,0.9564603681131688,0.9952813273443885,29.33432164593606,0.5108078882036684,0.8382197103496998,-10.074143878431464,0.023577764461145123,-18.097582369570844,-0.09153489398963743,True,0.5562526899189202,0.4971684220290591,0.7415879330349743,44.94912877411622,0.9998376878745832,1_46
1_47.png,0.7622259696458684,0.8097544102386718,0.8948776758409785,0.9121371517631015,0.8782592384168073,0.9915041933189066,27.371608901630392,0.9986584256704621,34.396569452090446,1.0,0.5768379176822511,0.8728704979407349,33.85349869911679,0.9024362312228293,3615,6,0,0,12,1.9473684210526316,0.0,228,222,340.6051224213838,6.438782564380713,0.03327868026000461,-0.026869688205910847,-16.907938768971537,-0.008316663654384548,-0.0011700552759389415,0.1521291208791209,2266.1659717559814,0.9091247672253259,6,0,6,0,12,1.9473684210526316,0.0,7,0,228,222,216,1.5342573082044286,6.438782564380713,340.6051224213838,0.03327868026000461,10290,2.8464730290456433,22.46887966804979,285x285,81225,sparse,Meijering,350,7,79,3570,51.97388340207532,0.9977146924080675,43.96087623842472,0.9998284809464011,0.8478708791208791,0.5484187650774077,8,0,0.9285714285714286,98,3418,55.391586316664984,0.9988010062567462,0.9999246254307791,47.99421652193075,0.5110795861204792,0.8470123626373627,3927,55.531250317499754,0.9984888702979525,0.9999260998973404,48.04120338144947,0.5617650075350508,0.8459691252144083,-9.56430678633427,0.0284191526048434,-18.120384702958532,-0.0952784611852382,True,0.5639507136784644,0.49225594026255404,0.7890956578517793,44.27954767060193,0.9998208569732911,1_47
1_48.png,0.7547557840616966,0.7953318237240898,0.8859998059571166,0.9099242726185731,0.8633011911514464,0.9907592423897463,27.059133960237247,0.9987414300110206,34.10028826655952,1.0,0.6158286748567638,0.9136342370132492,33.617233744348354,0.900539443324703,3661,6,0,0,12,1.9433962264150944,0.0,212,206,336.9188309203684,6.489390166300647,0.045399659267660805,-0.0012171933645679367,-17.07506002109664,-0.00907114516246843,-0.0011086015189786247,0.13536804308797123,2641.9568061828613,0.9139784946236559,6,0,6,0,12,1.9433962264150944,0.0,6,0,212,206,200,1.6355283054386793,6.489390166300647,336.9188309203684,0.045399659267660805,10347,2.826276973504507,22.186561048893743,285x285,81225,sparse,Meijering,392,6,79,3605,51.863631628187136,0.9976864342990803,43.77017270513424,0.9998500315299992,0.8646319569120288,0.4921148806552552,8,0,0.8333333333333334,98,3572,55.417845000982,0.9988416559147726,0.9999317471561022,47.96606610805955,0.47138769573400274,0.8660537227330088,3966,54.90104261453485,0.9978926940156175,0.9999264700819886,47.523599435378394,0.47795422323898396,0.8659328762179719,-9.669884438574726,0.12371379420150863,-18.24639788383878,-0.09714699097437729,True,0.5617650075350508,0.5132477440400283,0.7559729774262646,44.13419398133389,0.9998303875522148,1_48
1_49.png,0.756989625461579,0.7903622933520928,0.8829076620825146,0.8993396037622573,0.8670654061354428,0.9919202744980326,28.09636548724656,0.9986379326441859,34.19887462383983,1.0,0.5583081699447467,1.015796391847462,34.58053949812874,0.9087874372374474,3792,5,0,0,10,1.9523809523809523,0.0,210,205,324.19090885901056,6.49033682005746,0.046700101849414345,-0.001596233124279589,-17.295106551491195,-0.007947513233788173,-0.0012436316067440112,0.14265025343953652,2920.0315475463867,0.9171065493646139,5,0,5,0,10,1.9523809523809523,0.0,7,0,210,205,200,1.581419067604927,6.49033682005746,324.19090885901056,0.046700101849414345,9940,2.621308016877637,21.42009493670886,285x285,81225,sparse,Meijering,424,7,83,3764,53.09956864921062,0.998077138528696,44.974372096594884,0.9998815642509299,0.8573497465604635,0.5156754310446374,8,0,0.9285714285714286,98,3376,55.596981988811116,0.9988815392760875,0.9999291254415461,47.93371068480842,0.5156754310446374,0.8597317868793041,3825,55.65434218787651,0.9984578277488572,0.9999275453542992,47.89649584853082,0.5120293410309519,0.8614435981138919,-10.775497472755056,0.042632738900109324,-18.519029151081874,-0.08928970129124858,True,0.5562526899189202,0.5650394753750843,0.7585858585858586,45.39147203873775,0.9998677877318207,1_49
1_5.png,0.8002053689306147,0.804375989635814,0.8915835660151575,0.8229749631811487,0.9726718885987815,0.9938736631447903,30.238054799968772,0.9986215885458888,35.4276296677697,1.0,0.73071904444755,1.1064390784960763,33.15435755315349,0.8927026707196967,3932,4,0,0,8,1.9705882352941178,0.0,272,268,379.40411229460716,7.921073347330093,0.02469047891031125,-0.015399584075502015,-13.784205912519809,-0.005950424216369599,-0.0011523783408992072,0.06032584764420956,2544.2283153533936,0.9252566141390777,4,0,4,0,8,1.9705882352941178,0.0,5,0,272,268,264,1.4156869861739045,7.921073347330093,379.40411229460716,0.02469047891031125,10856,2.7609359104781284,20.657426246185146,285x285,81225,sparse,Otsu,394,5,79,3878,51.36419114707975,0.9976427667807403,43.75133757802588,0.999773966886788,0.9396741523557904,0.5682894765709203,8,0,0.7,98,3826,55.27507122542869,0.9989600514300396,0.9999042413738951,48.01032497142019,0.6104866512891383,0.9391138497652582,825,35.83235419547908,0.9539008993445478,0.9912984666602378,27.25486581312547,0.5628592266723857,0.934892449833983,-8.323707910256182,0.16242956787662965,-18.209833593926263,-0.1049400960610436,True,0.5778945016078345,0.6394050598269216,0.8156049530061167,44.02226071248858,0.9998240873611599,1_5
1_50.png,0.7390854184641933,0.7760070052539405,0.8738783157479538,0.8973268529769137,0.8516240630405535,0.9912196778011402,27.6621533403835,0.9987457377411708,34.052292497035424,1.0,0.5363250117609503,0.8347259023528745,33.69807547704921,0.903263938018331,3379,6,0,0,12,1.9428571428571428,0.0,210,204,307.70562748477187,6.419852997007824,0.03324057705678864,-0.021387554508779716,-15.605760479316753,-0.008555815127456512,-0.0010613067188484093,0.14042475283778832,2220.8211421966553,0.8984329657573998,6,0,6,0,12,1.9428571428571428,0.0,7,0,210,204,198,1.5083609190429972,6.419852997007824,307.70562748477187,0.03324057705678864,10161,3.0071026931044686,24.03817697543652,285x285,81225,sparse,Meijering,332,7,75,3343,51.13752268061934,0.9971648226355172,42.907560510025476,0.9998070444600192,0.8595752471622117,0.49338300763441045,9,0,0.8571428571428572,97,3308,54.96685964909106,0.9987490938573714,0.9999221959915714,47.273958147879604,0.5095833779240939,0.8613499176879459,4357,56.62223325758761,0.9986888062617506,0.9999477238342642,49.03920501506266,0.5608249256803639,0.861518708730741,-8.855268012990052,0.04294200412653981,-17.439447203570133,-0.09390088461718615,True,0.5506710358827784,0.45965937732684437,0.760472972972973,43.267913819700254,0.9997754929285967,1_50
1_51.png,0.7511396251899375,0.7771311194796303,0.8745906376420729,0.8942288753200709,0.8557964184731386,0.9911982465636483,27.499533104481912,0.9987977268797915,34.443826768175214,1.0,0.6119676888501281,1.1027149323526293,34.051789639406906,0.9062251749933969,3695,5,0,0,10,1.9559471365638768,0.0,227,222,325.5340546095181,6.4828998842953585,0.03223684008455679,-0.017775523341163724,-17.271523646830644,-0.008642367170214937,-0.001068089980615361,0.1393298059964727,2643.444538116455,0.9103578154425612,5,0,5,0,10,1.9559471365638768,0.0,6,0,227,222,217,1.4663696153581876,6.4828998842953585,325.5340546095181,0.03223684008455679,10238,2.7707713125845737,21.982408660351826,285x285,81225,sparse,Meijering,409,6,81,3676,52.520803433755404,0.9974283497231264,44.39578666671079,0.9998658168604069,0.8606701940035273,0.6429930394308526,6,0,1.0,98,3432,55.36689994793478,0.9988133663286436,0.9999290550832157,47.842877817519486,0.6246889011486004,0.8566170026292725,3827,55.311793545057206,0.9984019704553904,0.9999278673878063,47.64415655589056,0.6246889011486004,0.8592318534179,-9.951959898535577,-0.03102535058072453,-18.4690137943485,-0.0912031747297295,True,0.5584658888611408,0.6158286748567638,0.7689151485311012,44.77105675131256,0.9998406137338632,1_51
1_52.png,0.7179188829787234,0.765953864286917,0.8674675819984745,0.8877829820452772,0.8480611483967189,0.9917523258534788,27.2164467942499,0.9987234387179335,33.66671611573094,1.0,0.5083558025390349,0.8322886625085334,32.93360357075353,0.9026324349852247,3567,6,0,0,12,1.9433962264150944,0.0,212,206,319.0193359837566,6.355137534861295,0.03589606837254551,-0.03032716042150496,-16.385954100057763,-0.008047886802793336,-0.0011153140547276452,0.1609901685393258,2260.619640350342,0.8819910514541387,6,0,6,0,12,1.9433962264150944,0.0,8,0,212,206,200,1.548637553319205,6.355137534861295,319.0193359837566,0.03589606837254551,10490,2.940846649845809,22.771236333052986,285x285,81225,sparse,Meijering,336,8,77,3536,51.37072528059518,0.9973376439619704,43.23098841336866,0.9998387527726611,0.8390098314606742,0.46918054943798615,9,0,0.9375,97,3408,54.70888626332403,0.9986742223092371,0.9999261392211689,47.205317287535976,0.5108078882036684,0.8399014778325123,3973,54.87923910963567,0.997909378826132,0.9999311049819392,47.48245513015594,0.5046546089313777,0.8417532124625946,-9.564272297637714,0.039175253101048746,-18.437121709841648,-0.09470520897674573,True,0.5693674049076511,0.47387803590654354,0.7482460434002284,43.602400894307664,0.9998002126562722,1_52
1_53.png,0.6923740510697033,0.7370763437179049,0.8486401261332281,0.891511387163561,0.8097028958254983,0.9918675560919714,27.33148487463103,0.9988494261065044,34.22479420442007,1.0,0.47270757595695145,0.7133954792416204,33.949394798299316,0.9091749151726366,3584,7,0,0,14,1.9289340101522843,0.0,197,190,293.3919189857871,6.273951653901696,0.03422586233941181,-0.024234543587671853,-16.982667089122074,-0.007941849467023365,-0.0010025609137315206,0.16663567044820526,2772.4039554595947,0.885696945174995,7,0,7,0,14,1.9289340101522843,0.0,8,0,197,190,183,1.544167994662035,6.273951653901696,293.3919189857871,0.03422586233941181,10216,2.8504464285714284,22.663225446428573,285x285,81225,sparse,Meijering,379,8,79,3553,52.01096000551758,0.9974313291662225,43.80984564770216,0.9998519870202359,0.8333643295517947,0.4129981295645073,11,1,0.3125,98,3516,55.53595461131188,0.9988539299662487,0.9999388622835281,47.93564149736129,0.3845826020024342,0.833271375464684,3959,55.84720136680041,0.9984345943452438,0.999937380073825,48.16782654576815,0.4462882924201145,0.8334880267310191,-9.58505144328209,0.05970944639244413,-18.061565207218266,-0.08825641399358586,True,0.5650394753750843,0.403096607325642,0.7166085946573751,44.314151963753105,0.9998094055589948,1_53
1_54.png,0.6594484858737946,0.700151950025325,0.8236345580933465,0.8808411214953271,0.7734054457292056,0.9913828816250457,26.294596511324826,0.9987871330061296,33.79272812260523,1.0,0.4674081989931028,0.7184041302553689,33.2761899002942,0.9078557841485934,3575,7,0,0,14,1.9282051282051282,0.0,195,188,288.8772003600256,6.328965759277343,0.029663423595635532,-0.05688578147415335,-17.794405456039385,-0.008418770406773746,-0.0010746417406869435,0.18268156424581006,2821.1419582366943,0.8721881390593047,7,0,7,0,14,1.9282051282051282,0.0,8,0,195,188,181,1.536580852978858,6.328965759277343,288.8772003600256,0.029663423595635532,10501,2.9373426573426573,22.72027972027972,285x285,81225,sparse,Meijering,377,8,79,3561,51.911123735103175,0.997600264227359,43.53400980126669,0.9998617747468166,0.8173184357541899,0.4367321448779953,10,1,0.375,98,3518,55.24415456147991,0.9987244289145778,0.99994301323673,47.833139736988805,0.5058914257438583,0.8201156932263483,3841,54.807755917281504,0.9976472167710756,0.9999341808751154,47.42093593435557,0.42650152412428466,0.8179616172908515,-9.741281678661458,0.030676054115107543,-18.634933834808976,-0.08974448007876568,True,0.5693674049076511,0.40903589531843754,0.7163342673479479,44.08900196736421,0.9998016520318195,1_54
1_55.png,0.608659171001846,0.6434985034918523,0.783083771752327,0.8607651245551602,0.7182628062360802,0.9916667050932506,27.38888286840066,0.9989431561539764,33.991789887299355,1.0,0.44149963112577373,0.7176126088547009,33.87353467552108,0.9144397765570602,3312,6,0,0,12,1.9318181818181819,0.0,176,170,263.3208511739215,6.412239837375554,0.03622236541214623,-0.0326307226151753,-16.333963196510393,-0.0081036237501525,-0.0009085483867707911,0.16843393148450247,2462.373733520508,0.8620689655172413,6,0,6,0,12,1.9318181818181819,0.0,8,0,176,170,164,1.548946183376007,6.412239837375554,263.3208511739215,0.03622236541214623,10280,3.103864734299517,24.52445652173913,285x285,81225,sparse,Meijering,330,8,76,3297,51.43432436435219,0.9970447930269345,42.891499961836566,0.9998517045407472,0.8315660685154975,0.4198359928377463,9,0,0.9375,97,3272,54.86510009884101,0.9985286817643608,0.9999358411893929,47.14011975385168,0.4133537804899683,0.8316710767351924,4397,56.6658965754279,0.9984792722533073,0.9999589924524788,49.1764011825817,0.4015027407342352,0.8317356720375281,-8.89971007453721,0.02166363828802742,-17.560789688831115,-0.08260501646987428,True,0.5650394753750843,0.40547945202980573,0.6412898936170213,43.72284606491105,0.9997703288434031,1_55
1_56.png,0.6437392795883362,0.6777571356189833,0.80793235353332,0.8760096048897621,0.7496730805155988,0.992349486022957,28.401018340878363,0.9989677815274896,34.74924598852655,1.0,0.48055793741295183,0.7822574676381198,34.74177097552716,0.9157821910190266,3561,8,0,0,16,1.9211822660098523,0.0,203,195,301.63455967290645,6.3439345030949035,0.04445053713654568,-0.015431135204267532,-16.290317845198576,-0.007459033015340233,-0.0008993785441320234,0.1653354632587859,3225.555658340454,0.8746808510638298,8,0,8,0,16,1.9211822660098523,0.0,8,0,203,195,187,1.5468438957584922,6.3439345030949035,301.63455967290645,0.04445053713654568,10233,2.87363100252738,22.80960404380792,285x285,81225,sparse,Meijering,413,8,80,3515,52.3407838256799,0.9972348054759643,43.86685222589943,0.9998671600716216,0.8346645367412141,0.504831486412472,7,0,0.9375,98,3366,55.39414810624418,0.998721333319017,0.9999391233643375,47.8874687125721,0.5019938522443693,0.8357671534306861,3986,56.29593631188683,0.9985037283346859,0.9999444988046132,48.70571492910155,0.5132477440400283,0.8361638361638362,-9.117606237372875,-0.024273548999520167,-17.59901285015274,-0.08145261445693774,True,0.5736522708218472,0.44874377267795507,0.6591704147926037,44.69133618607694,0.9998085190382973,1_56
1_57.png,0.6226716338477913,0.6501667544321573,0.7880012764599511,0.8721450435601601,0.7186651144741948,0.9914661306217313,27.043493406672894,0.9990376142037609,33.962123458500955,1.0,0.44705680264722325,0.7257565507227041,34.224620009374945,0.9163796154143656,3289,7,0,0,14,1.92,0.0,175,168,266.2497833620562,6.412654650551932,0.04325432206740606,-0.048290565464923385,-16.65964788626983,-0.008299172673453814,-0.0008160378312742633,0.1867160189183632,2594.9108600616455,0.8886087554435022,7,0,7,0,14,1.92,0.0,8,0,175,168,161,1.5848201390598555,6.412654650551932,266.2497833620562,0.04325432206740606,9973,3.032228640924293,24.695956217695347,285x285,81225,sparse,Meijering,327,8,76,3277,51.44222552251779,0.9971742069530385,42.82498641044601,0.9998536520350352,0.8132839810816368,0.48829142221345756,8,2,0.0,97,3244,54.924744669678844,0.9985631955401938,0.9999402111420902,47.17789054839606,0.4818549206648426,0.8117550349362926,4393,57.10734721735402,0.9985222552892137,0.9999688446277195,50.070729834407,0.4753374578934072,0.8132455779514604,-8.862862951945054,-0.04123461956623431,-17.217605513142843,-0.08079459153867286,True,0.5495463081486133,0.3988368330643338,0.6709621993127147,43.703141292942725,0.9997653032951851,1_57
1_58.png,0.5884431878423749,0.6257506181561285,0.7697990222705052,0.876980198019802,0.6859632139399806,0.9910615067468691,28.19427991361529,0.9988885042491907,34.697301719739926,1.0,0.42160601062199166,0.7407580765168091,35.74351183407139,0.925397358364925,3024,7,0,0,14,1.9156626506024097,0.0,166,159,247.93607486307127,6.262437366577516,0.05050044646060825,-0.05177027402713785,-15.961666526066395,-0.008639249250898207,-0.0009283815067199219,0.19056847545219635,2267.2009468078613,0.8741658722592945,7,0,7,0,14,1.9156626506024097,0.0,8,0,166,159,152,1.5593463827866096,6.262437366577516,247.93607486307127,0.05050044646060825,9329,3.0849867724867726,26.860119047619047,285x285,81225,sparse,Meijering,318,8,75,3013,51.93596477623208,0.9970858879581636,43.06789708861383,0.9998168857559107,0.8094315245478036,0.4991399566067851,7,1,0.4375,97,2892,55.24085507807787,0.9985038969901068,0.999926466147826,47.352449308396345,0.4991399566067851,0.8093093093093093,4650,58.73350667088032,0.9990141709438906,0.9999753384858211,52.24947384096048,0.5019938522443693,0.8090419806243272,-8.370595368873907,-0.07753394598479346,-16.192452942160692,-0.07168852959323857,True,0.5562526899189202,0.41204867264164036,0.6402134618695128,44.155946439681685,0.9997007559977673,1_58
1_59.png,0.6195459382759844,0.6535474761736675,0.7904792400469633,0.8795724465558195,0.7177747625508819,0.9912867665307016,27.585028818068984,0.9989315739320416,34.48079551064125,1.0,0.44705680264722325,0.7366763600564568,35.019357328708935,0.9199862768397403,3181,8,0,0,16,1.9125683060109289,0.0,183,175,272.07821048680233,6.174858484111849,0.049132244354834,-0.034080511438400296,-16.572945861782152,-0.00847358469509174,-0.0009090430673223127,0.17789072426937735,2391.9167518615723,0.8800551470588235,8,0,8,0,16,1.9125683060109289,0.0,8,0,183,175,167,1.554732631353154,6.174858484111849,272.07821048680233,0.049132244354834,9707,3.0515561144294248,25.534423137378184,285x285,81225,sparse,Meijering,333,8,76,3161,51.853413968614234,0.9972651495862991,43.294405565172994,0.9998406169993639,0.8221092757306226,0.41725174762601036,9,1,0.4375,97,3078,55.12585375412524,0.9985346710330534,0.9999314851220632,47.60486024730441,0.4028312579667416,0.8207885304659498,4491,57.86206075749665,0.9988972183606779,0.9999709743911626,50.949397758813724,0.4081159024577764,0.8219584569732937,-8.813610054531743,0.02980505502121289,-16.8340566399053,-0.07727887274655876,True,0.5450191732818265,0.4015027407342352,0.6536264497143847,44.15797467985114,0.9997603512257933,1_59
1_6.png,0.796369492021666,0.8040229885057472,0.8913666772857599,0.8240318068031218,0.9706851691240242,0.9937229941597274,30.840568169768694,0.9985368765450239,35.73723732168217,1.0,0.7230726274129828,1.4194145161514864,33.88357415041767,0.897719608966158,3850,4,2,4,8,1.984251968503937,0.5,254,252,370.33304448274157,7.944262433239794,0.02343965705005655,-0.02003325670854017,-13.33182857106307,-0.006073098758454298,-0.0012030738065734736,0.06614843062481668,2440.270185470581,0.9173756308579668,4,2,2,4,8,1.984251968503937,0.5,5,0,254,252,242,1.4695755733442104,7.944262433239794,370.33304448274157,0.02343965705005655,10644,2.764675324675325,21.0974025974026,285x285,81225,sparse,Otsu,376,5,79,3803,51.48252675523766,0.997629292254041,43.879838427413695,0.9997399503515974,0.9338515693751833,0.6604044743550609,6,0,0.9,98,3630,55.31570661183412,0.9989091932546272,0.9998867046861385,48.08689975627904,0.6649023621432284,0.9329715459078909,800,35.85382100929928,0.9519919619184718,0.9898690817281086,27.06018803987948,0.6726307913802724,0.9213709677419355,-8.142601105731522,0.06266815305792195,-17.598952604819985,-0.09990968328788297,True,0.5768379176822511,0.8187721138247834,0.8164027487302061,44.172396740831765,0.9997960929181817,1_6
1_60.png,0.6312228967909801,0.660013884068032,0.7951907997909045,0.8823665893271462,0.7236917221693625,0.9903460035121968,27.950426476374428,0.9988777936778191,34.67334882255122,1.0,0.49482841889894713,0.8494816960275559,35.12127892483964,0.9185972463946509,3252,6,0,0,12,1.9329608938547487,0.0,179,173,272.14927829866764,6.2764152148582415,0.04692166850984193,-0.023593422829808808,-16.47119339326777,-0.009412426877811186,-0.0009693873378860962,0.14534761604704893,2745.5241680145264,0.8907018328118015,6,0,6,0,12,1.9329608938547487,0.0,7,0,179,173,167,1.5731172155992337,6.2764152148582415,272.14927829866764,0.04692166850984193,9622,2.9587945879458792,24.976937269372694,285x285,81225,sparse,Meijering,361,7,77,3224,52.14294231236698,0.9973440544823976,43.57758457992478,0.9998471810157052,0.8546523839529511,0.4607090188331985,8,0,0.9285714285714286,98,3188,55.64377430497811,0.9987247212586207,0.9999352602515325,48.08370071092888,0.44149963112577373,0.8540917741594417,4365,57.60922021866606,0.9989586389783403,0.9999587848284538,49.97000621610312,0.4107406613287725,0.8539609161588569,-8.904235757373563,0.03411940006574865,-17.02166338752734,-0.0787468080877467,True,0.5517929553094552,0.4687380155323333,0.6548163196207889,44.4216198696422,0.999758430390008,1_60
1_61.png,0.6325509147393855,0.6791341991341991,0.808909972156337,0.891768985902683,0.7401396489903755,0.9917561154390911,27.992333241903825,0.9988931340343798,34.694214374673216,1.0,0.4687380155323333,0.8114085827705215,35.03912626490098,0.9206620131004712,3598,6,0,0,12,1.9384615384615385,0.0,195,189,284.2203461105333,6.204261703980275,0.040065595469586525,-0.02678051479194321,-17.51537940805117,-0.008064595162543986,-0.000992059960119307,0.15439967105263153,3278.5205841064453,0.8883495145631068,6,0,6,0,12,1.9384615384615385,0.0,8,0,195,189,183,1.5038113550821846,6.204261703980275,284.2203461105333,0.040065595469586525,9885,2.747359644246804,22.575041689827682,285x285,81225,sparse,Meijering,439,8,82,3560,53.06079657509366,0.9975687238321644,44.71358459477189,0.9998851939944992,0.8456003289473685,0.4818549206648426,8,0,1.0,98,3284,55.43821895768129,0.9986129528909194,0.9999358444321694,47.94522900355421,0.4946479682557141,0.8451137062077443,3979,56.5063051764519,0.998479718496817,0.9999481791334247,48.99069057022778,0.4363565077761259,0.8460748047677764,-10.019370220098672,-0.013116905132509293,-18.021670310192683,-0.0769067107316932,True,0.5661255185670091,0.4593591046906834,0.6593314295313287,45.507712649954996,0.9998207106016351,1_61
1_62.png,0.6470488178261609,0.6797945205479452,0.8093781855249745,0.8877459749552773,0.7437242412888723,0.99115899419966,27.91506377168608,0.9987712641855033,34.85904754127773,1.0,0.47795422323898396,0.7880546371992052,35.289994256920934,0.9220072395164621,3259,7,2,4,12,1.9484536082474226,0.2857142857142857,194,189,286.80613254816024,6.211226109376888,0.044702699721391265,-0.04977473115105513,-16.709672621212896,-0.008600617722562709,-0.001064341608769781,0.18558103381267,2463.300943374634,0.8859893048128342,7,2,5,4,12,1.9484536082474226,0.2857142857142857,8,0,194,189,178,1.5174927648050782,6.211226109376888,286.80613254816024,0.044702699721391265,9789,3.0036821110770173,24.923289352562136,285x285,81225,sparse,Meijering,346,8,77,3211,52.21108430410847,0.9974778480093327,43.80545613334313,0.9998356057942731,0.81441896618733,0.5402823844057392,7,1,0.4375,97,3034,55.075027374532084,0.9985142655936426,0.9999211267441173,47.53718838305878,0.5009255520148639,0.8160807923868713,4322,57.2805709545336,0.9987392131034168,0.9999522302651022,49.76019595489899,0.4857264722933681,0.8155132192846034,-8.946408592065396,-0.062328161166755214,-16.921090047187533,-0.07547060849287057,True,0.5584658888611408,0.44010163343459796,0.696823548977216,44.624736392898974,0.9997596119222227,1_62
1_63.png,0.596509417660273,0.6333106034776679,0.7754931635528651,0.8828422053231939,0.6914200632793598,0.9911413690054042,27.57875220620473,0.9990394675840867,34.82409075824692,1.0,0.44705680264722325,0.7574131921072053,34.974389114314405,0.9226070077238661,3388,8,0,0,16,1.9125683060109289,0.0,183,175,272.4924240491754,6.175245261583172,0.04973563883388249,-0.04281567422078281,-17.267302979969013,-0.008635693868507266,-0.0008233826270026556,0.1972065874504899,3014.277696609497,0.8650958650958651,8,0,8,0,16,1.9125683060109289,0.0,8,0,183,175,167,1.557099565995286,6.175245261583172,272.4924240491754,0.04973563883388249,9930,2.9309327036599764,23.974321133412044,285x285,81225,sparse,Meijering,393,8,79,3330,52.44867798811772,0.99761254188281,43.84577566968935,0.9998628502110893,0.8027934125495101,0.4425845489422138,9,2,0.0,98,3244,55.56458400225339,0.9986856790111499,0.999943230301794,48.14631229610025,0.3934693402873666,0.799917149958575,4124,56.72854645211433,0.9985121495026292,0.9999581168553907,49.370569000978705,0.36063048900856354,0.8026260942059191,-9.021684911442435,0.004472253705009477,-17.474288873803317,-0.07500553415894395,True,0.5661255185670091,0.42879093615118524,0.6393250918810558,44.84605518617374,0.9997770628739114,1_63
1_64.png,0.6433835845896148,0.6698596201486375,0.8022945307091286,0.8750809061488674,0.7406866325785245,0.9926243167022604,27.270350098795202,0.9989286541985332,34.734578578661036,1.0,0.4475173967041721,0.7266851905262601,34.58418559778118,0.9222370501165786,3594,7,0,0,14,1.932367149758454,0.0,207,200,296.4629867976527,6.211036926306388,0.033690001825473485,-0.06888286545100264,-17.793814838823156,-0.0071730405852745704,-0.0009351462985601744,0.20772500462021803,2951.340913772583,0.8671940049958368,7,0,7,0,14,1.932367149758454,0.0,9,0,207,200,193,1.4823149339882604,6.211036926306388,296.4629867976527,0.033690001825473485,10122,2.8163606010016693,22.60016694490818,285x285,81225,sparse,Meijering,391,9,80,3528,52.42863813879858,0.9973695601142252,44.231023412620644,0.9998638004970933,0.792274995379782,0.5288128887247132,8,1,0.4444444444444444,98,3402,55.327747409206125,0.9986319896598289,0.9999352740288532,48.136429185656155,0.5192942776736165,0.7922365988909427,3994,56.32053632403832,0.9984647780680787,0.9999446241496087,48.914191343295144,0.5204945410251058,0.7922053934244551,-9.496444833959607,-0.0812954920205411,-17.844452541017404,-0.07513250999764653,True,0.5661255185670091,0.4113950303216448,0.7122664500406174,45.06416493761836,0.9997973572875349,1_64
1_65.png,0.6266044340723453,0.6643541460191609,0.7983326716951171,0.8775910975343661,0.7322046240669944,0.9920052653259868,28.299713006193926,0.9990236576850682,34.679130883076205,1.0,0.47270757595695145,0.9355761683614787,34.753550146763345,0.9201304658727469,3509,7,2,3,13,1.9494949494949494,0.2857142857142857,198,193,294.1909088590104,6.238929760576498,0.038454996405062634,-0.023632223345640635,-16.011619007820613,-0.00774639584627379,-0.0008188425629239715,0.16420590582601757,2862.8721237182617,0.8658793757908055,7,2,5,3,13,1.9494949494949494,0.2857142857142857,8,0,198,193,182,1.5243052272487567,6.238929760576498,294.1909088590104,0.038454996405062634,10361,2.9526930749501283,23.147620404673695,285x285,81225,sparse,Meijering,380,8,78,3501,51.89264932592752,0.9974868382002695,43.33879328860167,0.9998425002479921,0.8357940941739824,0.4438218746290582,9,1,0.4375,98,3446,55.273409384278686,0.9986124869590255,0.9999438348112132,48.01762905044615,0.42879093615118524,0.8368,4134,56.41927222050369,0.9984950757428862,0.999950335209432,49.02288583038235,0.42369088895439,0.8358595931392102,-8.659662405525467,0.028885701327893254,-17.139099179164177,-0.07735637232752257,True,0.5661255185670091,0.5296535434725775,0.650236657417986,44.31133201401454,0.9997516611722606,1_65
1_66.png,0.6215630728211965,0.6442941952506597,0.7836726506869921,0.8765986089297734,0.7085600290170475,0.9919906022904975,28.17366947468214,0.9989531757070911,34.7390830659858,1.0,0.4133537804899683,0.7318283534175418,34.99053948420964,0.9197958533661514,3176,7,0,0,14,1.9230769230769231,0.0,182,175,272.3919189857871,6.549605408867637,0.03438965295850525,-0.030100332266866148,-15.200385372311704,-0.0076969792062138165,-0.0008537768685026315,0.17227483376989727,2356.605291366577,0.8778956484087465,7,0,7,0,14,1.9230769230769231,0.0,9,0,182,175,168,1.5565252513473526,6.549605408867637,272.3919189857871,0.03438965295850525,10160,3.198992443324937,25.57462216624685,285x285,81225,sparse,Meijering,306,9,72,3143,50.82805732244565,0.996378196546458,42.46194765614169,0.9998069525755937,0.8277251662301027,0.42240877800084686,9,1,0.5,96,2782,53.876934835705256,0.9982695111506277,0.9999076373068301,46.076954891662254,0.4198359928377463,0.8278985507246377,4531,57.256459252257265,0.9986962227456166,0.9999657346012463,50.068212232970104,0.42240877800084686,0.8283702213279678,-7.722864590155886,-0.00905499751087857,-15.83751783823601,-0.07658234318030654,True,0.5789484473726789,0.42369088895439,0.6516634050880626,43.37405484699384,0.9996875814967113,1_66
1_67.png,0.6133287647764263,0.642698168121897,0.7824908806670141,0.8868414835813844,0.7001118985453189,0.9916940800009546,28.13381631059011,0.9990249064149516,34.7955606554146,1.0,0.45528905436548717,0.7547576855744139,35.44210322252501,0.9220941740927542,3126,7,0,0,14,1.9230769230769231,0.0,182,175,274.32085117392165,6.209081434941554,0.04324644176532006,-0.017238036843006954,-15.640781668339184,-0.008004996029563616,-0.000800391518755661,0.1597327010131494,2349.50590133667,0.8746889843926713,7,0,7,0,14,1.9230769230769231,0.0,8,0,182,175,168,1.5675477209938358,6.209081434941554,274.32085117392165,0.04324644176532006,9710,3.1062060140754957,25.983685220729367,285x285,81225,sparse,Meijering,304,8,73,3066,51.29173914256938,0.996477488760764,42.8405864762211,0.9998252979337072,0.8402672989868506,0.366186162901451,10,0,0.875,97,3076,55.13818405877106,0.998541738712405,0.9999372644238006,47.54973007233296,0.4107406613287725,0.8383514840913944,4462,57.98439096176253,0.9988392840271829,0.9999728846778891,50.80652403282657,0.3934693402873666,0.8395433986646564,-8.0450258208065,0.08910289146403616,-15.849635920044364,-0.07438331466800985,True,0.5562526899189202,0.4198359928377463,0.6305668016194332,43.77459797892929,0.9996990760305182,1_67
1_68.png,0.6063175394846217,0.6147193211488251,0.7613946437594744,0.8507226738934056,0.689043351015182,0.9925660247682964,28.409053864174005,0.9991500441563691,35.458600558443926,1.0,0.4300588802778097,0.8389222014725025,35.330068705011385,0.9234097202141626,3407,9,0,0,18,1.9081632653061225,0.0,196,187,290.80613254816024,6.512104888351596,0.04964484070872273,-0.06154718850100149,-16.826152213065207,-0.00720992085660177,-0.0007203395003585467,0.19842829076620827,3188.4610652923584,0.8588057771071351,9,0,9,0,18,1.9081632653061225,0.0,9,0,196,187,178,1.5551130082789293,6.512104888351596,290.80613254816024,0.04964484070872273,9481,2.782800117405342,23.840622248312297,285x285,81225,sparse,Meijering,406,9,80,3405,52.689932211944885,0.9970143553210267,44.25100852281143,0.9998703836567276,0.8015717092337917,0.479257707646479,8,1,0.4444444444444444,98,3194,55.71093850037883,0.9987104692600557,0.9999413761094434,48.127862230429834,0.4687380155323333,0.8025201811380193,4158,57.25952059005415,0.9986890555338548,0.9999594835567749,49.57954794429029,0.4753374578934072,0.8014142604596346,-8.792407964367506,-0.04919882736866932,-17.3598635069335,-0.0736046351068641,True,0.5650394753750843,0.47402416060053354,0.6678647279856232,45.23520607723921,0.9997759456248981,1_68
1_69.png,0.6550455781225012,0.6703529768216937,0.8026482858697623,0.8022117476432197,0.8030852994555354,0.9926104778311047,29.700837723041644,0.9987807931264401,35.94085322902591,1.0,0.5711579744434807,1.0998047650641694,35.659246501300004,0.9255589124185077,3277,6,2,3,11,1.96,0.3333333333333333,200,196,288.5929291125637,7.571447958946228,0.044892967198693505,-0.02491535301863501,-14.882120852347455,-0.007136585950800578,-0.0009902103046723898,0.14580714670497397,2752.896785736084,0.8428546004627158,6,2,4,3,11,1.96,0.3333333333333333,6,0,200,196,186,1.4724129036355273,7.571447958946228,288.5929291125637,0.044892967198693505,9477,2.8919743667989013,24.786389990845286,285x285,81225,sparse,Otsu,350,6,77,3229,52.156431405143834,0.9975106224916718,43.669583485912625,0.9997710034311125,0.854192853295026,0.4996763049867655,8,1,0.33333333333333337,98,3150,55.60773555462485,0.9987344421418056,0.99990481585678,48.055095761520505,0.4818549206648426,0.8556034482758621,4355,57.62061529196374,0.9988888762233384,0.9999461138002289,50.24889421727092,0.4818549206648426,0.8558106169296987,-7.728730256886713,0.07148166945671519,-16.49718490384383,-0.07195171007316403,True,0.5841788337617764,0.6424826650208308,0.6799609311411362,44.5829585753891,0.9997470637819053,1_69
1_7.png,0.8061864913329349,0.8083455344070278,0.8940166788114323,0.8341139144885934,0.9631891137473831,0.9934349314446146,32.13661143506398,0.9984595261035849,36.74803502624313,1.0,0.7197294801761884,1.0384201345761517,36.11979809751804,0.9084746749328837,3871,4,0,0,8,1.9691119691119692,0.0,259,255,365.57568516986095,7.875065542095877,0.020127085216270144,-0.010087663256437174,-13.685426478312714,-0.006372865040062736,-0.0013045410721335138,0.059194711538461564,2920.2828407287598,0.934396898762487,4,0,4,0,8,1.9691119691119692,0.0,5,0,259,255,251,1.4336301379210206,7.875065542095877,365.57568516986095,0.020127085216270144,10006,2.5848617928183932,20.98295014208215,285x285,81225,sparse,Otsu,441,5,83,3822,53.26884795137269,0.9980963125411775,45.57815146193288,0.9997640671757184,0.9408052884615384,0.6523874100739411,6,0,0.9,98,3388,55.569917495912904,0.99888959365276,0.9998538830828035,48.13211607312518,0.6160115700330958,0.9446112278595017,811,38.37104169940468,0.9598129836749134,0.992426555654485,29.85895469097872,0.7197294801761884,0.9309069388962864,-8.830116435689753,0.06734207010224735,-17.14904985385465,-0.08962163760829378,True,0.5820945214922268,0.6044586713439988,0.816274154589372,45.8220379133767,0.9998077964846773,1_7
1_70.png,0.6328688130706391,0.6411693426234475,0.7813567143516382,0.7912149532710281,0.7717411121239744,0.9931570952593372,31.601633397916213,0.9987118135707396,35.865073923674366,1.0,0.547665502141123,0.9536389916921003,36.44913243664246,0.9290689783069582,3030,5,0,1,9,1.9444444444444444,0.0,180,175,258.27922061357884,7.6744281133015955,0.029331947275280486,-0.01765303950600794,-12.187908110988328,-0.0065012878781531835,-0.0010023972142203519,0.1365926478820676,2216.973066329956,0.8423076923076923,5,0,5,1,9,1.9444444444444444,0.0,6,0,180,175,170,1.4758812606490204,7.6744281133015955,258.27922061357884,0.029331947275280486,9065,2.9917491749174916,26.806930693069308,285x285,81225,sparse,Otsu,302,6,73,3001,51.36486663621721,0.9968994852006813,42.77656093866518,0.9997142107849599,0.8634073521179324,0.5005689429210745,7,0,0.9166666666666666,98,3020,55.80724932727186,0.9987651746365072,0.9999005682859788,48.09764811060503,0.4831486655083008,0.861271676300578,4706,59.37938902760462,0.9990527229326617,0.9999655104350801,53.081841333480384,0.543119464859708,0.8614323013800821,-6.911487014990811,0.04709655922004852,-14.91573419957475,-0.06783050689372305,True,0.5715151939359835,0.5450191732818265,0.6505218525766471,43.78954150890454,0.9996583831374903,1_70
1_71.png,0.6470129464982062,0.6568950044869878,0.7929229102726124,0.7959405581732512,0.7899280575539568,0.9925002836926057,30.396787923731363,0.9985399399640965,35.65909506238518,1.0,0.5654017914929217,1.062353474548936,35.684903514267106,0.9286100431396997,3176,5,1,2,10,1.9591836734693877,0.2,196,192,283.00714267493686,7.6369549133339705,0.03395449024638225,-0.023907455479780793,-14.00310874833708,-0.0071836162890354105,-0.0011922738822108814,0.12558390226374416,2479.207754135132,0.8541960507757405,5,1,4,2,10,1.9591836734693877,0.2,6,0,196,192,184,1.4739955347652938,7.6369549133339705,283.00714267493686,0.03395449024638225,9263,2.9165617128463475,25.57462216624685,285x285,81225,sparse,Otsu,318,6,76,3121,51.90933656752066,0.9972684844967347,43.52264771318646,0.9997322138463074,0.8744160977362558,0.48956909590036024,8,1,0.33333333333333337,98,3080,55.72504993906227,0.9987471202427295,0.9998997708829523,48.161607565763674,0.4831486655083008,0.8771110312612289,4480,58.19246016413668,0.9990529855460947,0.9999503344913923,50.99864839701617,0.48055793741295183,0.8785046728971962,-7.863552650801282,0.07583269559256145,-16.224433053253556,-0.06865844135703492,True,0.5862527504805126,0.622807646436843,0.670920401977987,44.399896672068444,0.9996838999816411,1_71
1_72.png,0.6313356447086016,0.6619063434075058,0.7965627498001598,0.8703056768558952,0.734340456890199,0.9924010998060783,28.837110746702766,0.9987208893696276,34.97804288364377,1.0,0.4831486655083008,0.8829013859973801,35.27293651302829,0.9199269469261991,3315,8,0,1,15,1.9223300970873787,0.0,206,198,294.14927829866775,6.2919375456652595,0.03395273930200455,-0.04404597269964783,-16.52354114460555,-0.007340516146752463,-0.0011076053259644336,0.17658386289235506,2804.9402236938477,0.869799213413372,8,0,8,1,15,1.9223300970873787,0.0,8,0,206,198,190,1.485602415649835,6.2919375456652595,294.14927829866775,0.03395273930200455,9377,2.828657616892911,24.502262443438916,285x285,81225,sparse,Meijering,386,8,79,3264,52.854952834748076,0.9977256531477473,44.55203743109398,0.999828494695592,0.8234161371076449,0.5156754310446374,8,1,0.5,98,3128,55.77480421830784,0.9987503198171581,0.9999143096530992,48.11376871938519,0.5228860844789656,0.8176303317535545,4378,58.047397441000506,0.9988728868266638,0.9999581022025552,51.0140203811271,0.5132477440400283,0.8231109402038069,-9.573994547450212,-0.0325267655363366,-17.582016321719784,-0.07779870622154816,True,0.5757786889922759,0.5083558025390349,0.6753816174082494,45.360651891308315,0.9997416159528307,1_72
1_73.png,0.6503577966383758,0.6868483013790784,0.8143569292123628,0.8809318377911993,0.757137560252132,0.9940503222804113,30.01784077525478,0.9986553460092299,35.054557400572655,1.0,0.4275201712378993,0.6793239120820753,35.68394162831736,0.9258478330411031,3332,8,0,0,16,1.917948717948718,0.0,195,187,282.32085117392154,6.345293619693854,0.033395549646538396,-0.02832481846894852,-15.502121270279634,-0.0056754604479926085,-0.0011624150274777145,0.16605451382176684,2808.8202476501465,0.8722403924775143,8,0,8,0,16,1.917948717948718,0.0,9,0,195,187,179,1.5097371720530548,6.345293619693854,282.32085117392154,0.033395549646538396,9102,2.7316926770708285,24.377250900360146,285x285,81225,sparse,Meijering,377,9,80,3285,53.09285906567524,0.9977180575502003,44.754187145944435,0.9998177610367076,0.8339454861782332,0.4996763049867655,8,1,0.4444444444444444,98,2930,55.905424201515636,0.9987931716955557,0.9999130503583661,48.217854654565066,0.5046546089313777,0.8305411130367802,4388,58.35040283596901,0.9990438259367354,0.9999592651816167,51.12427404872739,0.5009255520148639,0.831885736344335,-9.69962974537178,-0.0721561337488662,-17.40891743735788,-0.07187022450909719,True,0.5661255185670091,0.3845826020024342,0.6786826151073243,45.51996204553441,0.999725782728404,1_73
1_8.png,0.8123980424143556,0.8104838709677419,0.8953229398663697,0.8315602836879432,0.9696760854583046,0.9937547575759149,31.032745355657156,0.9985462069012556,36.85030607416299,1.0,0.7285561567878803,1.3163147869374585,35.707059220335346,0.9048133563702226,3832,4,0,0,8,1.9696969696969697,0.0,264,260,374.7472580451148,7.918221242500074,0.024717226145901664,-0.01186974001242258,-14.31391046002937,-0.006030249284664224,-0.0011838967897521702,0.06748826291079812,2849.734306335449,0.9211714993443101,4,0,4,0,8,1.9696969696969697,0.0,5,0,264,260,256,1.4413356078658235,7.918221242500074,374.7472580451148,0.024717226145901664,10467,2.731471816283925,21.196503131524008,285x285,81225,sparse,Otsu,416,5,82,3817,52.61812132324965,0.9971022908975395,45.12082450792352,0.9997301036910078,0.9325117370892019,0.6225381270817016,7,0,0.8,98,3500,55.49729573333869,0.9988619941329384,0.9998657921679273,48.25909243708362,0.6289537538428706,0.9322679958950301,812,37.30892609069173,0.9554048479982648,0.9899727804478744,28.671366627203337,0.619288833951164,0.9213402358354904,-8.270518433760536,0.10601802970617868,-16.911062102914308,-0.0922889345273169,True,0.5778945016078345,0.7606910777562454,0.8242677824267782,45.346655815686525,0.9997850068605791,1_8
1_9.png,0.813953488372093,0.8019052956010086,0.8900637536930494,0.8219414129810454,0.970498474059003,0.9938932184916937,31.5582054835873,0.9984119762939972,36.08069683516709,1.0,0.7328646980341497,1.225301798223006,34.869822290396456,0.9041179211765392,3995,4,1,2,8,1.9770114942528736,0.25,261,258,377.9898987322341,8.056206997326964,0.027573995118890925,-0.006708995211738844,-13.599643545797875,-0.0059079761373813655,-0.0013371110120606877,0.06390278770550395,3328.568935394287,0.9140878903490179,4,1,3,2,8,1.9770114942528736,0.25,5,0,261,258,251,1.4650771268691214,8.056206997326964,377.9898987322341,0.027573995118890925,10666,2.669837296620776,20.331664580725906,285x285,81225,sparse,Otsu,443,5,82,3946,52.37815733463948,0.9976140118103257,44.847394065127816,0.9997490873060579,0.936097212294496,0.7433392230464442,5,0,1.0,98,3548,55.24415456147991,0.9988879414572697,0.999867466206314,48.09478298183872,0.7391996221188764,0.9368661619768605,816,37.46582017966215,0.954635159939239,0.9915415608362188,29.012621327160403,0.6737202053769605,0.9359988697372139,-8.766697229960727,-0.010474525012294511,-17.508335044243026,-0.0934960906337865,True,0.5944454949366794,0.728375133891478,0.8206624835838319,45.157849029385176,0.999801194629075,1_9
