stem,segmenter,iou_cpu_gpu,pixels_differ,segGPU_t100_n_components,segGPU_t100_total_length_px,segGPU_t100_mean_width_px,segGPU_t100_n_branches,segGPU_t100_n_junctions,segGPU_t100_cycle_rank,segGPU_degree5_n_components,segGPU_degree5_total_length_px,segGPU_degree5_mean_width_px,segGPU_degree5_n_branches,segGPU_degree5_n_junctions,segGPU_degree5_cycle_rank
7249,Frangi,1.0,0,4,110.01219330881976,8.025171934703268,11,3,1,4,101.59797974644667,8.303615297612787,7,2,1
7250,Learned,1.0,0,4,285.3797256769669,5.918804668423083,15,6,1,4,281.9655121145938,5.905712883768427,13,5,1
7251,Learned,1.0,0,4,275.45079348883235,4.7972161473961465,12,4,0,4,273.45079348883235,4.788453062639686,10,3,0
7252,Learned,1.0,0,4,174.6101730552664,6.2395407305067225,6,1,0,4,169.78174593052017,6.268893005557314,4,0,0
7253,Learned,1.0,0,4,195.3380951166243,5.325626996950914,8,2,0,4,192.92388155425118,5.286874550546788,6,1,0
7254,Learned,1.0,0,4,258.7645019878171,5.313956108233369,8,2,0,4,255.35028842544395,5.2787182823854675,6,1,0
7255,Learned,1.0,0,4,224.37972567696687,5.765346934848666,9,3,1,4,224.37972567696687,5.765346934848666,9,3,1
7256,Learned,1.0,0,4,242.23759005323592,5.804611462870575,10,3,0,4,242.23759005323592,5.804611462870575,10,3,0
7257,Learned,1.0,0,4,277.2792206135785,4.941363232650226,11,4,2,4,272.45079348883235,4.952225808455932,8,3,2
7258,Learned,1.0,0,5,286.49242404917493,4.956967685232774,7,1,0,5,286.49242404917493,4.956967685232774,7,1,0
7259,Learned,1.0,0,4,176.40916292848974,6.436894980726085,4,0,0,4,176.40916292848974,6.436894980726085,4,0,0
7260,Learned,1.0,0,6,251.17871555019025,5.40875674921518,8,1,0,6,251.17871555019025,5.40875674921518,8,1,0
7261,Learned,1.0,0,5,275.24978336205567,5.272512442702805,12,4,1,5,275.24978336205567,5.272512442702805,12,4,1
7262,Learned,1.0,0,5,226.45079348883237,6.585889879759534,11,3,0,5,222.03657992645924,6.6122255139339945,9,2,0
7263,Learned,1.0,0,4,225.79393923933995,5.640586429472759,8,2,0,4,218.96551211459376,5.546545990033593,6,1,0
7264,Learned,1.0,0,4,185.71067811865476,5.765900838417637,8,2,0,4,185.71067811865476,5.765900838417637,8,2,0
7265,Learned,1.0,0,5,233.8944443027283,5.76798121242377,5,0,0,5,233.8944443027283,5.76798121242377,5,0,0
7266,Learned,1.0,0,5,238.52186130069776,6.440263192221871,7,1,0,5,235.1076477383247,6.451846140869526,5,0,0
7267,Learned,1.0,0,4,284.37972567696687,6.404242322185591,17,7,1,4,271.7228714274745,6.419271766096021,11,4,1
7268,Learned,1.0,0,5,307.62236636408625,7.399199457184821,15,5,0,5,307.62236636408625,7.399199457184821,15,5,0
7269,Learned,1.0,0,4,279.42135623730945,4.92188328195882,11,4,1,4,269.59292911256324,4.888127114082786,7,2,1
7270,Learned,1.0,0,6,273.03657992645924,5.566989497165003,8,1,0,6,265.7939392393399,5.559930993860604,6,0,0
7272,Learned,1.0,0,6,297.87720036002526,5.694790865227503,12,3,1,6,296.87720036002526,5.699704421583897,11,3,1
7273,Learned,0.9993714644877436,1,5,156.26702730475878,8.920846466358594,7,1,1,5,152.8528137423857,9.001900145480564,6,1,1
7274,Learned,1.0,0,4,156.33809511662426,5.412327429900069,6,1,0,4,154.92388155425118,5.387582251109127,4,0,0
7275,Learned,1.0,0,5,244.79393923933998,5.350216841385885,9,2,0,5,244.79393923933998,5.350216841385885,9,2,0
7276,Learned,1.0,0,5,228.37972567696687,6.4563961980424125,7,1,0,5,228.37972567696687,6.4563961980424125,7,1,0
7277,Learned,1.0,0,5,275.8944443027283,5.439539944203701,10,3,1,5,271.48023074035524,5.400147794049054,8,2,1
7278,Learned,1.0,0,4,249.52186130069782,5.968633336543949,8,2,0,4,249.52186130069782,5.968633336543949,8,2,0
7279,Learned,1.0,0,4,128.39696961967002,6.0743195708769875,4,0,0,4,128.39696961967002,6.0743195708769875,4,0,0
7280,Learned,1.0,0,4,282.4213562373095,7.284544050093818,11,4,1,4,282.4213562373095,7.284544050093818,11,4,1
7281,Learned,1.0,0,4,225.6812408671318,5.113615373469596,4,0,0,4,225.6812408671318,5.113615373469596,4,0,0
7283,Learned,1.0,0,5,301.24978336205567,6.362166131881177,11,3,0,5,295.83556979968256,6.395453956461061,9,2,0
7284,Learned,1.0,0,4,193.33809511662423,5.622315844855014,4,0,0,4,193.33809511662423,5.622315844855014,4,0,0
7285,Learned,1.0,0,4,156.36753236814712,6.844373214468552,6,1,0,4,147.95331880577405,6.9136614645442345,4,0,0
7286,Learned,1.0,0,4,216.6934341759516,5.396013044923787,4,0,0,4,216.6934341759516,5.396013044923787,4,0,0
7287,Learned,1.0,0,5,239.651803615609,5.047709156457119,5,0,0,5,239.651803615609,5.047709156457119,5,0,0
7288,Learned,1.0,0,4,240.1370849898476,5.479663614885736,8,2,0,4,240.1370849898476,5.479663614885736,8,2,0
7289,Learned,1.0,0,4,211.53910524340094,5.5333450371226895,10,3,0,4,207.71067811865476,5.537192850587516,8,2,0
7290,Learned,1.0,0,7,250.58073580374352,5.949800940206362,7,0,0,7,250.58073580374352,5.949800940206362,7,0,0
7291,Learned,1.0,0,5,236.5929291125633,5.170620897228847,7,1,0,5,232.1787155501902,5.12090503548428,5,0,0
7293,Learned,1.0,0,4,205.23759005323592,6.20177090040208,8,2,0,4,202.82337649086284,6.158259003926262,6,1,0
7294,Learned,1.0,0,5,222.48023074035515,6.602824281550563,7,1,0,5,216.65180361560897,6.6224332730398014,5,0,0
7295,Learned,1.0,0,4,302.0782104868019,5.544911590982024,12,5,2,4,300.0782104868019,5.541878458997667,10,4,2
7296,Learned,1.0,0,4,249.13708498984758,6.51482967669816,10,3,0,4,235.48023074035518,6.548399695917904,6,1,0
7297,Learned,1.0,0,4,256.48023074035524,5.711600913597008,10,3,0,4,253.48023074035524,5.695519581601372,8,2,0
7298,Learned,1.0,0,5,298.00714267493635,5.914010534632799,9,2,0,5,292.5929291125633,5.898404448977587,5,0,0
7299,Learned,0.9994562262098967,1,4,310.14927829866735,6.295569777103212,17,7,1,4,301.32085117392114,6.26308873993252,11,4,1
7300,Learned,1.0,0,5,245.73506473629428,5.816142726655324,7,1,0,5,245.73506473629428,5.816142726655324,7,1,0
7301,Learned,1.0,0,4,189.99494936611663,5.914976742688559,8,2,0,4,189.99494936611663,5.914976742688559,8,2,0
7302,Learned,1.0,0,4,266.6223663640862,6.637075890719517,16,6,1,4,251.96551211459382,6.569044294228373,11,4,1
7303,Learned,1.0,0,5,343.80613254815967,5.906121141451851,14,5,1,5,341.3919189857867,5.898385582907446,12,4,1
7305,Learned,1.0,0,4,248.35028842544403,5.863377218273775,12,4,0,4,248.35028842544403,5.863377218273775,12,4,0
7306,Learned,1.0,0,5,228.48023074035518,7.270902399705622,10,3,1,5,223.651803615609,7.277518064746717,8,2,1
7307,Learned,1.0,0,4,305.6639969244288,6.230767941563982,12,5,2,4,305.6639969244288,6.230767941563982,12,5,2
7308,Learned,1.0,0,4,317.73506473629425,6.784207665635546,16,6,0,4,306.90663761154804,6.7857155910319396,12,4,0
7309,Learned,1.0,0,4,174.7817459305202,5.579129972492969,4,0,0,4,174.7817459305202,5.579129972492969,4,0,0
7310,Learned,1.0,0,4,367.01933598375615,6.623099475843243,13,5,1,4,364.60512242138304,6.61719857924255,11,4,1
7311,Learned,1.0,0,4,233.43860018001257,5.577704109532724,6,1,0,4,233.43860018001257,5.577704109532724,6,1,0
7312,Learned,1.0,0,4,207.4386001800126,4.9685188449571775,6,1,0,4,207.4386001800126,4.9685188449571775,6,1,0
7313,Learned,1.0,0,4,172.36753236814712,6.475878339396429,10,3,0,4,159.8822509939086,6.338229154049582,4,0,0
7314,Learned,1.0,0,4,204.99494936611666,5.812035010229161,10,3,0,4,204.99494936611666,5.812035010229161,10,3,0
7315,Learned,1.0,0,4,253.99494936611666,5.986883543431611,11,4,1,4,249.99494936611663,6.018897238719052,9,3,1
7316,Learned,1.0,0,5,273.86500705120545,6.670100838646765,22,9,1,5,256.208152801713,6.529283942395839,10,3,1
7317,Learned,1.0,0,4,266.0782104868019,5.557391157334867,11,4,1,4,261.6639969244288,5.502758382712831,9,3,1
7318,Learned,1.0,0,4,287.0782104868019,4.9569331980742355,12,5,2,4,287.0782104868019,4.9569331980742355,12,5,2
7319,Learned,1.0,0,4,226.06601717798216,6.845008213305221,6,2,2,4,226.06601717798216,6.845008213305221,6,2,2
7320,Learned,1.0,0,4,178.4386001800126,6.9044662832292465,14,5,1,4,165.7817459305202,6.837636583073946,7,2,1
7321,Learned,0.9994547437295529,1,6,308.8355697996826,5.912321935506093,14,4,0,6,302.42135623730945,5.89843874519812,10,2,0
7322,Learned,1.0,0,4,294.7056274847713,6.721846187398015,6,1,0,4,294.7056274847713,6.721846187398015,6,1,0
7323,Learned,1.0,0,4,220.40916292848976,5.662810828592277,8,2,0,4,220.40916292848976,5.662810828592277,8,2,0
7324,Learned,1.0,0,4,287.24978336205567,5.773826946744477,10,3,0,4,287.24978336205567,5.773826946744477,10,3,0
7325,Learned,1.0,0,4,222.55129855222066,6.590089291575626,8,2,0,4,220.13708498984758,6.584856689852885,6,1,0
7326,Learned,1.0,0,4,212.13708498984755,6.787783133895955,10,3,0,4,208.30865786510137,6.769980284492001,8,2,0
7327,Learned,1.0,0,4,170.78174593052023,5.366277255068825,6,1,0,4,166.78174593052023,5.308134389228571,4,0,0
7328,Learned,1.0,0,4,286.45079348883235,6.925684312299719,7,2,1,4,281.62236636408613,6.891165514305289,5,1,1
7329,Learned,0.999340804218853,1,4,274.2081528017131,5.845926048567001,12,4,0,4,274.2081528017131,5.845926048567001,12,4,0
7330,Learned,1.0,0,4,258.9360748630708,5.677204203474042,4,0,0,4,258.9360748630708,5.677204203474042,4,0,0
7331,Learned,1.0,0,4,240.55129855222071,6.2143447654067065,13,5,1,4,240.55129855222071,6.2143447654067065,13,5,1
7332,Learned,1.0,0,5,257.651803615609,7.194438717462304,11,3,1,5,253.23759005323592,7.0780820132935585,8,2,1
7333,Learned,1.0,0,5,233.79393923934,6.249509617245701,7,1,0,5,233.79393923934,6.249509617245701,7,1,0
7334,Learned,1.0,0,4,231.8233764908628,7.169758896993417,11,4,1,4,219.75230867899734,7.1920587516125325,7,2,1
7335,Learned,1.0,0,5,262.6223663640862,5.32379052209862,11,3,0,5,255.79393923933998,5.318423003987296,7,1,0
7336,Learned,1.0,0,4,172.71067811865476,4.879634100332326,4,0,0,4,172.71067811865476,4.879634100332326,4,0,0
7337,Learned,1.0,0,5,207.61017305526642,5.9464871848636545,8,2,1,5,203.78174593052023,5.9651429425877005,5,0,1
7339,Learned,1.0,0,5,226.9655121145938,5.551012577554863,9,2,0,5,224.9655121145938,5.562702765574037,7,1,0
7340,Learned,1.0,0,4,220.10764773832477,6.081581762384075,9,3,1,4,220.10764773832477,6.081581762384075,9,3,1
7341,Learned,1.0,0,4,171.43860018001263,5.758422267850039,6,1,0,4,168.02438661763952,5.724859706163453,4,0,0
7342,Learned,1.0,0,4,301.9777054234135,5.606629634205873,13,5,1,4,298.97770542341357,5.599571523520809,11,4,1
7343,Learned,1.0,0,4,297.048773235279,5.292460294122776,11,3,0,4,297.048773235279,5.292460294122776,11,3,0
7344,Learned,1.0,0,5,257.59292911256324,4.915059371133653,7,1,0,5,257.59292911256324,4.915059371133653,7,1,0
7345,Learned,1.0,0,4,168.4680374315355,4.824354017085011,6,1,0,4,168.4680374315355,4.824354017085011,6,1,0
7346,Learned,1.0,0,4,246.7523086789974,5.094110932402989,13,4,0,4,246.7523086789974,5.094110932402989,13,4,0
7347,Learned,1.0,0,4,297.0071426749364,5.941063190193364,11,4,1,4,289.1787155501902,5.993442026121844,7,2,1
7348,Learned,1.0,0,5,224.7523086789974,5.901817047269939,7,1,0,5,224.7523086789974,5.901817047269939,7,1,0
7349,Learned,1.0,0,5,319.3502884254441,5.682496554026402,14,5,1,5,315.936074863071,5.6863144772573095,12,4,1
7350,Learned,1.0,0,5,286.2792206135785,5.13475139190585,9,2,0,5,286.2792206135785,5.13475139190585,9,2,0
7351,Learned,1.0,0,4,175.78174593052023,5.198193470305448,6,1,0,4,175.78174593052023,5.198193470305448,6,1,0
7352,Learned,0.999375,1,5,242.3797256769668,6.634194280130626,12,4,2,5,237.55129855222066,6.544323113603908,10,3,2
7353,Learned,1.0,0,5,326.2497833620557,5.452208650449822,12,4,1,5,320.42135623730945,5.442905902489829,8,2,1
7354,Learned,1.0,0,5,309.0487732352791,8.394287789144302,24,10,2,5,288.7350647362943,8.50125872191091,17,7,2
7355,Learned,1.0,0,4,258.86500705120545,5.367481801787812,12,4,0,4,258.86500705120545,5.367481801787812,12,4,0
7356,Learned,1.0,0,5,379.9898987322333,5.509958368399257,14,5,2,5,377.16147160748704,5.497531023552658,12,4,2
7357,Learned,1.0,0,4,289.8355697996826,5.7782836864819265,11,4,1,4,289.8355697996826,5.7782836864819265,11,4,1
7358,Learned,1.0,0,5,193.9655121145937,4.514087066766851,5,0,0,5,193.9655121145937,4.514087066766851,5,0,0
7359,Learned,1.0,0,4,152.02438661763952,5.964684011805296,4,0,0,4,152.02438661763952,5.964684011805296,4,0,0
7360,Learned,1.0,0,5,218.5807358037436,5.747733642048933,7,1,0,5,218.5807358037436,5.747733642048933,7,1,0
7361,Learned,1.0,0,7,326.1198410471444,5.375654990524994,7,0,0,7,326.1198410471444,5.375654990524994,7,0,0
7362,Learned,1.0,0,4,264.79393923934,7.2890693336911285,14,5,0,4,250.3086578651014,7.269857112032857,8,2,0
7363,Learned,1.0,0,4,163.88225099390854,5.447417683531162,6,1,0,4,159.46803743153544,5.450115664390618,4,0,0
7364,Learned,1.0,0,5,227.1370849898476,5.6780043765982775,9,2,0,5,223.30865786510142,5.6632684534280795,7,1,0
7365,Learned,1.0,0,5,280.93607486307104,5.664093915609014,13,4,0,5,273.2792206135786,5.650307851168534,9,2,0
7367,Learned,1.0,0,5,317.9482681718907,5.491075898637698,13,4,0,5,313.11984104714446,5.472729183463259,11,3,0
7368,Learned,1.0,0,4,241.350288425444,6.5554583688339765,10,3,0,4,233.1076477383247,6.609891560222821,6,1,0
7369,Learned,1.0,0,5,252.30865786510137,6.640754972579387,12,4,1,5,246.06601717798213,6.562602822032766,8,2,1
7370,Learned,1.0,0,4,294.83556979968256,7.5797947401984604,12,4,0,4,294.83556979968256,7.5797947401984604,12,4,0
7371,Learned,1.0,0,4,157.53910524340097,6.336243935619223,6,1,0,4,157.53910524340097,6.336243935619223,6,1,0
7372,Learned,1.0,0,5,313.7350647362943,6.108116420529418,14,5,1,5,313.7350647362943,6.108116420529418,14,5,1
7373,Learned,1.0,0,4,269.3919189857866,6.147677636251264,12,4,0,4,264.9777054234135,6.16630978496711,10,3,0
7374,Learned,1.0,0,4,176.58073580374352,5.953080638503738,8,2,0,4,173.16652224137044,5.9157665166336715,6,1,0
7375,Learned,1.0,0,4,192.82337649086278,4.880592375097988,6,1,0,4,192.82337649086278,4.880592375097988,6,1,0
7376,Learned,1.0,0,5,368.3330444827409,5.909077684354776,16,6,2,5,361.5046173579947,5.9223037210809215,13,5,2
7377,Learned,1.0,0,4,321.9777054234136,6.133444104000405,15,6,2,4,303.3208511739212,6.096987163918643,7,2,2
7378,Learned,1.0,0,4,213.40916292848976,6.9119343701716645,8,2,0,4,213.40916292848976,6.9119343701716645,8,2,0
7379,Learned,1.0,0,5,228.8233764908628,6.100292589477254,9,2,0,5,223.8233764908628,6.100441011427828,5,0,0
7381,Learned,1.0,0,4,203.82337649086284,6.818619861186813,6,1,0,4,203.82337649086284,6.818619861186813,6,1,0
7382,Learned,1.0,0,4,251.93607486307096,5.162102559052628,10,3,0,4,249.93607486307096,5.177746525543169,8,2,0
7383,Learned,1.0,0,4,283.4213562373095,6.293955853976876,14,5,0,4,273.5929291125633,6.229496580207325,10,3,0
7384,Learned,1.0,0,6,256.5929291125633,5.68801288357994,10,2,0,6,256.5929291125633,5.68801288357994,10,2,0
7385,Learned,1.0,0,4,334.04877323527893,6.205257918326711,11,4,1,4,334.04877323527893,6.205257918326711,11,4,1
7386,Learned,1.0,0,5,249.89444430272826,6.064500631695013,11,3,0,5,241.651803615609,6.028638689146992,9,2,0
7387,Learned,1.0,0,4,159.85281374238568,5.321792485485088,4,0,0,4,159.85281374238568,5.321792485485088,4,0,0
7389,Learned,1.0,0,4,318.56349186104046,6.3017404007702345,10,3,0,4,318.56349186104046,6.3017404007702345,10,3,0
7390,Learned,1.0,0,4,341.70562748477136,4.623860130940288,10,3,0,4,341.70562748477136,4.623860130940288,10,3,0
7391,Learned,1.0,0,4,278.0660171779822,6.988185188150975,18,8,3,4,269.82337649086287,6.94198389189147,12,5,3
7392,Learned,1.0,0,5,236.20815280171303,5.383366437201872,9,2,0,5,234.20815280171303,5.3464188282892176,7,1,0
7393,Learned,1.0,0,5,271.27922061357856,4.9549155714042685,7,1,0,5,271.27922061357856,4.9549155714042685,7,1,0
7394,Learned,1.0,0,4,152.0243866176395,5.159782849463931,6,1,0,4,152.0243866176395,5.159782849463931,6,1,0
7395,Learned,1.0,0,5,229.79393923933998,5.72173163959338,5,0,0,5,229.79393923933998,5.72173163959338,5,0,0
7396,Learned,1.0,0,4,230.4091629284897,5.317763149713336,11,4,1,4,230.4091629284897,5.317763149713336,11,4,1
7397,Learned,1.0,0,4,360.4629867976521,5.993793719783644,18,8,2,4,356.4629867976521,5.986044555448562,16,7,2
7398,Learned,0.9993351063829787,1,6,316.77669529663683,4.929687334161422,10,2,0,6,312.3624817342637,4.9274394709101035,8,1,0
7399,Learned,1.0,0,5,276.24978336205567,5.870633704521337,15,6,2,5,263.5929291125633,5.862654805230696,9,3,2
7400,Learned,1.0,0,5,226.92388155425115,5.51426909351397,7,1,0,5,226.92388155425115,5.51426909351397,7,1,0
7401,Learned,1.0,0,4,160.46803743153546,7.2284559845893,8,2,0,4,152.05382386916236,7.1840422375656265,4,0,0
7402,Learned,1.0,0,4,299.90663761154804,6.0282825088810625,8,2,0,4,299.90663761154804,6.0282825088810625,8,2,0
7403,Learned,1.0,0,4,179.4386001800126,6.771643052701132,4,0,0,4,179.4386001800126,6.771643052701132,4,0,0
7404,Learned,1.0,0,4,297.1076477383248,6.749865787214989,12,4,0,4,291.27922061357856,6.758696602207336,8,2,0
7405,Learned,1.0,0,4,129.6396103067893,6.390049910954367,6,1,0,4,123.81118318204311,6.451883925099935,4,0,0
7406,Learned,1.0,0,4,279.9655121145938,5.757279447491025,12,4,0,4,275.5512985522207,5.72909385715842,10,3,0
7407,Learned,1.0,0,4,283.52186130069776,5.858958326397004,8,2,0,4,280.1076477383247,5.830086937926117,6,1,0
7408,Learned,1.0,0,5,205.5096679918781,6.087830868967156,11,3,0,5,199.6812408671319,6.095870005122034,9,2,0
7410,Learned,1.0,0,4,225.68124086713186,6.262446446080618,6,1,0,4,225.68124086713186,6.262446446080618,6,1,0
7411,Learned,1.0,0,5,301.20815280171297,4.736585492386455,11,3,0,5,301.20815280171297,4.736585492386455,11,3,0
7412,Learned,1.0,0,5,284.86500705120545,5.109070887205579,11,3,0,5,282.45079348883235,5.076219299481017,9,2,0
7413,Learned,0.9993164730006835,1,5,228.37972567696687,6.253000489214118,9,2,0,5,223.9655121145938,6.212253847420117,7,1,0
7414,Learned,1.0,0,5,289.93607486307087,6.364623376777454,7,1,0,5,289.93607486307087,6.364623376777454,7,1,0
7415,Learned,1.0,0,4,230.78174593052023,5.434667487506615,10,3,0,4,223.7817459305202,5.428404340676405,6,1,0
7416,Learned,1.0,0,4,208.7523086789974,6.538099996548941,13,5,1,4,203.3380951166243,6.549453953090743,9,3,1
7417,Learned,1.0,0,4,175.09545442950497,6.163861676036841,8,2,0,4,171.68124086713186,6.181198154038514,6,1,0
7418,Learned,1.0,0,4,300.634559672906,5.889390718602605,11,3,0,4,295.8061325481598,5.884237694931425,10,3,0
7419,Learned,1.0,0,5,188.50966799187808,5.240485051164832,9,2,0,5,183.09545442950503,5.236091101260691,7,1,0
7420,Learned,1.0,0,5,203.7228714274745,5.696888573868779,5,0,0,5,203.7228714274745,5.696888573868779,5,0,0
7421,Learned,1.0,0,5,272.2081528017131,7.1554198237766675,11,3,0,5,272.2081528017131,7.1554198237766675,11,3,0
7422,Learned,0.9994131455399061,1,5,282.9360748630709,6.045014487264528,9,2,0,5,282.9360748630709,6.045014487264528,9,2,0
7423,Learned,1.0,0,4,343.9777054234135,6.797896434660648,14,5,1,4,330.3208511739211,6.84356238171418,11,4,1
7424,Learned,1.0,0,4,269.2792206135785,6.078047565220151,15,6,2,4,264.86500705120545,6.041155842931019,11,4,2
7425,Learned,1.0,0,4,299.5929291125633,6.274528498633039,20,9,2,4,297.5929291125633,6.225690961517238,18,8,2
7426,Learned,1.0,0,4,288.19090885900994,5.679951433592153,8,2,0,4,288.19090885900994,5.679951433592153,8,2,0
7427,Learned,1.0,0,4,180.50966799187805,5.711222013926616,4,0,0,4,180.50966799187805,5.711222013926616,4,0,0
7428,Learned,1.0,0,4,145.84062043356596,6.2219180710183375,6,1,0,4,145.84062043356596,6.2219180710183375,6,1,0
7429,Learned,1.0,0,4,309.8061325481597,6.38350346784822,11,4,1,4,304.9777054234135,6.37883740931379,9,3,1
7430,Learned,1.0,0,4,103.91168824543142,7.406236184157996,6,1,0,4,100.08326112068524,7.419731666041569,4,0,0
7431,Learned,1.0,0,6,191.53910524340094,5.954572577792136,8,1,0,6,191.53910524340094,5.954572577792136,8,1,0
7432,Learned,1.0,0,5,311.2497833620557,5.7022158296053735,10,3,1,5,311.2497833620557,5.7022158296053735,10,3,1
7433,Learned,1.0,0,6,260.7350647362942,5.403272119394591,6,0,0,6,260.7350647362942,5.403272119394591,6,0,0
7435,Learned,1.0,0,5,263.06601717798213,5.653413482547968,26,11,1,5,252.82337649086284,5.680689394593111,18,7,1
7436,Learned,1.0,0,4,222.53910524340097,6.798896838491823,10,3,0,4,222.53910524340097,6.798896838491823,10,3,0
7437,Learned,1.0,0,5,218.27922061357856,5.258097669845658,9,2,0,5,218.27922061357856,5.258097669845658,9,2,0
7438,Learned,1.0,0,6,299.1787155501902,6.578620589395903,10,2,0,6,294.35028842544403,6.535948341156348,8,1,0
7439,Learned,1.0,0,4,252.8944443027283,4.668468874321774,10,3,0,4,245.48023074035518,4.668672787976674,6,1,0
7440,Learned,1.0,0,5,285.17871555019013,5.286927813337163,7,1,0,5,285.17871555019013,5.286927813337163,7,1,0
7441,Learned,1.0,0,5,238.86500705120545,4.791877258818598,11,3,0,5,235.45079348883235,4.790685952246193,9,2,0
7442,Learned,1.0,0,4,216.3086578651014,6.688980302253639,10,3,0,4,209.48023074035518,6.685441016514086,6,1,0
7443,Learned,1.0,0,5,261.27922061357856,5.292394975620485,13,4,0,5,250.45079348883237,5.256633509298857,7,1,0
7444,Learned,1.0,0,5,251.49242404917493,6.221098686792049,7,1,0,5,251.49242404917493,6.221098686792049,7,1,0
7445,Learned,1.0,0,6,289.1076477383248,5.952222499532929,9,2,1,6,289.1076477383248,5.952222499532929,9,2,1
7446,Learned,1.0,0,5,246.7645019878171,4.91898143153071,12,4,1,5,243.93607486307093,4.9200314049494835,10,3,1
7447,Learned,1.0,0,4,238.65180361560903,5.230941441355975,9,3,1,4,238.65180361560903,5.230941441355975,9,3,1
7448,Learned,1.0,0,4,248.45079348883235,4.887062681189798,8,2,0,4,245.45079348883235,4.867241296443698,6,1,0
7449,Learned,1.0,0,5,258.83556979968256,5.299706813906523,7,1,0,5,258.83556979968256,5.299706813906523,7,1,0
7450,Learned,1.0,0,4,189.82337649086284,6.210141466326395,8,2,0,4,184.99494936611663,6.142122780132792,6,1,0
7451,Learned,1.0,0,5,241.79393923933995,4.980257876292328,7,1,0,5,241.79393923933995,4.980257876292328,7,1,0
7452,Learned,1.0,0,4,304.35028842544403,5.5679947934798255,12,4,1,4,301.35028842544403,5.533527105039039,11,4,1
7453,Learned,0.999195494770716,1,4,181.0954544295049,6.638345792382032,6,1,0,4,181.0954544295049,6.638345792382032,6,1,0
7455,Learned,1.0,0,6,339.70562748477136,5.459926817714199,11,2,0,6,335.2914139223982,5.438764883157962,9,1,0
7456,Learned,1.0,0,4,160.5391052434009,5.791441440701917,4,0,0,4,160.5391052434009,5.791441440701917,4,0,0
7457,Learned,1.0,0,4,201.65180361560903,6.4495634947912395,8,2,0,4,190.4091629284897,6.410605807533884,4,0,0
7458,Learned,1.0,0,4,308.5218613006978,4.716975620895706,13,5,2,4,304.1076477383247,4.690829534017662,12,5,2
7459,Learned,1.0,0,4,248.00714267493635,4.857741003895697,6,1,0,4,248.00714267493635,4.857741003895697,6,1,0
7460,Frangi,1.0,0,2,85.01219330881977,7.035834455455204,8,3,2,2,85.01219330881977,7.035834455455204,8,3,2
7461,Learned,1.0,0,4,309.6345596729059,6.291291836022384,6,1,0,4,309.6345596729059,6.291291836022384,6,1,0
7462,Learned,1.0,0,5,322.7056274847713,5.476811303369816,9,2,0,5,320.2914139223983,5.4773036586767105,7,1,0
7463,Learned,1.0,0,4,239.58073580374355,5.764023309564838,12,4,0,4,229.33809511662423,5.728208431741106,6,1,0
7464,Learned,1.0,0,5,285.2081528017131,5.472062166420476,14,5,1,5,285.2081528017131,5.472062166420476,14,5,1
7465,Learned,1.0,0,4,216.92388155425118,6.157183071190072,8,2,1,4,214.92388155425115,6.122789763556196,6,1,1
7466,Learned,1.0,0,4,327.73506473629425,7.680743614674436,17,7,1,4,322.492424049175,7.673412359255352,13,5,1
7467,Learned,1.0,0,5,309.8772003600252,5.330072396041719,13,4,1,5,307.4629867976521,5.339958158364928,12,4,1
7468,Learned,1.0,0,6,279.24978336205567,5.858581093780188,12,3,0,6,274.83556979968256,5.840367220299087,10,2,0
7469,Learned,1.0,0,4,211.48023074035524,6.752112791053279,8,2,0,4,211.48023074035524,6.752112791053279,8,2,0
7470,Learned,1.0,0,4,201.6101730552664,6.310904572932446,4,0,0,4,201.6101730552664,6.310904572932446,4,0,0
7471,Learned,1.0,0,4,320.00714267493646,5.663398683141861,12,4,0,4,320.00714267493646,5.663398683141861,12,4,0
7472,Learned,1.0,0,4,275.1076477383247,5.4862905335228955,10,3,0,4,270.86500705120545,5.514386240509842,8,2,0
7473,Learned,1.0,0,5,241.69343417595167,7.428409023603225,11,3,0,5,235.86500705120545,7.473185210388047,9,2,0
7474,Learned,1.0,0,5,201.03657992645924,5.128187952134999,5,0,0,5,201.03657992645924,5.128187952134999,5,0,0
7475,Learned,1.0,0,4,209.4091629284897,5.93657545046867,6,1,0,4,203.9949493661166,5.937168348609999,4,0,0
7476,Learned,0.9992486851990984,1,4,188.68124086713186,6.881154788382173,10,3,0,4,180.0243866176395,6.861864089076203,6,1,0
7477,Learned,0.9993390614672836,1,4,247.86500705120545,6.234579205712551,10,3,0,4,247.86500705120545,6.234579205712551,10,3,0
7478,Learned,1.0,0,4,233.62236636408616,5.64185231325507,12,4,0,4,233.62236636408616,5.64185231325507,12,4,0
7479,Learned,1.0,0,4,161.6101730552664,5.7743979846357245,6,1,0,4,161.6101730552664,5.7743979846357245,6,1,0
7480,Learned,1.0,0,4,263.7645019878171,6.289798724345471,12,4,0,4,259.35028842544403,6.279571694152125,10,3,0
7481,Learned,1.0,0,4,247.2792206135785,5.527569719127471,10,3,1,4,247.2792206135785,5.527569719127471,10,3,1
7482,Learned,1.0,0,5,222.55129855222071,5.760750035158816,9,2,0,5,218.1370849898476,5.746649428668464,5,0,0
7483,Learned,1.0,0,5,187.2670273047588,6.925643746140073,7,1,0,5,179.4386001800126,6.958099188870485,5,0,0
7484,Learned,0.9993887530562348,1,4,205.8233764908628,7.502715752035989,8,2,0,4,197.8233764908628,7.4069901359346515,4,0,0
7485,Learned,1.0,0,5,325.0782104868018,5.728277493253726,12,3,0,5,315.2497833620556,5.732801379322203,5,0,0
7486,Learned,1.0,0,4,209.16652224137044,6.409550546455857,11,4,1,4,204.75230867899734,6.40322547752125,9,3,1
7487,Learned,1.0,0,4,286.4629867976521,6.432239414058965,8,2,0,4,281.6345596729058,6.4359297283856565,6,1,0
7488,Learned,0.9993865030674847,1,4,306.76450198781714,5.635144736165892,14,5,0,4,306.76450198781714,5.635144736165892,14,5,0
7489,Learned,1.0,0,5,251.03657992645927,6.668794692704075,11,3,0,5,243.03657992645927,6.6689498337686555,7,1,0
7490,Learned,1.0,0,4,180.92388155425118,6.584612863799696,8,2,0,4,180.92388155425118,6.584612863799696,8,2,0
7491,Learned,1.0,0,5,286.0782104868018,6.158177611033226,9,2,0,5,282.24978336205567,6.159579126005544,7,1,0
7492,Learned,1.0,0,5,239.03657992645927,5.4158648392752795,11,3,0,5,239.03657992645927,5.4158648392752795,11,3,0
7493,Learned,1.0,0,4,176.9949493661166,5.200406739219217,4,0,0,4,176.9949493661166,5.200406739219217,4,0,0
7494,Learned,1.0,0,4,259.45079348883235,6.137933096629347,10,3,0,4,255.03657992645924,6.117643207249811,8,2,0
7495,Learned,0.9990732159406858,1,4,171.0538238691624,6.164533077935729,8,2,0,4,171.0538238691624,6.164533077935729,8,2,0
7496,Learned,1.0,0,5,231.79393923933998,6.136374916878017,12,4,1,5,226.9655121145938,6.096292186491449,10,3,1
7497,Learned,1.0,0,5,226.89444430272835,4.980909611170038,11,3,0,5,226.89444430272835,4.980909611170038,11,3,0
7498,Learned,1.0,0,4,177.4091629284897,6.924559662812755,4,0,0,4,177.4091629284897,6.924559662812755,4,0,0
7499,Learned,1.0,0,4,197.82337649086284,5.809636051289515,6,1,0,4,195.82337649086284,5.785379271734118,4,0,0
7500,Learned,1.0,0,4,259.45079348883235,5.92925782270006,6,1,0,4,259.45079348883235,5.92925782270006,6,1,0
7501,Learned,1.0,0,5,220.06601717798213,5.8640665394835,8,2,1,5,216.65180361560903,5.855219437218516,6,1,1
7502,Learned,1.0,0,4,239.3797256769668,5.465043127128396,5,1,1,4,239.3797256769668,5.465043127128396,5,1,1
7503,Learned,1.0,0,4,278.49242404917493,5.854545525704238,8,2,0,4,266.83556979968256,5.892785707155731,4,0,0
7504,Learned,0.9991823385118561,1,5,249.86500705120548,4.905778880222078,7,1,0,5,249.86500705120548,4.905778880222078,7,1,0
7505,Learned,0.9994019138755981,1,6,280.1198410471445,5.955084297171163,10,2,0,6,277.1198410471445,5.9217933595498975,8,1,0
7506,Learned,1.0,0,4,147.12489168102786,6.27155354660541,8,2,0,4,139.29646455628168,6.288735106447373,6,1,0
7507,Learned,1.0,0,4,188.7523086789974,7.555390273253423,8,2,0,4,185.3380951166243,7.450060805948018,6,1,0
7508,Learned,1.0,0,4,160.95331880577402,5.537626827898228,4,0,0,4,160.95331880577402,5.537626827898228,4,0,0
7509,Learned,1.0,0,5,170.53910524340094,6.497849942504999,5,0,0,5,170.53910524340094,6.497849942504999,5,0,0
7510,Learned,1.0,0,4,234.0660171779821,5.732277713254571,11,3,0,4,227.2375900532359,5.6998720724749985,8,2,0
7511,Learned,1.0,0,4,130.36753236814712,6.042900410243175,6,1,0,4,125.53910524340095,6.036331085814344,4,0,0
7512,Learned,1.0,0,4,263.1370849898476,6.088106982298313,10,3,0,4,263.1370849898476,6.088106982298313,10,3,0
7513,Learned,1.0,0,4,260.24978336205567,4.750396241225479,6,1,0,4,260.24978336205567,4.750396241225479,6,1,0
7514,Learned,1.0,0,5,306.03657992645924,6.325997198860691,14,5,1,5,303.0365799264593,6.29466717122382,12,4,1
7515,Learned,1.0,0,4,228.13708498984758,7.372275174544078,8,2,0,4,226.13708498984758,7.313658297743411,6,1,0
7516,Learned,1.0,0,4,273.0071426749364,6.941025511609244,14,5,0,4,261.35028842544403,6.953386377669953,10,3,0
7517,Learned,1.0,0,4,218.79393923933998,7.6069083969247195,9,3,1,4,218.79393923933998,7.6069083969247195,9,3,1
7518,Learned,1.0,0,4,167.8233764908628,6.316910568366185,8,2,0,4,157.58073580374352,6.034295640766476,4,0,0
7519,Learned,1.0,0,4,317.1787155501902,6.475164242040305,14,5,0,4,317.1787155501902,6.475164242040305,14,5,0
7520,Learned,1.0,0,4,253.96551211459376,5.613636028354549,12,4,0,4,253.96551211459376,5.613636028354549,12,4,0
7521,Learned,1.0,0,4,232.6223663640861,6.892626637666284,6,1,0,4,232.6223663640861,6.892626637666284,6,1,0
7522,Learned,1.0,0,4,237.55129855222066,5.614688811219375,10,4,2,4,237.55129855222066,5.614688811219375,10,4,2
7523,Learned,1.0,0,4,197.1959594928933,5.827187333203358,4,0,0,4,197.1959594928933,5.827187333203358,4,0,0
7524,Learned,1.0,0,5,232.4507934888323,6.244567942603771,5,0,0,5,232.4507934888323,6.244567942603771,5,0,0
7525,Learned,1.0,0,4,251.76450198781708,7.3585577905933555,9,3,1,4,251.76450198781708,7.3585577905933555,9,3,1
7526,Learned,1.0,0,5,288.07821048680194,6.9947498451282994,18,7,1,5,278.24978336205567,6.984850691641245,14,5,1
7527,Learned,1.0,0,4,208.8233764908628,4.939838895536106,10,3,0,4,203.9949493661166,4.914603860157228,6,1,0
7528,Learned,1.0,0,5,279.0365799264593,7.239058935055713,12,4,1,5,275.6223663640862,7.245178057758824,10,3,1
7529,Learned,1.0,0,4,250.0071426749364,4.972507667161507,8,2,0,4,250.0071426749364,4.972507667161507,8,2,0
7530,Learned,1.0,0,4,300.32085117392114,6.013267624081339,8,2,0,4,300.32085117392114,6.013267624081339,8,2,0
7531,Learned,1.0,0,4,273.0365799264592,5.917760647065641,9,3,1,4,273.0365799264592,5.917760647065641,9,3,1
7532,Learned,1.0,0,5,220.72287142747456,5.4316033299291195,7,1,0,5,220.72287142747456,5.4316033299291195,7,1,0
7533,Learned,1.0,0,4,171.82337649086284,7.409009348417123,6,1,0,4,171.82337649086284,7.409009348417123,6,1,0
7534,Learned,1.0,0,6,259.8355697996826,4.998803908746258,10,2,0,6,259.8355697996826,4.998803908746258,10,2,0
7535,Learned,1.0,0,5,280.9655121145938,6.45774694811035,12,4,1,5,278.9655121145938,6.418012623893147,10,3,1
7536,Learned,1.0,0,5,260.06601717798213,5.535313706155085,10,3,1,5,255.65180361560903,5.521814920223192,8,2,1
7537,Learned,0.9994459833795014,1,4,219.8944443027283,8.171641664694214,9,3,1,4,219.8944443027283,8.171641664694214,9,3,1
7538,Learned,1.0,0,4,277.6934341759516,6.552600278582407,8,2,0,4,277.6934341759516,6.552600278582407,8,2,0
7540,Learned,1.0,0,4,199.13708498984755,5.8723018616975,7,2,1,4,195.72287142747447,5.856614362568596,5,1,1
7541,Learned,1.0,0,4,305.96551211459376,6.426882785201131,17,7,1,4,293.8944443027283,6.482664403292641,11,4,1
7542,Learned,1.0,0,4,283.86500705120545,7.3239945305003955,8,2,0,4,283.86500705120545,7.3239945305003955,8,2,0
7543,Frangi,1.0,0,3,62.2842712474619,8.662670695121022,5,1,0,3,58.45584412271572,8.539455803405541,3,0,0
7544,Frangi,1.0,0,3,59.62741699796953,8.364126659344743,5,1,0,3,56.79898987322334,8.181301086867803,3,0,0
7545,Learned,1.0,0,4,251.23759005323592,6.709108790546566,8,2,0,4,251.23759005323592,6.709108790546566,8,2,0
7546,Learned,1.0,0,4,358.87720036002526,5.547855834280232,15,6,1,4,358.87720036002526,5.547855834280232,15,6,1
7547,Learned,1.0,0,4,167.92388155425115,5.161290766658538,6,1,0,4,164.09545442950497,5.181341365679009,4,0,0
7549,Learned,1.0,0,6,248.1665222413705,4.653306346796941,10,2,0,6,248.1665222413705,4.653306346796941,10,2,0
7550,Learned,1.0,0,5,302.8233764908628,4.86010973251885,10,3,1,5,298.99494936611666,4.856354157783976,8,2,1
7551,Learned,0.9991212653778558,1,6,237.55129855222066,4.926848009484567,10,2,0,6,231.3086578651014,4.890351188758002,6,0,0
7552,Learned,1.0,0,6,251.24978336205567,5.7597135204536265,6,0,0,6,251.24978336205567,5.7597135204536265,6,0,0
7553,Learned,1.0,0,5,307.1492782986674,5.264258200951385,18,8,3,5,298.32085117392114,5.245153118728272,12,5,3
7554,Learned,1.0,0,5,261.86500705120545,6.669056136589093,15,5,0,5,239.9655121145938,6.767960122251212,9,2,0
7555,Learned,1.0,0,4,237.8944443027283,7.606067300475626,10,3,0,4,234.0660171779821,7.60225956524302,8,2,0
7556,Learned,0.9993016759776536,1,4,246.27922061357845,5.864727007825208,6,1,1,4,246.27922061357845,5.864727007825208,6,1,1
7557,Learned,1.0,0,4,307.86500705120545,5.474516905601266,18,7,0,4,305.86500705120545,5.460870128040766,16,6,0
7558,Learned,1.0,0,4,271.73506473629425,4.885205492510901,8,2,0,4,271.73506473629425,4.885205492510901,8,2,0
7559,Learned,1.0,0,4,250.45079348883235,5.694029907010986,15,6,1,4,242.20815280171308,5.6907957249563434,11,4,1
7560,Learned,1.0,0,5,204.7228714274745,6.588757145539497,9,2,0,5,196.48023074035524,6.608561222369695,5,0,0
7561,Learned,1.0,0,5,267.3919189857866,4.998497231983853,11,3,0,5,262.9777054234135,4.950613057024767,7,1,0
7562,Learned,0.9992548435171386,1,5,234.23759005323598,5.79385635887113,14,5,1,5,227.99494936611666,5.776616549055535,10,3,1
7563,Learned,1.0,0,4,228.0660171779821,5.362532137207463,6,1,0,4,228.0660171779821,5.362532137207463,6,1,0
7564,Learned,1.0,0,6,289.37972567696687,5.506408228497877,10,2,0,6,289.37972567696687,5.506408228497877,10,2,0
7565,Learned,1.0,0,5,294.22034611053283,5.025802749450209,14,5,1,5,289.3919189857866,5.022019981571942,12,4,1
7566,Learned,1.0,0,5,193.7228714274745,6.166961237710292,7,1,0,5,190.3086578651014,6.187044281902357,5,0,0
7567,Learned,1.0,0,4,278.27922061357856,5.303406240975204,9,3,1,4,278.27922061357856,5.303406240975204,9,3,1
7568,Learned,1.0,0,4,196.8528137423857,8.104198662526585,9,3,1,4,193.43860018001263,8.041538125293746,7,2,1
7569,Learned,1.0,0,4,257.55129855222077,6.04073159075008,12,4,0,4,257.55129855222077,6.04073159075008,12,4,0
7570,Learned,1.0,0,5,322.8772003600251,5.910787401488433,11,3,0,5,321.4629867976521,5.905281714600908,9,2,0
7571,Learned,1.0,0,5,258.5512985522207,5.975430121691614,12,4,1,5,258.5512985522207,5.975430121691614,12,4,1
7574,Learned,1.0,0,4,176.58073580374355,6.269160824438236,6,1,0,4,174.58073580374355,6.199858340112275,4,0,0
7575,Learned,1.0,0,4,260.5512985522207,5.552365796915194,9,3,1,4,260.5512985522207,5.552365796915194,9,3,1
7576,Learned,1.0,0,5,254.6223663640862,5.951240875295447,7,1,0,5,254.6223663640862,5.951240875295447,7,1,0
7577,Learned,1.0,0,4,243.9655121145938,5.43722791137685,10,3,0,4,240.55129855222071,5.413299766939927,8,2,0
7578,Learned,1.0,0,5,214.99494936611666,5.7510760904739815,11,3,0,5,207.75230867899737,5.6585568298160815,9,2,0
7579,Learned,1.0,0,4,148.29646455628165,6.419443879113816,10,3,1,4,136.46803743153544,6.28523601551631,5,1,1
7581,Learned,1.0,0,4,214.82337649086287,7.279044443253883,14,5,1,4,195.3380951166243,7.319787057606332,7,2,1
7582,Learned,1.0,0,4,241.65180361560903,6.624699765410528,10,3,0,4,237.23759005323592,6.525690781293231,8,2,0
7583,Learned,1.0,0,4,263.5512985522207,5.786013477887929,10,3,0,4,263.5512985522207,5.786013477887929,10,3,0
7584,Learned,1.0,0,5,306.8772003600252,5.71386187596574,11,3,0,5,300.4629867976521,5.691847133347373,7,1,0
7585,Learned,1.0,0,4,181.9949493661166,7.020250900176048,6,1,0,4,181.9949493661166,7.020250900176048,6,1,0
7586,Learned,1.0,0,4,245.8944443027283,6.517407817578324,10,3,0,4,245.8944443027283,6.517407817578324,10,3,0
7587,Learned,1.0,0,4,254.1665222413705,6.603995398717791,11,4,1,4,249.7523086789974,6.611838905950664,9,3,1
7588,Learned,1.0,0,4,255.03657992645924,4.941627309701676,10,3,0,4,252.20815280171306,4.942896811131395,8,2,0
7589,Learned,1.0,0,4,220.99494936611666,6.8492624788666046,15,6,1,4,209.33809511662432,6.927004721555171,9,3,1
7590,Learned,1.0,0,4,249.2792206135786,6.245568839774842,12,4,0,4,242.86500705120545,6.243934804861571,10,3,0
7591,Learned,1.0,0,5,250.7523086789974,6.841780529498498,17,6,0,5,234.50966799187808,6.98961690663247,11,3,0
7592,Learned,1.0,0,4,276.0071426749363,6.427994270034859,6,1,0,4,273.0071426749363,6.43269738072099,4,0,0
7593,Learned,1.0,0,5,247.3797256769669,5.555987701384105,11,3,0,5,241.55129855222071,5.518464576080916,7,1,0
7594,Learned,1.0,0,4,219.72287142747447,5.239464480350213,4,0,0,4,219.72287142747447,5.239464480350213,4,0,0
7595,Learned,1.0,0,5,183.40916292848974,6.007530031028757,7,1,0,5,179.58073580374355,6.02574729116182,5,0,0
7596,Learned,1.0,0,5,324.3208511739212,6.359989167493963,12,4,1,5,315.07821048680194,6.341501606873624,8,2,1
7597,Learned,1.0,0,4,263.42135623730945,7.1067090633679,13,5,1,4,261.0071426749364,7.073613072281119,11,4,1
7598,Learned,1.0,0,5,202.92388155425118,7.822497600321315,9,2,0,5,198.5096679918781,7.730337009094578,7,1,0
7599,Learned,1.0,0,4,318.49242404917493,5.189722733270353,8,2,0,4,314.0782104868018,5.181770589341547,6,1,0
7601,Learned,1.0,0,6,277.65180361560897,6.432039518341309,8,1,0,6,277.65180361560897,6.432039518341309,8,1,0
7602,Learned,1.0,0,5,188.95331880577402,7.676322095438411,9,2,0,5,188.95331880577402,7.676322095438411,9,2,0
7603,Learned,1.0,0,4,320.49242404917493,6.205498077002291,15,5,0,4,313.24978336205567,6.156342415313948,13,4,0
7604,Learned,1.0,0,5,272.0782104868019,5.565470601891093,7,1,0,5,272.0782104868019,5.565470601891093,7,1,0
7605,Learned,1.0,0,4,240.86500705120554,5.5930275340127595,11,4,1,4,240.86500705120554,5.5930275340127595,11,4,1
7606,Learned,1.0,0,4,249.00714267493638,4.8896473363081565,6,1,0,4,249.00714267493638,4.8896473363081565,6,1,0
7607,Learned,1.0,0,5,234.13708498984758,5.154339268113426,7,1,0,5,234.13708498984758,5.154339268113426,7,1,0
7608,Learned,1.0,0,4,320.97770542341357,5.965663416869946,11,4,1,4,320.97770542341357,5.965663416869946,11,4,1
7609,Learned,1.0,0,4,232.96551211459376,5.7060577220938224,8,2,0,4,232.96551211459376,5.7060577220938224,8,2,0
7610,Learned,1.0,0,5,294.5218613006979,7.167439441163504,14,5,2,5,290.1076477383248,7.1665401661875645,12,4,2
7611,Learned,1.0,0,4,303.83556979968256,5.593836602941071,15,6,1,4,299.4213562373094,5.555771219847829,13,5,1
7612,Learned,1.0,0,5,235.23759005323592,5.043799277439046,9,2,0,5,235.23759005323592,5.043799277439046,9,2,0
7613,Learned,1.0,0,5,307.8355697996826,5.749074082684105,14,5,1,5,301.4213562373095,5.74715260156883,12,4,1
7614,Learned,1.0,0,6,229.72287142747447,5.209399569995245,6,0,0,6,229.72287142747447,5.209399569995245,6,0,0
7616,Learned,1.0,0,4,223.69343417595158,6.110010547819096,8,2,0,4,223.69343417595158,6.110010547819096,8,2,0
7617,Learned,1.0,0,4,135.95331880577405,6.266480601541373,4,0,0,4,135.95331880577405,6.266480601541373,4,0,0
7619,Learned,1.0,0,4,207.75230867899734,6.387904393489299,6,1,0,4,207.75230867899734,6.387904393489299,6,1,0
7620,Learned,1.0,0,6,292.492424049175,5.733615966904562,12,3,0,6,284.24978336205567,5.74326538983289,8,1,0
7621,Learned,1.0,0,4,216.48023074035518,5.810445816271396,10,3,0,4,210.0660171779821,5.835545038113019,8,2,0
7622,Learned,1.0,0,4,214.4386001800126,6.4202333390287425,9,3,1,4,214.4386001800126,6.4202333390287425,9,3,1
7623,Learned,1.0,0,5,233.55129855222071,4.794449216190091,7,1,0,5,233.55129855222071,4.794449216190091,7,1,0
7624,Learned,1.0,0,4,194.26702730475876,6.409763056987251,4,0,0,4,194.26702730475876,6.409763056987251,4,0,0
7625,Learned,1.0,0,5,277.17871555019025,6.357703238802266,13,4,0,5,273.17871555019025,6.302921279950195,11,3,0
7626,Learned,1.0,0,5,216.85281374238568,5.357325338363649,7,1,0,5,212.6101730552664,5.337849077322576,5,0,0
7627,Learned,0.9989764585465711,1,4,156.71067811865476,6.056763262377438,4,0,0,4,156.71067811865476,6.056763262377438,4,0,0
7628,Learned,1.0,0,5,179.99494936611666,5.106066239142498,5,0,0,5,179.99494936611666,5.106066239142498,5,0,0
7629,Learned,1.0,0,5,199.85281374238568,4.917535692859719,7,1,0,5,199.85281374238568,4.917535692859719,7,1,0
7630,Learned,1.0,0,4,202.40916292848974,5.782572880352427,8,2,0,4,202.40916292848974,5.782572880352427,8,2,0
7631,Learned,1.0,0,4,244.79393923933998,5.827875809959729,10,3,0,4,244.79393923933998,5.827875809959729,10,3,0
7632,Learned,1.0,0,4,249.7645019878171,6.785775059670826,13,5,2,4,249.7645019878171,6.785775059670826,13,5,2
7633,Learned,1.0,0,4,213.96551211459376,5.347674749423234,6,1,0,4,213.96551211459376,5.347674749423234,6,1,0
7634,Learned,0.9993275050437121,1,4,255.42135623730954,5.972991270950891,12,4,0,4,255.42135623730954,5.972991270950891,12,4,0
7635,Learned,1.0,0,4,238.4802307403552,6.736392516672974,10,3,1,4,233.06601717798208,6.808360790408612,5,1,1
7636,Learned,1.0,0,4,251.24978336205575,5.275852625958959,16,6,0,4,246.4213562373095,5.2871521999530575,14,5,0
7637,Learned,1.0,0,5,219.40916292848968,7.197717812110299,7,1,0,5,215.58073580374352,7.234029109288466,5,0,0
7638,Learned,1.0,0,5,252.62236636408613,5.969082908067828,6,1,1,5,252.62236636408613,5.969082908067828,6,1,1
7639,Learned,1.0,0,4,278.6639969244287,7.618891976558404,6,1,0,4,278.6639969244287,7.618891976558404,6,1,0
7640,Learned,1.0,0,4,149.19595949289334,5.086233417650727,6,1,0,4,149.19595949289334,5.086233417650727,6,1,0
7641,Learned,1.0,0,5,243.58073580374355,5.897527377523776,16,6,1,5,233.92388155425112,5.872723714692947,10,3,1
7642,Learned,1.0,0,4,166.2964645562817,5.85536552990082,10,3,0,4,157.6396103067893,5.875867868225769,6,1,0
7643,Learned,1.0,0,4,186.50966799187805,4.723835581984583,6,1,0,4,186.50966799187805,4.723835581984583,6,1,0
7644,Learned,1.0,0,4,239.10764773832483,7.381916606031294,12,4,0,4,226.86500705120548,7.367228815929842,6,1,0
7645,Learned,0.9992774566473989,1,4,264.2081528017131,5.620462259920976,15,6,2,4,258.96551211459376,5.6422991075952185,12,5,2
7646,Learned,1.0,0,4,416.16147160748716,5.790517242834552,23,11,4,4,413.1614716074871,5.788351623143059,21,10,4
7647,Learned,1.0,0,5,226.62236636408613,5.248583948329041,7,1,0,5,222.62236636408613,5.206454109606913,5,0,0
7648,Learned,1.0,0,5,234.9238815542512,6.842220441292926,11,3,0,5,229.6812408671319,6.871277963697793,9,2,0
7649,Learned,1.0,0,4,223.50966799187808,5.863091874059475,8,2,0,4,223.50966799187808,5.863091874059475,8,2,0
7650,Frangi,1.0,0,3,84.94112549695427,8.96675979393862,5,1,0,3,82.52691193458118,8.919397351925353,3,0,0
7651,Learned,1.0,0,4,196.89444430272832,7.065584115887886,9,3,1,4,192.8944443027283,6.9664478844465165,7,2,1
7652,Learned,1.0,0,4,217.4507934888323,6.463066996752848,6,1,0,4,216.03657992645918,6.412798458909617,4,0,0
7653,Learned,1.0,0,4,238.48023074035518,6.602218706909276,6,1,0,4,238.48023074035518,6.602218706909276,6,1,0
7654,Learned,1.0,0,4,169.36753236814715,5.405943109702041,8,2,0,4,169.36753236814715,5.405943109702041,8,2,0
7655,Learned,1.0,0,4,261.350288425444,7.8398892920442576,11,4,1,4,261.350288425444,7.8398892920442576,11,4,1
7656,Learned,1.0,0,4,208.82337649086287,5.22761117079325,8,2,0,4,208.82337649086287,5.22761117079325,8,2,0
7657,Learned,0.9993174061433447,1,4,276.2497833620556,5.413941012980149,8,2,0,4,276.2497833620556,5.413941012980149,8,2,0
7658,Learned,1.0,0,4,210.50966799187808,7.212659380114851,12,4,0,4,203.09545442950497,7.2178386762767035,10,3,0
7659,Learned,1.0,0,5,297.8355697996826,6.537995183622138,18,7,1,5,279.17871555019025,6.483253998455976,8,2,1
7660,Learned,1.0,0,4,211.8528137423857,5.017052496176385,8,2,0,4,211.8528137423857,5.017052496176385,8,2,0
7661,Learned,0.9994579945799458,1,5,284.1787155501902,6.358180861510618,9,2,0,5,282.1787155501902,6.358031410149278,7,1,0
7663,Learned,1.0,0,5,380.4041122946064,6.142911706800765,16,6,1,5,374.5756851698602,6.106006204579333,14,5,1
7664,Learned,1.0,0,4,267.93607486307087,6.734777299937644,10,3,0,4,261.52186130069776,6.7355832285831125,8,2,0
7665,Learned,1.0,0,4,224.55129855222066,6.126545694014703,6,1,0,4,221.13708498984755,6.094241359588188,4,0,0
7666,Learned,1.0,0,4,232.8650070512054,6.085253671222384,10,3,0,4,228.03657992645924,6.126085437070415,8,2,0
7667,Learned,1.0,0,5,223.4802307403552,5.376914637565632,5,0,0,5,223.4802307403552,5.376914637565632,5,0,0
7668,Learned,1.0,0,4,352.7056274847714,6.489100149885068,23,11,3,4,342.04877323527904,6.470749458714546,17,8,3
7669,Learned,1.0,0,4,220.6812408671319,5.3571717947862,13,5,1,4,216.68124086713186,5.341464527370418,9,3,1
7670,Learned,1.0,0,4,286.73506473629425,4.8791423975799715,13,5,1,4,282.90663761154804,4.876610883541585,11,4,1
7671,Learned,1.0,0,5,300.9066376115481,6.124566819640092,9,2,0,5,296.0782104868019,6.117351364561975,7,1,0
7672,Learned,1.0,0,4,163.6101730552664,5.60454576214266,6,1,0,4,160.6101730552664,5.549732524615152,4,0,0
7673,Learned,1.0,0,4,141.0538238691624,6.703917080789235,6,1,0,4,139.0538238691624,6.660305897073872,4,0,0
7674,Learned,1.0,0,5,232.5512985522207,6.260334469047903,9,2,0,5,232.5512985522207,6.260334469047903,9,2,0
7675,Learned,1.0,0,5,327.87720036002514,5.495638172111018,11,3,0,5,324.4629867976521,5.515007326676615,9,2,0
7676,Learned,1.0,0,4,304.3919189857866,6.417248562189936,10,3,0,4,304.3919189857866,6.417248562189936,10,3,0
7677,Learned,0.999507874015748,1,5,296.17871555019025,7.110793974458128,15,5,1,5,286.35028842544403,7.066921559855175,10,3,1
7678,Learned,0.9993084370677732,1,4,294.97770542341345,5.244893680748088,11,4,1,4,286.56349186104035,5.1895527846931975,9,3,1
7679,Learned,1.0,0,4,202.37972567696684,6.652318699428774,6,1,0,4,199.37972567696684,6.524147692576003,4,0,0
7680,Learned,1.0,0,4,351.7056274847714,4.9628903017447055,13,5,1,4,351.7056274847714,4.9628903017447055,13,5,1
7681,Learned,1.0,0,4,187.29646455628168,5.464550730260659,9,3,1,4,180.0538238691624,5.317668399868321,7,2,1
7682,Learned,1.0,0,5,289.4802307403552,5.925260823605513,11,3,0,5,286.06601717798213,5.879533546669855,9,2,0
7684,Learned,1.0,0,4,186.09545442950497,6.16475611760524,6,1,0,4,184.6812408671319,6.153502079553355,4,0,0
7685,Learned,1.0,0,4,221.86500705120542,6.13824910198114,9,3,1,4,221.86500705120542,6.13824910198114,9,3,1
7687,Learned,1.0,0,4,256.96551211459376,5.743124161145084,15,6,1,4,255.55129855222074,5.730204755842684,13,5,1
7688,Learned,1.0,0,4,227.79393923933992,4.789411554976301,8,2,0,4,222.96551211459376,4.770827951641524,6,1,0
7689,Learned,1.0,0,4,226.0243866176395,6.525710752988583,8,2,0,4,226.0243866176395,6.525710752988583,8,2,0
7690,Learned,1.0,0,5,255.86500705120542,6.613255857444472,7,1,0,5,255.86500705120542,6.613255857444472,7,1,0
7691,Learned,1.0,0,4,229.7228714274745,6.556143459000105,8,2,0,4,229.7228714274745,6.556143459000105,8,2,0
7692,Learned,1.0,0,5,284.13708498984755,5.97000951668007,10,3,2,5,284.13708498984755,5.97000951668007,10,3,2
7693,Learned,1.0,0,4,229.8528137423857,6.17192654409849,10,3,0,4,226.4386001800126,6.129285197875496,8,2,0
7694,Frangi,1.0,0,2,96.59797974644665,10.467076468860192,5,2,1,2,96.59797974644665,10.467076468860192,5,2,1
7695,Learned,1.0,0,5,261.9360748630709,5.613225740208463,10,3,1,5,261.9360748630709,5.613225740208463,10,3,1
7696,Learned,1.0,0,6,278.5340546095175,5.577589380734711,8,1,0,6,278.5340546095175,5.577589380734711,8,1,0
7697,Learned,1.0,0,4,269.69343417595167,5.756684202976579,14,5,0,4,260.86500705120545,5.675751503250873,10,3,0
7698,Learned,1.0,0,4,309.90663761154815,7.19764263185262,16,6,0,4,309.90663761154815,7.19764263185262,16,6,0
7699,Learned,1.0,0,6,275.13708498984755,5.00705156805044,10,2,0,6,269.1370849898475,4.918021024787739,6,0,0
7700,Learned,1.0,0,5,352.60512242138304,6.544055158064072,14,5,1,5,341.5340546095175,6.553389177830493,10,3,1
7702,Learned,1.0,0,5,256.52186130069776,4.6654479071545385,5,0,0,5,256.52186130069776,4.6654479071545385,5,0,0
7703,Learned,1.0,0,4,206.09545442950497,5.4364844513008155,8,2,0,4,202.26702730475878,5.441034192021479,6,1,0
7704,Learned,1.0,0,4,323.42135623730945,5.411175085262167,11,4,2,4,319.0071426749364,5.410521033981305,9,3,2
7705,Learned,1.0,0,4,269.76450198781714,5.832544593096794,8,2,0,4,269.76450198781714,5.832544593096794,8,2,0
7706,Learned,1.0,0,4,276.17871555019013,5.540847825284978,8,2,0,4,276.17871555019013,5.540847825284978,8,2,0
7707,Learned,1.0,0,5,181.6101730552664,5.599130881322104,7,1,0,5,177.6101730552664,5.599448604486949,5,0,0
7708,Learned,1.0,0,5,225.89444430272832,4.8062449653822386,7,1,0,5,216.65180361560903,4.807942557199372,5,0,0
7709,Learned,1.0,0,5,186.7817459305202,5.868646465615875,5,0,0,5,186.7817459305202,5.868646465615875,5,0,0
7710,Learned,1.0,0,4,227.9360748630709,6.563731880530522,10,3,0,4,222.52186130069782,6.567394165661861,8,2,0
7711,Learned,1.0,0,4,275.82337649086287,5.222442374092404,10,3,1,4,275.82337649086287,5.222442374092404,10,3,1
7712,Learned,1.0,0,5,215.30865786510142,6.342852464944297,9,2,0,5,215.30865786510142,6.342852464944297,9,2,0
7713,Learned,1.0,0,4,255.20815280171308,7.338582861078847,11,4,1,4,250.79393923933998,7.367223144944822,9,3,1
7714,Learned,1.0,0,4,243.96551211459376,6.602062862802078,8,2,0,4,239.55129855222071,6.613151982498113,6,1,0
7715,Learned,1.0,0,5,322.49242404917493,5.7012569550046805,11,3,0,5,317.66399692442883,5.682047511354639,9,2,0
7716,Learned,1.0,0,4,212.06601717798213,5.187669086151079,9,3,1,4,212.06601717798213,5.187669086151079,9,3,1
7717,Learned,1.0,0,5,262.6639969244287,5.848200729393969,7,1,0,5,262.6639969244287,5.848200729393969,7,1,0
7718,Learned,1.0,0,5,243.4802307403552,4.756902646832127,9,2,0,5,243.4802307403552,4.756902646832127,9,2,0
7719,Learned,1.0,0,5,225.48023074035515,6.097850183207264,7,1,0,5,223.48023074035515,6.084575732387723,5,0,0
7720,Learned,1.0,0,4,187.4386001800126,6.176204362083452,8,2,0,4,180.6101730552664,6.171910132631681,4,0,0
7721,Learned,1.0,0,4,233.45079348883226,5.050163365428646,6,1,0,4,228.62236636408608,5.023166867275985,4,0,0
7722,Learned,1.0,0,4,220.65180361560903,6.559138648171641,13,5,1,4,214.65180361560903,6.5770861401872,9,3,1
7723,Learned,1.0,0,4,126.39696961966999,8.39229209735228,8,2,1,4,119.5685424949238,8.27684341255559,5,1,1
7724,Learned,1.0,0,4,177.33809511662426,5.9914654787917945,11,4,1,4,171.5096679918781,5.859411835197841,9,3,1
7725,Learned,1.0,0,5,250.13708498984758,5.73515713444978,7,1,0,5,250.13708498984758,5.73515713444978,7,1,0
7726,Learned,1.0,0,5,218.2375900532359,5.661946908602665,11,3,0,5,218.2375900532359,5.661946908602665,11,3,0
7727,Learned,1.0,0,4,244.5512985522207,5.419981283965539,10,3,0,4,240.1370849898476,5.4302342361869655,8,2,0
7728,Learned,1.0,0,5,346.94826817189073,6.4512996311271,18,7,1,5,344.5340546095176,6.465075883269984,16,6,1
7729,Learned,1.0,0,5,231.40916292848976,5.06839276516166,8,2,1,5,231.40916292848976,5.06839276516166,8,2,1
7730,Learned,1.0,0,4,227.35028842544406,6.396139047986392,11,4,1,4,222.93607486307096,6.409497248689021,9,3,1
7731,Learned,1.0,0,4,253.55129855222066,5.13926533959357,9,3,1,4,253.55129855222066,5.13926533959357,9,3,1
7732,Learned,1.0,0,5,298.0782104868019,6.259812787935689,11,3,0,5,298.0782104868019,6.259812787935689,11,3,0
7733,Learned,1.0,0,4,240.8944443027283,7.170386074763392,15,6,1,4,230.23759005323592,7.17058409868749,11,4,1
7734,Learned,1.0,0,4,306.39191898578673,5.153520187956721,14,5,0,4,297.7350647362943,5.15331614157105,10,3,0
7735,Learned,1.0,0,5,283.237590053236,6.059120574718596,13,4,0,5,280.82337649086287,6.0502146950783855,11,3,0
7736,Learned,1.0,0,4,194.96551211459374,5.025186072247408,4,0,0,4,194.96551211459374,5.025186072247408,4,0,0
7737,Learned,1.0,0,5,207.99494936611666,5.699384156671375,7,1,0,5,204.58073580374355,5.6924966952109,5,0,0
7738,Learned,1.0,0,4,267.79393923934,5.382585147835318,10,4,2,4,264.79393923934,5.376238055308723,8,3,2
7739,Learned,1.0,0,4,378.29141392239836,6.09933129086206,18,7,0,4,378.29141392239836,6.09933129086206,18,7,0
7740,Learned,1.0,0,5,243.89444430272832,6.20775482712347,9,2,0,5,240.8944443027283,6.184412875062907,7,1,0
7741,Learned,1.0,0,5,207.8944443027283,6.57544307625499,11,3,0,5,204.06601717798213,6.536085701569817,9,2,0
7743,Learned,1.0,0,4,169.4680374315355,6.960717483586369,9,3,1,4,165.05382386916241,6.99975882908435,7,2,1
7744,Learned,1.0,0,5,312.9777054234135,5.088224550035918,11,3,0,5,312.9777054234135,5.088224550035918,11,3,0
7745,Learned,1.0,0,4,237.72287142747444,5.465499536099364,8,2,0,4,237.72287142747444,5.465499536099364,8,2,0
7746,Learned,1.0,0,6,193.65180361560903,5.493682012957688,6,0,0,6,193.65180361560903,5.493682012957688,6,0,0
7747,Learned,1.0,0,5,388.91883092036784,6.002724671417096,13,4,0,5,388.91883092036784,6.002724671417096,13,4,0
7748,Learned,1.0,0,5,178.65180361560903,4.91246088473109,5,0,0,5,178.65180361560903,4.91246088473109,5,0,0
7749,Learned,1.0,0,5,312.6639969244288,5.397187620253668,15,5,0,5,309.2497833620556,5.400220679563729,13,4,0
7750,Learned,1.0,0,5,239.96551211459382,6.250806448583357,9,2,0,5,239.96551211459382,6.250806448583357,9,2,0
7752,Learned,1.0,0,4,215.48023074035524,6.0056267546645845,8,2,0,4,211.48023074035524,5.932572034855003,6,1,0
7753,Learned,1.0,0,6,209.61017305526642,6.068658813353584,8,1,0,6,209.61017305526642,6.068658813353584,8,1,0
7754,Learned,0.9992389649923896,1,5,202.65180361560903,6.145792319764964,5,0,0,5,202.65180361560903,6.145792319764964,5,0,0
7755,Learned,1.0,0,4,185.50966799187808,5.3073794508514185,6,1,0,4,178.68124086713186,5.283133011763227,4,0,0
7756,Learned,1.0,0,4,266.20815280171314,6.495925749860828,14,5,0,4,261.3797256769669,6.524276874897607,12,4,0
7757,Learned,1.0,0,4,295.03657992645924,5.80912899026124,8,2,0,4,295.03657992645924,5.80912899026124,8,2,0
7758,Learned,1.0,0,5,202.96551211459376,6.891249446949918,5,0,0,5,202.96551211459376,6.891249446949918,5,0,0
7759,Learned,1.0,0,4,253.9655121145938,6.320766239843918,12,4,0,4,245.5512985522207,6.3438912955293505,10,3,0
7760,Learned,1.0,0,4,186.8233764908628,5.403746189654907,6,1,0,4,183.8233764908628,5.403611117381513,4,0,0
7761,Learned,1.0,0,4,220.16652224137044,6.2057158238171715,8,2,0,4,215.7523086789974,6.167890709621103,6,1,0
7762,Learned,1.0,0,5,194.86500705120545,5.603218310544279,7,1,0,5,191.86500705120542,5.565742247666132,5,0,0
7763,Learned,1.0,0,4,328.8061325481598,6.051033094735927,14,5,1,4,322.97770542341357,6.010011494787033,11,4,1
7764,Learned,1.0,0,5,304.86500705120545,6.562962959689003,11,3,0,5,299.0365799264593,6.5621739558102465,9,2,0
7765,Learned,1.0,0,4,218.06601717798213,5.092156296067143,6,1,0,4,218.06601717798213,5.092156296067143,6,1,0
7766,Learned,1.0,0,4,301.048773235279,6.382636982439878,12,4,0,4,292.8061325481597,6.390285913961744,8,2,0
7767,Learned,1.0,0,4,152.6101730552664,4.92760632348431,4,0,0,4,152.6101730552664,4.92760632348431,4,0,0
7768,Learned,1.0,0,4,305.6051224213831,6.634385895885372,17,7,1,4,301.60512242138304,6.5917241637107145,15,6,1
7769,Learned,0.9994385176866929,1,4,267.1787155501902,7.0549464812975105,8,2,0,4,267.1787155501902,7.0549464812975105,8,2,0
7770,Learned,1.0,0,4,225.96551211459376,6.398944675862512,8,2,0,4,219.55129855222066,6.389090072663238,6,1,0
7771,Learned,1.0,0,4,200.30865786510137,6.211059843948602,6,1,0,4,200.30865786510137,6.211059843948602,6,1,0
7772,Learned,1.0,0,4,190.2670273047588,6.522506267539513,8,2,0,4,190.2670273047588,6.522506267539513,8,2,0
7773,Learned,1.0,0,5,263.4213562373095,5.226525355287524,11,3,0,5,261.4213562373095,5.225089449777862,9,2,0
7774,Learned,1.0,0,5,285.14927829866724,5.309660589239476,7,1,0,5,285.14927829866724,5.309660589239476,7,1,0
7775,Learned,1.0,0,4,209.2375900532359,5.9493184238650825,9,3,1,4,206.82337649086278,5.9408737126529,7,2,1
7776,Learned,1.0,0,4,321.46298679765215,6.317385236728082,16,7,2,4,316.63455967290594,6.297693226071971,14,6,2
7777,Learned,1.0,0,5,268.7645019878171,6.978592850075482,7,1,0,5,266.350288425444,6.9783988144993065,5,0,0
7778,Learned,1.0,0,4,247.79393923933995,5.493853900420913,10,3,0,4,245.37972567696687,5.497750721037444,8,2,0
7779,Learned,1.0,0,4,229.16652224137047,6.293196303473393,13,5,1,4,225.7523086789974,6.278625880257427,9,3,1
7780,Learned,1.0,0,4,272.73506473629425,5.062671757642323,15,6,1,4,254.66399692442877,5.065166096771291,6,1,1
7781,Learned,1.0,0,4,281.37972567696687,7.0625827113862,15,6,1,4,271.5512985522207,7.096250323803507,11,4,1
7782,Learned,1.0,0,4,233.8944443027283,7.098288424613652,12,4,0,4,225.651803615609,7.108596520930836,8,2,0
7783,Learned,1.0,0,5,273.3208511739212,6.5517995531553055,10,3,1,5,270.32085117392114,6.539936490953398,8,2,1
7784,Learned,1.0,0,5,275.93607486307087,5.661891511146531,5,0,0,5,275.93607486307087,5.661891511146531,5,0,0
7785,Learned,1.0,0,5,327.8772003600252,6.144236392445043,17,6,1,5,323.04877323527904,6.085637479524397,14,5,1
7786,Learned,1.0,0,5,230.03657992645924,5.261219394006228,7,1,0,5,230.03657992645924,5.261219394006228,7,1,0
7787,Learned,1.0,0,4,269.49242404917493,5.605056147027311,6,1,0,4,269.49242404917493,5.605056147027311,6,1,0
7788,Learned,1.0,0,4,193.4091629284897,6.334085442329852,8,2,0,4,193.4091629284897,6.334085442329852,8,2,0
7789,Learned,1.0,0,4,220.79393923934,5.521273472205826,11,4,1,4,220.79393923934,5.521273472205826,11,4,1
7790,Learned,0.9991980753809142,1,4,234.23759005323592,5.462146595315527,8,2,0,4,234.23759005323592,5.462146595315527,8,2,0
7791,Learned,1.0,0,4,293.1787155501903,7.369920005344799,15,6,1,4,284.9360748630709,7.361267308000721,9,3,1
7792,Learned,1.0,0,4,231.89444430272823,5.806253073590122,6,1,0,4,228.48023074035513,5.774401240144717,4,0,0
7793,Learned,1.0,0,5,181.4091629284897,5.466308425695002,5,0,0,5,181.4091629284897,5.466308425695002,5,0,0
7794,Learned,1.0,0,4,194.09545442950497,6.044971542353777,6,1,0,4,189.68124086713186,5.989841290178545,4,0,0
7795,Learned,1.0,0,4,144.81118318204307,5.73134805750911,6,1,0,4,144.81118318204307,5.73134805750911,6,1,0
7796,Learned,1.0,0,5,268.42135623730945,5.323987969488869,7,1,0,5,268.42135623730945,5.323987969488869,7,1,0
7797,Learned,1.0,0,5,212.55129855222066,4.7796512516225595,5,0,0,5,212.55129855222066,4.7796512516225595,5,0,0
7798,Learned,1.0,0,4,206.23759005323592,5.567618849381982,6,1,0,4,203.82337649086284,5.555324918704227,4,0,0
7799,Learned,1.0,0,4,296.9066376115481,6.3263270573643515,19,8,1,4,285.6639969244288,6.300479220813645,13,5,1
7800,Learned,1.0,0,4,245.72287142747447,6.328100636726511,10,3,0,4,245.72287142747447,6.328100636726511,10,3,0
7801,Learned,1.0,0,6,315.8772003600252,5.26953532119232,6,0,0,6,315.8772003600252,5.26953532119232,6,0,0
7802,Learned,1.0,0,5,264.06601717798213,6.148723519387939,14,5,1,5,258.237590053236,6.151303024796903,10,3,1
7803,Learned,1.0,0,4,222.6223663640862,5.5373442644546245,8,2,0,4,222.6223663640862,5.5373442644546245,8,2,0
7804,Learned,1.0,0,4,249.03657992645924,5.531549683115925,8,2,1,4,244.62236636408616,5.515686869461622,5,1,1
7805,Learned,1.0,0,5,352.3624817342637,6.1138621634198325,17,6,0,5,347.5340546095175,6.131273189280448,15,5,0
7806,Learned,1.0,0,5,221.78174593052017,5.710580031867487,9,2,0,5,215.953318805774,5.723839570832085,5,0,0
7807,Learned,1.0,0,5,315.2497833620557,7.248416476844684,16,6,1,5,307.00714267493646,7.230170341993873,12,4,1
7808,Learned,1.0,0,5,236.10764773832472,5.46263186352524,9,2,0,5,236.10764773832472,5.46263186352524,9,2,0
7809,Learned,1.0,0,5,338.32085117392114,5.629116761146426,15,6,2,5,334.906637611548,5.635530306705097,13,5,2
7810,Learned,1.0,0,4,263.0365799264593,6.339086471605817,10,3,0,4,263.0365799264593,6.339086471605817,10,3,0
7811,Learned,1.0,0,5,273.2497833620557,5.49549981464886,13,4,0,5,268.8355697996826,5.5355727430356945,11,3,0
7812,Learned,1.0,0,5,197.58073580374352,5.299196723721708,9,2,0,5,193.7523086789973,5.275781894000586,7,1,0
7813,Learned,1.0,0,4,242.16652224137044,6.644575294617385,10,3,0,4,235.33809511662426,6.654644156648424,8,2,0
7814,Learned,1.0,0,4,161.75230867899737,5.752141227123549,4,0,0,4,161.75230867899737,5.752141227123549,4,0,0
7815,Learned,1.0,0,5,261.45079348883246,6.378726490887762,13,4,0,5,251.79393923934003,6.354103050556526,9,2,0
7816,Learned,1.0,0,4,222.2792206135785,5.743236156992103,6,1,0,4,222.2792206135785,5.743236156992103,6,1,0
7817,Learned,1.0,0,4,219.55129855222071,5.660091897846451,8,2,0,4,217.55129855222074,5.639129297274656,6,1,0
7818,Learned,1.0,0,4,222.99494936611666,6.45801350426199,14,5,0,4,210.7523086789974,6.481747120709568,8,2,0
7819,Learned,1.0,0,4,205.78174593052023,5.470974640348652,8,2,0,4,204.36753236814712,5.456203472217537,6,1,0
7820,Learned,1.0,0,4,278.56349186104046,5.446133302255004,12,4,0,4,278.56349186104046,5.446133302255004,12,4,0
7821,Learned,1.0,0,5,187.95331880577402,6.058023234122951,11,3,0,5,182.53910524340094,6.042030816023746,7,1,0
7822,Learned,1.0,0,4,222.30865786510134,5.573402601941463,6,1,0,4,219.30865786510134,5.577897027283587,4,0,0
7823,Learned,1.0,0,5,259.30865786510145,6.839380236578468,9,2,0,5,259.30865786510145,6.839380236578468,9,2,0
7824,Learned,1.0,0,4,168.61017305526642,5.190238515895967,6,1,0,4,168.61017305526642,5.190238515895967,6,1,0
7825,Learned,1.0,0,4,196.6101730552664,5.085624408348563,7,1,0,4,192.19595949289328,5.128069443809917,6,1,0
7826,Learned,1.0,0,4,270.48023074035524,5.34169977998751,14,5,0,4,268.48023074035524,5.320521620976484,12,4,0
7827,Learned,1.0,0,5,238.76450198781714,4.8828269287977974,9,2,0,5,234.52186130069788,4.887073447874953,7,1,0
7828,Learned,1.0,0,5,240.16652224137044,5.980046813803676,8,2,1,5,237.16652224137044,5.952938535300704,6,1,1
7829,Frangi,1.0,0,4,108.25483399593907,8.976134240152696,8,2,0,4,106.84062043356596,8.910424859594384,6,1,0
7830,Learned,1.0,0,6,221.4386001800126,5.470359248575735,8,1,0,6,216.0243866176395,5.449609273509252,6,0,0
7831,Learned,1.0,0,4,272.6223663640862,7.442223309701885,19,8,1,4,268.79393923934,7.402598001805225,15,6,1
7832,Learned,1.0,0,6,256.8944443027283,6.426481021499331,13,4,1,6,254.8944443027283,6.373932221271613,11,3,1
7834,Learned,1.0,0,4,302.17871555019025,6.273712983977807,10,3,0,4,297.350288425444,6.278649586394537,8,2,0
7835,Learned,1.0,0,5,272.4213562373095,5.187031015883062,9,2,0,5,272.4213562373095,5.187031015883062,9,2,0
7836,Learned,1.0,0,5,312.6639969244288,5.419081776525237,10,2,0,5,309.6639969244288,5.406539266467503,8,1,0
7837,Learned,1.0,0,4,232.86500705120545,6.0579966789353845,10,3,0,4,229.03657992645927,6.065694337602488,8,2,0
7838,Learned,1.0,0,4,238.69343417595158,6.291935997005773,7,1,0,4,238.69343417595158,6.291935997005773,7,1,0
7839,Learned,1.0,0,5,208.48023074035524,6.594622443298448,10,3,1,5,204.06601717798213,6.5459820615071695,8,2,1
7840,Learned,1.0,0,4,186.50966799187805,4.852720135537768,6,1,0,4,186.50966799187805,4.852720135537768,6,1,0
7841,Learned,1.0,0,4,257.9360748630709,5.335282801103326,8,2,0,4,257.9360748630709,5.335282801103326,8,2,0
7842,Learned,1.0,0,6,290.5929291125633,5.573315009276779,10,2,0,6,290.5929291125633,5.573315009276779,10,2,0
7843,Learned,1.0,0,5,257.2792206135785,5.615845645068979,7,1,0,5,251.4507934888323,5.591841328419021,5,0,0
7844,Learned,1.0,0,4,245.4091629284897,6.111041280279465,10,3,0,4,237.3380951166242,5.983164705591538,8,2,0
7845,Learned,1.0,0,6,273.6518036156091,6.469141481246954,10,2,0,6,273.6518036156091,6.469141481246954,10,2,0
7846,Learned,1.0,0,4,246.96551211459376,5.186415571337691,8,2,0,4,246.96551211459376,5.186415571337691,8,2,0
7847,Learned,1.0,0,5,223.72287142747447,4.896328129648787,5,0,0,5,223.72287142747447,4.896328129648787,5,0,0
7849,Learned,1.0,0,6,155.095454429505,5.7504940444045,6,0,0,6,155.095454429505,5.7504940444045,6,0,0
7850,Learned,1.0,0,5,183.8528137423857,7.114863233078813,7,1,0,5,183.8528137423857,7.114863233078813,7,1,0
7851,Learned,1.0,0,4,258.3086578651014,4.6525268907972155,8,2,0,4,258.3086578651014,4.6525268907972155,8,2,0
7853,Learned,1.0,0,6,217.72287142747447,5.194017103557103,8,1,0,6,215.72287142747447,5.189376815441311,6,0,0
7854,Frangi,1.0,0,4,71.69848480983501,8.964997887740774,6,1,0,4,69.2842712474619,8.87965485688526,4,0,0
7855,Learned,1.0,0,5,333.4335495461292,5.21730234820354,13,4,0,5,327.605122421383,5.24833368848711,11,3,0
7856,Learned,1.0,0,4,343.634559672906,6.838499461744437,24,12,4,4,339.634559672906,6.856988038774833,18,9,4
7857,Learned,1.0,0,6,298.03657992645924,7.179447633140237,12,3,0,6,286.96551211459376,7.190677549340146,8,1,0
7858,Learned,1.0,0,4,238.237590053236,5.557035879403127,13,5,1,4,236.23759005323598,5.553285721602272,11,4,1
7859,Learned,1.0,0,6,302.4213562373095,6.500779451871803,12,3,0,6,300.4213562373095,6.487655507599136,10,2,0
7860,Learned,1.0,0,5,353.19090885901,6.507215991751719,18,7,2,5,350.7766952966369,6.488107951135508,17,7,2
7861,Learned,1.0,0,4,262.13708498984755,5.167819392383597,6,1,0,4,262.13708498984755,5.167819392383597,6,1,0
7862,Learned,1.0,0,4,189.4386001800126,5.963314042553934,8,2,0,4,189.4386001800126,5.963314042553934,8,2,0
7863,Learned,1.0,0,5,251.3797256769669,5.758378364495914,8,2,1,5,251.3797256769669,5.758378364495914,8,2,1
7864,Learned,1.0,0,5,351.29141392239836,5.696452866786989,21,8,0,5,344.0487732352791,5.680073649997798,17,6,0
7865,Learned,1.0,0,4,227.7523086789973,6.455360870088465,4,0,0,4,227.7523086789973,6.455360870088465,4,0,0
7866,Learned,1.0,0,6,264.45079348883235,6.175909779633795,8,1,0,6,264.45079348883235,6.175909779633795,8,1,0
7867,Learned,1.0,0,4,279.7645019878171,6.348255283192602,17,7,1,4,271.52186130069776,6.383281223257547,11,4,1
7868,Learned,1.0,0,4,203.9949493661166,5.3538776425509855,4,0,0,4,203.9949493661166,5.3538776425509855,4,0,0
7869,Learned,1.0,0,7,282.32085117392114,5.510578101401591,13,3,0,7,272.0782104868019,5.478401676346524,7,0,0
7870,Learned,1.0,0,4,217.40916292848976,6.618378825249042,12,4,0,4,213.99494936611666,6.584478638058976,10,3,0
7871,Learned,1.0,0,4,295.6223663640862,5.491295933796086,17,6,0,4,292.79393923934003,5.475107412206202,15,5,0
7872,Learned,1.0,0,6,276.4507934888324,4.535319838846322,11,3,1,6,276.4507934888324,4.535319838846322,11,3,1
7873,Learned,1.0,0,4,205.58073580374355,5.528661587556203,8,2,0,4,205.58073580374355,5.528661587556203,8,2,0
7874,Learned,1.0,0,4,199.58073580374355,7.566548394886658,8,2,0,4,195.33809511662426,7.427759568417489,6,1,0
7875,Learned,1.0,0,4,237.23759005323586,5.999555406451202,6,1,0,4,237.23759005323586,5.999555406451202,6,1,0
7876,Learned,1.0,0,4,269.6223663640862,5.193525334044992,11,4,1,4,269.6223663640862,5.193525334044992,11,4,1
7877,Learned,1.0,0,4,229.40916292848976,6.353599457748763,10,3,0,4,221.99494936611663,6.349567217172585,6,1,0
7878,Learned,1.0,0,5,239.30865786510142,5.159625618871454,11,3,0,5,231.4802307403552,5.110733199524222,9,2,0
7879,Frangi,1.0,0,1,70.59797974644668,8.21645047713875,3,1,0,1,70.59797974644668,8.21645047713875,3,1,0
7881,Learned,1.0,0,4,189.7817459305202,5.156438031888308,6,1,0,4,187.36753236814712,5.143358112034983,4,0,0
7882,Learned,1.0,0,5,219.89444430272835,5.3440260303374085,9,2,0,5,219.89444430272835,5.3440260303374085,9,2,0
7883,Learned,1.0,0,5,171.58073580374355,5.964296821622942,7,1,0,5,169.58073580374358,5.948449343290625,5,0,0
7884,Learned,1.0,0,4,189.72287142747453,6.663185315295129,6,1,0,4,189.72287142747453,6.663185315295129,6,1,0
7885,Learned,1.0,0,4,173.99494936611663,6.2055490547690155,7,1,0,4,173.99494936611663,6.2055490547690155,7,1,0
7886,Learned,1.0,0,5,254.03657992645924,4.9387800415455905,5,0,0,5,254.03657992645924,4.9387800415455905,5,0,0
7887,Learned,1.0,0,4,240.96551211459382,5.21853310388142,13,5,1,4,230.7228714274745,5.303946161632328,5,1,1
7888,Learned,1.0,0,4,222.45079348883232,5.739222044461329,6,1,0,4,222.45079348883232,5.739222044461329,6,1,0
7889,Learned,1.0,0,4,288.4213562373095,6.230874047293465,8,2,0,4,288.4213562373095,6.230874047293465,8,2,0
7890,Learned,1.0,0,4,223.1370849898476,7.094143715890551,11,4,1,4,219.1370849898476,7.118384614126185,9,3,1
7891,Learned,1.0,0,5,371.4335495461292,6.065021872958155,19,7,0,5,363.19090885900994,6.042955392423953,15,5,0
7892,Learned,1.0,0,6,249.55129855222071,6.939780145751296,13,4,1,6,244.72287142747453,6.908150643287753,9,2,1
7893,Learned,1.0,0,5,243.0365799264593,5.955516385028381,9,2,0,5,239.6223663640862,5.856753195309577,7,1,0
7894,Learned,1.0,0,4,257.90663761154804,5.449855867956988,9,2,0,4,250.07821048680182,5.394346222977323,7,1,0
7895,Learned,1.0,0,6,231.4507934888324,6.095738437108981,10,2,0,6,228.0365799264593,6.079674864808602,8,1,0
7896,Learned,1.0,0,5,237.4802307403552,6.070803716252199,9,2,0,5,230.23759005323592,6.0510456034551785,7,1,0
7897,Frangi,1.0,0,2,83.84062043356596,10.113582876448339,4,1,0,2,83.84062043356596,10.113582876448339,4,1,0
7898,Learned,1.0,0,4,293.6934341759516,4.450757016916066,10,3,0,4,290.27922061357856,4.440983928616123,8,2,0
7899,Learned,1.0,0,5,174.02438661763952,6.245361498119692,7,1,0,5,169.61017305526644,6.240758189024788,5,0,0
7900,Learned,1.0,0,4,211.09545442950497,6.557927348856276,9,2,0,4,207.26702730475878,6.559411217637781,7,1,0
7901,Learned,1.0,0,4,223.30865786510134,6.7497241279701,4,0,0,4,223.30865786510134,6.7497241279701,4,0,0
7902,Frangi,1.0,0,4,72.04163056034263,7.193777903726217,4,0,0,4,72.04163056034263,7.193777903726217,4,0,0
7903,Learned,1.0,0,4,234.2670273047588,5.966487113494391,14,5,0,4,226.8528137423857,5.931342767204487,10,3,0
7904,Learned,1.0,0,5,281.93607486307087,5.600547213163986,7,1,0,5,281.93607486307087,5.600547213163986,7,1,0
7906,Learned,1.0,0,5,213.1665222413705,6.089495852620362,8,2,1,5,213.1665222413705,6.089495852620362,8,2,1
7907,Learned,1.0,0,5,224.72287142747453,6.496517343716046,9,2,0,5,221.30865786510145,6.523861540405842,7,1,0
7908,Learned,0.9992492492492493,1,5,294.0071426749363,4.564591864894158,9,2,0,5,292.00714267493635,4.542413066616439,7,1,0
7909,Learned,1.0,0,4,282.03657992645924,5.908209053372161,11,4,1,4,274.79393923934,5.890820186734781,7,2,1
7910,Learned,0.9994813278008299,1,4,240.92388155425118,7.706377319224824,10,3,0,4,235.09545442950497,7.73131105319653,8,2,0
7911,Learned,1.0,0,5,221.4091629284898,6.699968708697492,12,4,1,5,221.4091629284898,6.699968708697492,12,4,1
7912,Learned,1.0,0,4,241.13708498984764,6.7912883657266265,13,5,1,4,239.72287142747453,6.786484728938543,11,4,1
7914,Learned,1.0,0,4,210.23759005323595,6.189354353457756,8,2,0,4,210.23759005323595,6.189354353457756,8,2,0
7915,Learned,1.0,0,4,229.96551211459376,5.773689728781688,10,3,0,4,224.5512985522207,5.718097726525587,6,1,0
7916,Learned,1.0,0,4,235.69343417595155,6.514374697204489,10,3,0,4,226.8650070512054,6.5210093375483815,6,1,0
7917,Learned,1.0,0,5,279.4213562373095,5.596937116235111,9,2,0,5,279.4213562373095,5.596937116235111,9,2,0
7918,Learned,1.0,0,4,143.22539674441617,6.03062043224803,6,1,1,4,143.22539674441617,6.03062043224803,6,1,1
7919,Learned,1.0,0,4,266.45079348883235,5.4590237381434035,14,5,0,4,256.208152801713,5.501142219131873,8,2,0
7920,Learned,1.0,0,4,228.49242404917493,5.610244113059018,10,3,0,4,220.66399692442874,5.611817182819332,8,2,0
7921,Learned,1.0,0,4,198.68124086713186,7.746399198032413,8,2,0,4,196.26702730475876,7.703891969985025,6,1,0
7922,Learned,0.9991680532445923,1,4,202.651803615609,5.968828662796776,7,2,1,4,199.23759005323592,5.937284996418566,5,1,1
7923,Learned,1.0,0,4,218.20815280171306,5.89802777079101,4,0,0,4,218.20815280171306,5.89802777079101,4,0,0
7925,Learned,1.0,0,5,278.90663761154815,5.767984079493291,11,3,0,5,278.90663761154815,5.767984079493291,11,3,0
7926,Learned,1.0,0,5,202.16652224137044,6.144132950156619,7,1,0,5,195.33809511662423,6.1633684640881,5,0,0
7927,Learned,1.0,0,4,244.86500705120548,7.057102395822818,13,4,0,4,237.0365799264593,7.080789516361993,11,3,0
7928,Learned,1.0,0,4,236.93607486307093,5.119055980583346,12,4,0,4,231.10764773832472,5.075725579483545,8,2,0
7929,Learned,1.0,0,5,251.4802307403552,5.151645261204586,9,2,0,5,248.4802307403552,5.152957017915786,7,1,0
7930,Learned,1.0,0,6,301.6639969244288,4.82722639090427,10,2,0,6,301.6639969244288,4.82722639090427,10,2,0
7931,Learned,1.0,0,4,317.9777054234135,5.994640513962506,12,4,0,4,317.9777054234135,5.994640513962506,12,4,0
7932,Learned,1.0,0,4,243.72287142747453,6.935121295408977,15,6,1,4,239.89444430272832,6.940638061061202,13,5,1
7933,Learned,1.0,0,4,329.8061325481598,6.059248204045862,19,8,1,4,323.56349186104046,6.062110542762109,15,6,1
7934,Learned,1.0,0,5,245.03657992645924,5.999434694885577,9,2,0,5,239.62236636408613,5.949817413969547,7,1,0
7935,Learned,1.0,0,5,294.6345596729058,6.043876415386298,8,2,1,5,294.6345596729058,6.043876415386298,8,2,1
7936,Learned,1.0,0,4,297.8772003600252,5.040903166868599,10,3,0,4,297.8772003600252,5.040903166868599,10,3,0
7937,Learned,1.0,0,4,279.1076477383247,5.685116898989784,13,5,1,4,277.1076477383248,5.66840943443654,11,4,1
7939,Learned,1.0,0,5,321.9777054234135,5.711804927811231,8,2,1,5,321.9777054234135,5.711804927811231,8,2,1
7940,Learned,1.0,0,5,286.62236636408613,5.1633183922769375,10,3,1,5,286.62236636408613,5.1633183922769375,10,3,1
7941,Learned,1.0,0,5,233.16652224137044,4.718236646144429,5,0,0,5,233.16652224137044,4.718236646144429,5,0,0
7942,Learned,1.0,0,4,271.5929291125633,5.658356958576633,10,3,0,4,271.5929291125633,5.658356958576633,10,3,0
7943,Learned,1.0,0,5,224.9655121145938,7.380870827598927,11,3,1,5,221.55129855222071,7.403876573391546,10,3,1
7944,Learned,1.0,0,4,225.5512985522207,7.237668449211682,7,2,1,4,223.55129855222066,7.226073613101785,5,1,1
7945,Learned,1.0,0,4,220.62236636408613,4.928842167991094,6,1,0,4,220.62236636408613,4.928842167991094,6,1,0
7946,Learned,1.0,0,5,309.03657992645924,6.014516720029131,9,2,0,5,309.03657992645924,6.014516720029131,9,2,0
7947,Learned,1.0,0,4,257.3086578651014,5.311919946563437,8,2,0,4,253.8944443027283,5.316114450759291,6,1,0
7948,Learned,1.0,0,4,190.36753236814712,6.576873074478047,8,2,0,4,182.53910524340097,6.544921398527107,4,0,0
7949,Learned,1.0,0,4,247.52186130069782,7.238661969682649,8,3,2,4,247.52186130069782,7.238661969682649,8,3,2
7950,Learned,1.0,0,4,239.62236636408613,6.264280415484365,8,2,0,4,234.79393923933995,6.259818935619664,6,1,0
7951,Learned,1.0,0,5,258.936074863071,5.849598762054486,13,4,0,5,244.86500705120548,5.824281459071983,9,2,0
7952,Learned,1.0,0,4,187.2375900532359,4.9698566318486845,4,0,0,4,187.2375900532359,4.9698566318486845,4,0,0
7953,Learned,1.0,0,5,366.43354954612914,5.468339765351295,9,2,0,5,364.01933598375604,5.467781612669674,7,1,0
7954,Learned,0.9992094861660079,1,5,267.4213562373095,4.739679700164819,7,1,0,5,267.4213562373095,4.739679700164819,7,1,0
7955,Learned,1.0,0,4,193.16652224137047,5.350912875143274,7,2,1,4,188.33809511662426,5.299336892849076,5,1,1
7956,Learned,1.0,0,5,187.6812408671319,5.948126668378297,8,2,1,5,187.6812408671319,5.948126668378297,8,2,1
7957,Learned,1.0,0,5,199.09545442950497,5.794098583139454,5,0,0,5,199.09545442950497,5.794098583139454,5,0,0
7958,Learned,1.0,0,5,195.75230867899737,7.099417694791287,7,1,0,5,190.92388155425118,7.001173836096145,5,0,0
7960,Learned,1.0,0,4,258.40916292848976,5.958616437916232,16,6,0,4,245.75230867899737,5.91868958360064,10,3,0
7961,Learned,1.0,0,4,304.1787155501902,5.202565556235152,7,2,1,4,304.1787155501902,5.202565556235152,7,2,1
7962,Learned,1.0,0,5,208.53910524340097,6.603052731356123,11,3,0,5,206.12489168102786,6.62391480685796,9,2,0
7963,Learned,1.0,0,4,189.75230867899737,5.159581970565023,7,1,0,4,189.75230867899737,5.159581970565023,7,1,0
7964,Learned,1.0,0,4,226.99494936611669,6.80994864314055,18,8,2,4,212.5096679918781,6.794959231767926,10,4,2
7965,Learned,1.0,0,6,333.906637611548,5.6770311258583845,9,2,1,6,333.906637611548,5.6770311258583845,9,2,1
7966,Learned,0.9991438356164384,1,4,231.48023074035527,5.240980594628424,10,3,0,4,227.0660171779821,5.225300274356322,6,1,0
7967,Learned,0.9994262765347103,1,6,285.42135623730945,5.959720540702791,8,1,0,6,283.42135623730945,5.956759957047642,6,0,0
7969,Learned,1.0,0,5,388.53405460951757,7.049476657039074,18,7,2,5,381.70562748477136,7.067766782413998,14,5,2
7970,Learned,1.0,0,5,177.53910524340094,5.794761833847518,7,1,0,5,177.53910524340094,5.794761833847518,7,1,0
7971,Learned,1.0,0,5,295.52186130069776,5.607406584386213,13,5,2,5,292.1076477383247,5.582909863666296,9,3,2
7972,Learned,1.0,0,4,328.29141392239825,5.671981829669413,11,4,1,4,328.29141392239825,5.671981829669413,11,4,1
7973,Learned,1.0,0,4,269.79393923934003,7.51554555109943,12,4,0,4,262.5512985522207,7.549017438453101,8,2,0
7974,Learned,0.9993827160493827,1,5,303.24978336205567,5.593796381717397,10,3,1,5,299.42135623730945,5.588602627437657,8,2,1
7975,Learned,1.0,0,4,235.26702730475884,5.480004223930262,9,3,1,4,231.8528137423857,5.478309132645205,7,2,1
7976,Learned,1.0,0,5,264.7645019878171,6.193122928129193,8,2,1,5,264.7645019878171,6.193122928129193,8,2,1
7977,Learned,1.0,0,4,316.0365799264593,5.382824174065596,18,7,0,4,313.62236636408613,5.37409346368281,16,6,0
7978,Learned,1.0,0,6,301.0071426749364,6.3913241812282875,12,3,0,6,288.350288425444,6.408183450759757,8,1,0
7979,Learned,1.0,0,4,177.8944443027283,5.072118326559486,4,0,0,4,177.8944443027283,5.072118326559486,4,0,0
7980,Learned,1.0,0,5,241.76450198781714,6.521388292679955,9,2,1,5,240.76450198781714,6.520364717166826,8,2,1
7981,Learned,1.0,0,4,317.1492782986674,5.954851018953762,15,6,1,4,311.73506473629425,5.903107978287034,11,4,1
7982,Learned,1.0,0,5,267.9066376115481,5.269361508012704,11,3,0,5,267.9066376115481,5.269361508012704,11,3,0
7983,Learned,1.0,0,5,206.09545442950497,6.124795205872366,11,3,0,5,206.09545442950497,6.124795205872366,11,3,0
7984,Learned,1.0,0,4,171.19595949289334,4.926481546075073,6,1,0,4,167.36753236814712,4.910933936104328,4,0,0
7985,Learned,1.0,0,5,231.62236636408608,4.551921116353697,7,1,0,5,229.62236636408608,4.522408387930431,5,0,0
7986,Learned,0.9993247805536799,1,4,252.52186130069782,5.92767922242207,11,4,1,4,252.52186130069782,5.92767922242207,11,4,1
7988,Learned,1.0,0,4,207.16652224137047,5.912264947602171,8,2,0,4,207.16652224137047,5.912264947602171,8,2,0
7989,Learned,1.0,0,4,266.3919189857865,5.836324884965245,6,1,0,4,262.3919189857865,5.848990622600601,4,0,0
7990,Learned,1.0,0,4,208.16652224137042,6.18615557838962,7,2,1,4,203.7523086789973,6.177217600049793,5,1,1
7991,Learned,0.9994134897360704,1,4,349.7766952966369,5.140528938336554,18,8,2,4,346.94826817189073,5.143826226043742,16,7,2
7992,Learned,1.0,0,5,212.68124086713186,5.8521200715248805,8,2,1,5,212.68124086713186,5.8521200715248805,8,2,1
7993,Learned,1.0,0,5,290.6934341759516,5.394628921813154,9,2,0,5,290.6934341759516,5.394628921813154,9,2,0
7994,Learned,1.0,0,4,236.3086578651014,5.70858109219049,11,4,1,4,231.48023074035524,5.694797449097844,7,2,1
7995,Learned,0.9994711792702274,1,4,262.4507934888324,7.339484165875869,14,5,0,4,253.62236636408616,7.283679221420399,10,3,0
7996,Learned,1.0,0,4,279.96551211459376,5.951054125204014,10,3,0,4,277.9655121145938,5.947355830470852,8,2,0
7997,Learned,1.0,0,4,290.8772003600252,4.68873315367799,13,5,1,4,290.8772003600252,4.68873315367799,13,5,1
7998,Learned,1.0,0,5,255.55129855222066,6.191462433086335,9,2,0,5,253.13708498984755,6.172577766366447,7,1,0
7999,Learned,1.0,0,4,317.350288425444,5.69748071109265,8,2,0,4,317.350288425444,5.69748071109265,8,2,0
