setting,param,value,junction_def,L,n,payload_bytes,fg_psnr,n_points,n_components_bias_pct,n_components_ccc,n_components_mdape,total_length_px_bias_pct,total_length_px_ccc,total_length_px_mdape,mean_width_px_bias_pct,mean_width_px_ccc,mean_width_px_mdape,n_branches_bias_pct,n_branches_ccc,n_branches_mdape,n_junctions_bias_pct,n_junctions_ccc,n_junctions_mdape,cycle_rank_bias_pct,cycle_rank_ccc,cycle_rank_mdape
default,,,t10,0,150,2203.266666666667,28.077548520152607,278.74666666666667,-2.0740740740740744,0.744,0.0,-12.370706510855934,0.603715254894043,9.818899518914865,3.211207895759483,0.7476288093522521,2.8397424630674877,-41.93054136874362,0.27372664136281366,40.0,-55.40334855403349,0.3355009505534531,57.14285714285714,-48.10126582278482,0.45788575444232515,50.0
default,,,degree,0,150,2203.266666666667,28.077548520152607,278.74666666666667,-2.0740740740740744,0.744,0.0,-12.370706510855934,0.603715254894043,9.818899518914865,3.2112078957594834,0.7476288093522521,2.8397424630674957,-45.301327885597544,0.2405501583146197,44.94949494949495,-68.34094368340944,0.2561725100269928,71.42857142857143,-48.10126582278482,0.45788575444232515,50.0
default,,,degree,2,150,2203.266666666667,28.077548520152607,278.74666666666667,-2.0740740740740744,0.744,0.0,-11.988025649069117,0.6095106645898102,9.146090511193226,3.099277660645841,0.7489646182540255,2.834729310397404,-38.09248554913295,0.3010719848517241,36.36363636363637,-62.11293260473588,0.3204087500829444,66.66666666666666,-48.10126582278482,0.45788575444232515,50.0
default,,,degree,5,150,2203.266666666667,28.077548520152607,278.74666666666667,-2.0740740740740744,0.744,0.0,-9.211025091362483,0.663454469080329,6.708271597875287,2.555042326666203,0.764963127294092,2.60072361672875,-18.084291187739463,0.6202807885356806,14.285714285714285,-40.0,0.5856156227673256,46.42857142857143,-48.10126582278482,0.45788575444232515,50.0
default,,,degree,10,150,2203.266666666667,28.077548520152607,278.74666666666667,-2.0740740740740744,0.744,0.0,-8.63500047964635,0.6736769276956199,5.475162723367803,2.389180864551741,0.7727241743489317,2.439782436153243,-17.517605633802816,0.6167595835022228,11.11111111111111,-43.346007604562736,0.5875343721356555,50.0,-48.10126582278482,0.45788575444232515,50.0
spur_min_length=0,graph.spur_min_length,0,t10,0,150,2215.6866666666665,28.083203632092257,280.62,-2.0740740740740744,0.744,0.0,-11.191544036698037,0.6208582514632636,8.266814696058686,3.2583254295283415,0.7422352809150697,2.927457118046616,-31.920326864147093,0.3671235952380548,33.33333333333333,-49.010654490106546,0.3774505116190112,50.0,-49.367088607594944,0.45057701956848967,50.0
spur_min_length=0,graph.spur_min_length,0,degree,0,150,2215.6866666666665,28.083203632092257,280.62,-2.0740740740740744,0.744,0.0,-11.191544036698037,0.6208582514632636,8.266814696058686,3.2583254295283406,0.7422352809150697,2.927457118046616,-32.379979570990805,0.3588877935476901,33.33333333333333,-50.38051750380517,0.36096049573973665,50.0,-49.367088607594944,0.45057701956848967,50.0
spur_min_length=0,graph.spur_min_length,0,degree,2,150,2215.6866666666665,28.083203632092257,280.62,-2.0740740740740744,0.744,0.0,-10.944824140153063,0.6250435857308893,8.027596272934812,3.1339057539378454,0.7439972222724675,2.929956623263358,-28.265895953757227,0.4212099459866555,27.27272727272727,-47.90528233151184,0.4202371700052647,50.0,-49.367088607594944,0.45057701956848967,50.0
spur_min_length=0,graph.spur_min_length,0,degree,5,150,2215.6866666666665,28.083203632092257,280.62,-2.0740740740740744,0.744,0.0,-9.102776573841322,0.6646428538398774,6.561697319643953,2.5406364752651416,0.7650317597772598,2.6222150469592718,-17.31800766283525,0.6331807946538826,13.392857142857142,-38.84057971014493,0.5935345852151177,42.857142857142854,-49.367088607594944,0.45057701956848967,50.0
spur_min_length=0,graph.spur_min_length,0,degree,10,150,2215.6866666666665,28.083203632092257,280.62,-2.0740740740740744,0.744,0.0,-8.984337513651433,0.6693775195578262,5.997567407061025,2.333733726367306,0.7729633074961184,2.439782436153243,-17.6056338028169,0.6126886773666814,10.555555555555555,-44.10646387832699,0.575432548043159,50.0,-49.367088607594944,0.45057701956848967,50.0
spur_min_length=2,graph.spur_min_length,2,t10,0,150,2212.22,28.078158008217347,280.14,-2.0740740740740744,0.744,0.0,-11.338194314539033,0.6194644564463875,8.336188066040728,3.236173614862479,0.7425535021790992,2.892348212297935,-34.62717058222676,0.357256984232017,35.714285714285715,-50.228310502283115,0.3820928449903715,50.0,-49.367088607594944,0.45057701956848967,50.0
spur_min_length=2,graph.spur_min_length,2,degree,0,150,2212.22,28.078158008217347,280.14,-2.0740740740740744,0.744,0.0,-11.338194314539036,0.6194644564463873,8.33618806604072,3.236173614862478,0.7425535021790992,2.892348212297935,-36.61899897854954,0.33373109037671056,36.36363636363637,-56.468797564687975,0.3362754826691736,60.0,-49.367088607594944,0.45057701956848967,50.0
spur_min_length=2,graph.spur_min_length,2,degree,2,150,2212.22,28.078158008217347,280.14,-2.0740740740740744,0.744,0.0,-10.951004427957434,0.6249986032376008,8.027596272934812,3.1242163049876166,0.7438958351279894,2.929956623263358,-28.265895953757227,0.4212099459866555,27.27272727272727,-47.90528233151184,0.4202371700052649,50.0,-49.367088607594944,0.45057701956848967,50.0
spur_min_length=2,graph.spur_min_length,2,degree,5,150,2212.22,28.078158008217347,280.14,-2.0740740740740744,0.744,0.0,-8.973639143775607,0.6652144408655611,6.385419873200616,2.5245764145978793,0.7644765766237848,2.6041161787206826,-17.31800766283525,0.6331807946538824,13.392857142857142,-38.84057971014493,0.5935345852151177,42.857142857142854,-49.367088607594944,0.45057701956848967,50.0
spur_min_length=2,graph.spur_min_length,2,degree,10,150,2212.22,28.078158008217347,280.14,-2.0740740740740744,0.744,0.0,-8.780969238491863,0.670330888452371,5.4046985578014395,2.3200003864632954,0.7724769645253676,2.443751352799861,-17.6056338028169,0.6126886773666813,10.555555555555555,-44.10646387832699,0.575432548043159,50.0,-49.367088607594944,0.45057701956848967,50.0
spur_min_length=10,graph.spur_min_length,10,t10,0,150,2185.7,28.07327807458599,276.28,-2.2222222222222223,0.7401574803149608,0.0,-14.712107326933403,0.5470343402153901,11.636039242221777,2.953384710652309,0.7427049804402862,2.737936269479977,-47.70173646578141,0.1803859523447546,45.45454545454545,-57.38203957382039,0.3142581719393568,60.0,-41.77215189873418,0.4643396036616035,50.0
spur_min_length=10,graph.spur_min_length,10,degree,0,150,2185.7,28.07327807458599,276.28,-2.2222222222222223,0.7401574803149608,0.0,-14.712107326933403,0.5470343402153901,11.636039242221777,2.9533847106523097,0.7427049804402862,2.737936269479984,-52.91113381001021,0.11652532144638808,50.0,-78.23439878234399,0.1443005146353653,80.0,-41.77215189873418,0.4643396036616035,50.0
spur_min_length=10,graph.spur_min_length,10,degree,2,150,2185.7,28.07327807458599,276.28,-2.2222222222222223,0.7401574803149608,0.0,-14.339651462363937,0.5534208003287916,11.253323898946569,2.8417340789878964,0.7439450274691891,2.6999769067727066,-46.705202312138724,0.14365836348214442,45.45454545454545,-73.9526411657559,0.17885877929516272,75.0,-41.77215189873418,0.4643396036616035,50.0
spur_min_length=10,graph.spur_min_length,10,degree,5,150,2185.7,28.07327807458599,276.28,-2.2222222222222223,0.7401574803149608,0.0,-11.63715236275315,0.6116539046454111,8.439486845986334,2.2988475982513314,0.7603786061462181,2.558277321669072,-29.501915708812266,0.35894083033671154,25.0,-58.84057971014492,0.3864287287948887,50.0,-41.77215189873418,0.4643396036616035,50.0
spur_min_length=10,graph.spur_min_length,10,degree,10,150,2185.7,28.07327807458599,276.28,-2.2222222222222223,0.7401574803149608,0.0,-9.490838311159449,0.6583398237697805,6.726121746012168,2.3008056119107008,0.7626622139279146,2.4790665647617978,-19.366197183098592,0.5658465991316932,12.5,-46.7680608365019,0.5441673020368152,50.0,-41.77215189873418,0.4643396036616035,50.0
bridge=off,graph.bridge_gaps,False,t10,0,150,2203.26,28.077548520152607,278.74666666666667,-1.9259259259259263,0.7401574803149606,0.0,-12.386330509443468,0.6035302720279335,9.818899518914865,3.2157981989719495,0.7474831369416559,2.8397424630674877,-41.87946884576098,0.27372968771876693,40.0,-55.40334855403349,0.33550095055345314,57.14285714285714,-48.10126582278482,0.45788575444232515,50.0
bridge=off,graph.bridge_gaps,False,degree,0,150,2203.26,28.077548520152607,278.74666666666667,-1.9259259259259263,0.7401574803149606,0.0,-12.386330509443468,0.6035302720279336,9.818899518914865,3.2157981989719504,0.7474831369416561,2.8397424630674957,-45.250255362614915,0.24050277687205013,44.94949494949495,-68.34094368340944,0.25617251002699276,71.42857142857143,-48.10126582278482,0.45788575444232515,50.0
bridge=off,graph.bridge_gaps,False,degree,2,150,2203.26,28.077548520152607,278.74666666666667,-1.9259259259259263,0.7401574803149606,0.0,-12.003717878324805,0.6093140091403575,9.146090511193226,3.1038629857776483,0.748818018674158,2.834729310397404,-38.03468208092486,0.30146458877284593,36.36363636363637,-62.11293260473588,0.3204087500829444,66.66666666666666,-48.10126582278482,0.45788575444232515,50.0
bridge=off,graph.bridge_gaps,False,degree,5,150,2203.26,28.077548520152607,278.74666666666667,-1.9259259259259263,0.7401574803149606,0.0,-9.227214463468746,0.6632705259064915,6.708271597875287,2.5596036367142925,0.7648168432856973,2.60072361672875,-18.007662835249043,0.6204885162231135,14.285714285714285,-40.0,0.5856156227673256,46.42857142857143,-48.10126582278482,0.45788575444232515,50.0
bridge=off,graph.bridge_gaps,False,degree,10,150,2203.26,28.077548520152607,278.74666666666667,-1.9259259259259263,0.7401574803149606,0.0,-8.651593255700591,0.6735887119182248,5.571552508971231,2.3937439433073524,0.7725933105223389,2.439782436153243,-17.429577464788732,0.615466567231759,11.11111111111111,-43.346007604562736,0.5875343721356553,50.0,-48.10126582278482,0.45788575444232515,50.0
bridge_max_gap=6.0,graph.bridge_max_gap,6.0,t10,0,150,2203.26,28.077548520152607,278.74666666666667,-1.9259259259259263,0.7401574803149606,0.0,-12.386330509443471,0.6035302720279339,9.818899518914865,3.215798198971949,0.7474831369416561,2.8397424630674877,-41.87946884576098,0.2737296877187668,40.0,-55.40334855403349,0.335500950553453,57.14285714285714,-48.10126582278482,0.4578857544423251,50.0
bridge_max_gap=6.0,graph.bridge_max_gap,6.0,degree,0,150,2203.26,28.077548520152607,278.74666666666667,-1.9259259259259263,0.7401574803149606,0.0,-12.386330509443468,0.6035302720279339,9.818899518914865,3.21579819897195,0.7474831369416561,2.8397424630674957,-45.250255362614915,0.24050277687205007,44.94949494949495,-68.34094368340944,0.25617251002699276,71.42857142857143,-48.10126582278482,0.4578857544423251,50.0
bridge_max_gap=6.0,graph.bridge_max_gap,6.0,degree,2,150,2203.26,28.077548520152607,278.74666666666667,-1.9259259259259263,0.7401574803149606,0.0,-12.003717878324801,0.6093140091403573,9.146090511193226,3.1038629857776483,0.7488180186741579,2.834729310397404,-38.03468208092486,0.30146458877284593,36.36363636363637,-62.11293260473588,0.3204087500829443,66.66666666666666,-48.10126582278482,0.4578857544423251,50.0
bridge_max_gap=6.0,graph.bridge_max_gap,6.0,degree,5,150,2203.26,28.077548520152607,278.74666666666667,-1.9259259259259263,0.7401574803149606,0.0,-9.227214463468746,0.6632705259064919,6.708271597875287,2.559603636714292,0.7648168432856973,2.60072361672875,-18.007662835249043,0.6204885162231135,14.285714285714285,-40.0,0.5856156227673255,46.42857142857143,-48.10126582278482,0.4578857544423251,50.0
bridge_max_gap=6.0,graph.bridge_max_gap,6.0,degree,10,150,2203.26,28.077548520152607,278.74666666666667,-1.9259259259259263,0.7401574803149606,0.0,-8.651593255700591,0.6735887119182246,5.571552508971231,2.3937439433073524,0.7725933105223388,2.439782436153243,-17.429577464788732,0.615466567231759,11.11111111111111,-43.346007604562736,0.5875343721356553,50.0,-48.10126582278482,0.4578857544423251,50.0
bridge_max_gap=20.0,graph.bridge_max_gap,20.0,t10,0,150,2203.3133333333335,28.077548520152607,278.74666666666667,-2.2222222222222223,0.7360000000000001,0.0,-12.277628956381509,0.6118820698998522,9.818899518914865,3.0008653676221018,0.810464231513472,2.8397424630674877,-41.981613891726255,0.2745194073711277,40.833333333333336,-55.40334855403349,0.335500950553453,57.14285714285714,-48.10126582278482,0.4578857544423252,50.0
bridge_max_gap=20.0,graph.bridge_max_gap,20.0,degree,0,150,2203.3133333333335,28.077548520152607,278.74666666666667,-2.2222222222222223,0.7360000000000001,0.0,-12.277628956381509,0.6118820698998522,9.818899518914865,3.0008653676221018,0.8104642315134722,2.8397424630674957,-45.35240040858019,0.24134853611103713,44.94949494949495,-68.34094368340944,0.2561725100269927,71.42857142857143,-48.10126582278482,0.4578857544423252,50.0
bridge_max_gap=20.0,graph.bridge_max_gap,20.0,degree,2,150,2203.3133333333335,28.077548520152607,278.74666666666667,-2.2222222222222223,0.7360000000000001,0.0,-11.894541620944832,0.6178333579240044,9.146090511193226,2.8891632442524156,0.812147870163501,2.834729310397404,-38.150289017341045,0.3024177163754573,36.36363636363637,-62.11293260473588,0.3204087500829443,66.66666666666666,-48.10126582278482,0.4578857544423252,50.0
bridge_max_gap=20.0,graph.bridge_max_gap,20.0,degree,5,150,2203.3133333333335,28.077548520152607,278.74666666666667,-2.2222222222222223,0.7360000000000001,0.0,-9.114579411616344,0.6726054884183523,6.708271597875287,2.3460283590206905,0.8271335413837579,2.60072361672875,-18.160919540229887,0.6210747697439991,14.835164835164836,-40.0,0.5856156227673256,46.42857142857143,-48.10126582278482,0.4578857544423252,50.0
bridge_max_gap=20.0,graph.bridge_max_gap,20.0,degree,10,150,2203.3133333333335,28.077548520152607,278.74666666666667,-2.2222222222222223,0.7360000000000001,0.0,-8.53615158328877,0.6828224810684806,5.475162723367803,2.180085849011453,0.8363696405318001,2.439782436153243,-17.6056338028169,0.6174331253229461,11.11111111111111,-43.346007604562736,0.5875343721356553,50.0,-48.10126582278482,0.4578857544423252,50.0
min_component_nodes=0,graph.min_component_nodes,0,t10,0,150,2203.286666666667,28.077548520152607,278.74666666666667,-1.6296296296296295,0.743801652892562,0.0,-12.341953497877915,0.606397711942247,9.741638754330516,3.153226416725696,0.7656377474492991,2.8397424630674877,-41.7773237997957,0.27937011928258815,39.642857142857146,-55.40334855403349,0.33550095055345314,57.14285714285714,-48.10126582278482,0.4578857544423251,50.0
min_component_nodes=0,graph.min_component_nodes,0,degree,0,150,2203.286666666667,28.077548520152607,278.74666666666667,-1.6296296296296295,0.743801652892562,0.0,-12.341953497877915,0.606397711942247,9.741638754330516,3.153226416725696,0.765637747449299,2.8397424630674957,-45.14811031664965,0.24579346220538184,44.44444444444444,-68.34094368340944,0.25617251002699276,71.42857142857143,-48.10126582278482,0.4578857544423251,50.0
min_component_nodes=0,graph.min_component_nodes,0,degree,2,150,2203.286666666667,28.077548520152607,278.74666666666667,-1.6296296296296295,0.743801652892562,0.0,-11.959147070457202,0.6122031397507646,9.135318666224949,3.041359061222832,0.7670567389743305,2.834729310397404,-37.91907514450867,0.30846502511331614,36.36363636363637,-62.11293260473588,0.32040875008294434,66.66666666666666,-48.10126582278482,0.4578857544423251,50.0
min_component_nodes=0,graph.min_component_nodes,0,degree,5,150,2203.286666666667,28.077548520152607,278.74666666666667,-1.6296296296296295,0.743801652892562,0.0,-9.181231615405004,0.6661938993391215,6.678944694783135,2.4974270688763385,0.7828445379036114,2.60072361672875,-17.8544061302682,0.6335783421876137,13.392857142857142,-40.0,0.5856156227673256,46.42857142857143,-48.10126582278482,0.4578857544423251,50.0
min_component_nodes=0,graph.min_component_nodes,0,degree,10,150,2203.286666666667,28.077548520152607,278.74666666666667,-1.6296296296296295,0.743801652892562,0.0,-8.604464615055994,0.6763490413152621,5.427553792509409,2.331302626082841,0.7909989959796755,2.439782436153243,-17.253521126760564,0.6317610272104319,11.11111111111111,-43.346007604562736,0.5875343721356553,50.0,-48.10126582278482,0.4578857544423251,50.0
min_component_nodes=6,graph.min_component_nodes,6,t10,0,150,2203.16,28.077548520152614,278.74666666666667,-2.814814814814815,0.6524822695035459,0.0,-12.474467871863268,0.5954591277675118,9.818899518914865,3.349840670504684,0.7008358120217768,2.8397424630674877,-42.18590398365679,0.26848810984054133,40.0,-55.40334855403349,0.3355009505534531,57.14285714285714,-48.10126582278482,0.4578857544423252,50.0
min_component_nodes=6,graph.min_component_nodes,6,degree,0,150,2203.16,28.077548520152614,278.74666666666667,-2.814814814814815,0.6524822695035459,0.0,-12.474467871863268,0.5954591277675118,9.818899518914865,3.349840670504684,0.7008358120217768,2.8397424630674957,-45.556690500510726,0.2359349331104121,44.94949494949495,-68.34094368340944,0.2561725100269928,71.42857142857143,-48.10126582278482,0.4578857544423252,50.0
min_component_nodes=6,graph.min_component_nodes,6,degree,2,150,2203.16,28.077548520152614,278.74666666666667,-2.814814814814815,0.6524822695035459,0.0,-12.09224014036508,0.6011291796420914,9.184782063039915,3.2377600912628406,0.7019342600188786,2.834729310397404,-38.381502890173415,0.29435930483114164,36.36363636363637,-62.11293260473588,0.32040875008294445,66.66666666666666,-48.10126582278482,0.4578857544423252,50.0
min_component_nodes=6,graph.min_component_nodes,6,degree,5,150,2203.16,28.077548520152614,278.74666666666667,-2.814814814814815,0.6524822695035459,0.0,-9.31854118426205,0.6542826806999832,6.708271597875287,2.692799472364651,0.7183028136482678,2.60072361672875,-18.467432950191572,0.6037087420347965,14.285714285714285,-40.0,0.5856156227673256,46.42857142857143,-48.10126582278482,0.4578857544423252,50.0
min_component_nodes=6,graph.min_component_nodes,6,degree,10,150,2203.16,28.077548520152614,278.74666666666667,-2.814814814814815,0.6524822695035459,0.0,-8.745195639779766,0.6646422854434196,5.733425584007767,2.5257790721921896,0.7256304232300261,2.439782436153243,-17.95774647887324,0.6014275666241176,11.11111111111111,-43.346007604562736,0.5875343721356555,50.0,-48.10126582278482,0.4578857544423252,50.0
min_component_nodes=10,graph.min_component_nodes,10,t10,0,150,2202.4133333333334,28.077548520152614,278.74666666666667,-4.888888888888889,0.5170068027210886,0.0,-13.008830470482115,0.5877222054782927,9.966387781546764,3.373402270794226,0.6940330797952096,2.8397424630674877,-42.951991828396324,0.265652727773175,41.66666666666667,-55.8599695585997,0.33924005994886713,58.57142857142856,-48.10126582278482,0.45788575444232515,50.0
min_component_nodes=10,graph.min_component_nodes,10,degree,0,150,2202.4133333333334,28.077548520152614,278.74666666666667,-4.888888888888889,0.5170068027210886,0.0,-13.008830470482115,0.5877222054782927,9.966387781546764,3.3734022707942266,0.6940330797952098,2.8397424630674957,-46.27170582226762,0.23320719874885562,45.8041958041958,-68.34094368340944,0.25617251002699276,71.42857142857143,-48.10126582278482,0.45788575444232515,50.0
min_component_nodes=10,graph.min_component_nodes,10,degree,2,150,2202.4133333333334,28.077548520152614,278.74666666666667,-4.888888888888889,0.5170068027210886,0.0,-12.628936323241014,0.5931564342189662,9.381164298908452,3.2612961395264572,0.6950840195542513,2.834729310397404,-39.190751445086704,0.2875966095695098,36.36363636363637,-62.11293260473588,0.3204087500829444,66.66666666666666,-48.10126582278482,0.45788575444232515,50.0
min_component_nodes=10,graph.min_component_nodes,10,degree,5,150,2202.4133333333334,28.077548520152614,278.74666666666667,-4.888888888888889,0.5170068027210886,0.0,-9.872240347779156,0.6480186905966383,7.045727706904295,2.7162122534327686,0.7115315068909467,2.6041161787206826,-19.540229885057474,0.5965889314305604,16.666666666666664,-40.0,0.5856156227673256,46.42857142857143,-48.10126582278482,0.45788575444232515,50.0
min_component_nodes=10,graph.min_component_nodes,10,degree,10,150,2202.4133333333334,28.077548520152614,278.74666666666667,-4.888888888888889,0.5170068027210886,0.0,-9.312691782394424,0.6588642272624092,6.530580702464593,2.5443565883958144,0.7186898270867774,2.423774946666793,-19.190140845070424,0.5943952802359883,12.5,-43.346007604562736,0.5875343721356553,50.0,-48.10126582278482,0.45788575444232515,50.0
spacing=2,detect.sparse_spacing,2,t10,0,150,2308.88,28.08637329061612,300.1533333333333,-1.9259259259259263,0.7394957983193278,0.0,-11.316497084979439,0.6247771756523034,8.782669581973213,3.547797110340516,0.7451446760047963,2.836908505960769,-40.96016343207354,0.2911870196906946,38.46153846153847,-52.663622526636225,0.36295975924023705,50.0,-48.10126582278482,0.45788575444232515,50.0
spacing=2,detect.sparse_spacing,2,degree,0,150,2308.88,28.08637329061612,300.1533333333333,-1.9259259259259263,0.7394957983193278,0.0,-11.316497084979437,0.6247771756523034,8.782669581973213,3.5477971103405155,0.7451446760047963,2.836908505960769,-44.63738508682329,0.25255343906223066,44.09722222222222,-66.51445966514461,0.2716489650360493,66.66666666666666,-48.10126582278482,0.45788575444232515,50.0
spacing=2,detect.sparse_spacing,2,degree,2,150,2308.88,28.08637329061612,300.1533333333333,-1.9259259259259263,0.7394957983193278,0.0,-10.92921244567103,0.6302715426054473,8.15268145166955,3.4355018517890814,0.746629933994807,2.851676011901855,-37.34104046242775,0.3146270372346977,36.36363636363637,-59.92714025500911,0.3363626164030068,60.0,-48.10126582278482,0.45788575444232515,50.0
spacing=2,detect.sparse_spacing,2,degree,5,150,2308.88,28.08637329061612,300.1533333333333,-1.9259259259259263,0.7394957983193278,0.0,-8.118667806649102,0.6815628333344509,5.448360463701294,2.889525420361642,0.7633312179707817,2.589545771123601,-17.088122605363985,0.6393762183235866,12.5,-36.52173913043479,0.6054807465154738,38.75,-48.10126582278482,0.45788575444232515,50.0
spacing=2,detect.sparse_spacing,2,degree,10,150,2308.88,28.08637329061612,300.1533333333333,-1.9259259259259263,0.7394957983193278,0.0,-7.502165055833602,0.6914705701024255,4.617804786441894,2.7423111913173264,0.7745406573548731,2.574290085330448,-16.549295774647888,0.6446579584706397,10.555555555555555,-40.30418250950571,0.6028299688618696,50.0,-48.10126582278482,0.45788575444232515,50.0
spacing=5,detect.sparse_spacing,5,t10,0,150,2059.7066666666665,28.069891266884323,250.86666666666667,-3.1111111111111116,0.6382978723404255,0.0,-13.844264913956446,0.5660836305025801,11.002016559761651,2.801505355660571,0.7160991290126468,2.870289427014339,-43.513789581205316,0.24657173507488547,40.833333333333336,-58.9041095890411,0.28744904154740225,60.0,-49.367088607594944,0.4421803362200712,50.0
spacing=5,detect.sparse_spacing,5,degree,0,150,2059.7066666666665,28.069891266884323,250.86666666666667,-3.1111111111111116,0.6382978723404255,0.0,-13.844264913956446,0.5660836305025801,11.002016559761651,2.8015053556605722,0.7160991290126468,2.870289427014339,-46.42492339121553,0.22438021428487664,45.45454545454545,-70.31963470319634,0.23105692273169268,73.86363636363636,-49.367088607594944,0.4421803362200712,50.0
spacing=5,detect.sparse_spacing,5,degree,2,150,2059.7066666666665,28.069891266884323,250.86666666666667,-3.1111111111111116,0.6382978723404255,0.0,-13.468019144558706,0.5719629395750786,10.54337283689727,2.690019433742898,0.7172041148568737,2.69669446635551,-39.36416184971098,0.2816197399609248,36.36363636363637,-64.48087431693989,0.2915353689014451,66.66666666666666,-49.367088607594944,0.4421803362200712,50.0
spacing=5,detect.sparse_spacing,5,degree,5,150,2059.7066666666665,28.069891266884323,250.86666666666667,-3.1111111111111116,0.6382978723404255,0.0,-10.737906009486652,0.6288183497828288,7.867871685084486,2.1479581772309033,0.7329525829438093,2.274452934437986,-19.77011494252874,0.583303552283611,14.835164835164836,-43.768115942028984,0.5517571121204877,50.0,-49.367088607594944,0.4421803362200712,50.0
spacing=5,detect.sparse_spacing,5,degree,10,150,2059.7066666666665,28.069891266884323,250.86666666666667,-3.1111111111111116,0.6382978723404255,0.0,-10.122524394149814,0.6418801370158395,7.101670940100766,1.9475468170868453,0.7385289738148946,2.274452934437986,-18.661971830985916,0.5862028486461106,11.11111111111111,-45.62737642585551,0.5566597417061104,50.0,-49.367088607594944,0.4421803362200712,50.0
spacing=8,detect.sparse_spacing,8,t10,0,150,1895.6066666666666,28.058421532245916,219.42,-5.333333333333333,0.5364238410596026,0.0,-16.93674332007906,0.4935150537676143,13.297110095348941,2.2718432144264953,0.7314623246386194,2.657959555418017,-45.86312563840654,0.206324981420533,42.857142857142854,-62.70928462709285,0.2223439211391018,60.0,-56.9620253164557,0.388481783465786,66.66666666666666
spacing=8,detect.sparse_spacing,8,degree,0,150,1895.6066666666666,28.058421532245916,219.42,-5.333333333333333,0.5364238410596026,0.0,-16.93674332007906,0.49351505376761434,13.297110095348947,2.271843214426495,0.7314623246386194,2.657959555418017,-48.2635342185904,0.19555989584971958,46.15384615384615,-73.05936073059361,0.18597690072568512,75.0,-56.9620253164557,0.388481783465786,66.66666666666666
spacing=8,detect.sparse_spacing,8,degree,2,150,1895.6066666666666,28.058421532245916,219.42,-5.333333333333333,0.5364238410596026,0.0,-16.574002535765544,0.49933895711954923,13.158329151865336,2.1609316991959227,0.7323482152824694,2.5861741749987917,-41.445086705202314,0.24137568464016362,38.46153846153847,-67.75956284153006,0.23418919781318465,66.66666666666666,-56.9620253164557,0.388481783465786,66.66666666666666
spacing=8,detect.sparse_spacing,8,degree,5,150,1895.6066666666666,28.058421532245916,219.42,-5.333333333333333,0.5364238410596026,0.0,-13.94228953312875,0.5590248332312185,10.277718806880781,1.6215911766565372,0.7464667000021893,2.6732965179441446,-22.52873563218391,0.5278577952645264,20.0,-48.98550724637682,0.467005076142132,50.0,-56.9620253164557,0.388481783465786,66.66666666666666
spacing=8,detect.sparse_spacing,8,degree,10,150,1895.6066666666666,28.058421532245916,219.42,-5.333333333333333,0.5364238410596026,0.0,-13.600073936471292,0.568343508677572,10.033068682109093,1.371593839636012,0.7522881254699588,2.697675624930609,-22.359154929577468,0.49387628945639994,14.285714285714285,-52.091254752851704,0.4599120099809574,50.0,-56.9620253164557,0.388481783465786,66.66666666666666
