filename,fg_psnr_with,fg_psnr_without,fg_ssim_with,fg_ssim_without,full_psnr_with,full_psnr_without,bytes_with,bytes_without
7249,27.469842809749586,12.526540851542476,0.9993238401046534,0.9822032514349595,29.423261249503142,13.570981869615037,1569,955
7250,28.504649932354347,13.72110422293175,0.9990615215029315,0.9690272170371684,31.332172870652208,15.124292290214989,2329,1530
7251,27.134131432728488,9.755405345573896,0.9994932544090264,0.9643278726918992,31.14341292503021,15.457293980170467,2476,1516
7252,27.697521765892755,11.644108518997282,0.9993934188100221,0.9762794952001912,30.807314650978952,13.874247056840083,1902,1197
7253,28.10001066037919,11.469575118307759,0.9995360966317943,0.9741154234746292,31.155322937500102,14.85762862669925,1841,1208
7254,27.70143236470099,11.276428606526462,0.9994082797990341,0.9678693311357925,31.22223652594027,15.045797806350912,2339,1473
7255,27.76754906289081,11.504593254607036,0.9994253306868001,0.9722532901297807,30.684097209420766,13.694616350478164,2076,1309
7256,28.983010128086313,13.794573692038162,0.9992138718667177,0.9712608582483332,31.605527675720296,15.718090840459135,2093,1392
7257,28.08002272682539,12.27793722267827,0.9993776057140846,0.9695132280111329,30.327108357979093,13.084780323361162,2278,1521
7258,27.217480067225857,9.699869209473045,0.9994495085663353,0.9613139240688761,30.060793468310916,12.70838651826323,2451,1529
7259,28.08980662921583,12.07543929411511,0.9991626301913636,0.9735644560656812,30.830637379730845,13.885802089014433,1883,1200
7260,27.414720156508807,11.66392386166693,0.9992681018422281,0.9647603472854267,31.34206405007118,15.07662020523679,2406,1572
7261,27.606145306968607,11.21632050215085,0.99934295304987,0.9674474313464764,30.481354194647153,13.515954287197884,2319,1517
7262,28.703521589576493,14.234002789309548,0.9989349219155765,0.9697389576981124,31.709248461059264,15.97523147947011,2320,1539
7263,27.665945783595088,10.74826157714497,0.9993127172986199,0.9698159962500364,31.538716260635205,15.604768768319918,2230,1363
7264,27.774187838263305,11.221780725320755,0.9993500148296661,0.9759315933773554,31.51414224272191,15.609605761453707,1927,1221
7265,28.02220543164148,12.330063801026093,0.9992292811844813,0.9679777904750081,30.563369331217846,13.563801222037764,2160,1403
7266,26.356066444306066,10.443134999939884,0.9991350765097171,0.9660921439086003,30.83534322719807,14.606980615109176,2445,1431
7267,28.516529102767176,13.626292447905499,0.9990539171555656,0.9707296455030711,31.413207604329788,15.496020409115266,2281,1506
7268,28.340870869925922,14.019302836824671,0.9979993496053012,0.9627909904276417,30.91700338474782,14.286933255671197,2620,1629
7269,28.106701151536875,10.95961888204797,0.9994785549006279,0.9660793805948923,30.39025718270117,13.209075686574518,2286,1471
7270,27.942268819663948,11.943232373601365,0.9990998934128499,0.9615043949849555,31.143177138626285,14.882935692396245,2436,1513
7272,28.788795378212555,13.43458780236422,0.998857653328365,0.9600492283361102,31.14744742542136,15.10478402447909,2436,1569
7273,28.703521070914917,14.52106519209466,0.9984629472605694,0.9735440307855282,30.331830886384775,12.869420915578889,1883,1157
7274,28.00537288658171,11.087956859119231,0.9995948297221631,0.9761750885961246,30.537963835023007,13.517282067018686,1687,1086
7275,27.785122120649945,11.507213771626352,0.999398472447084,0.9665212218762382,31.073765978852954,14.537969560081304,2263,1458
7276,27.82747006869492,11.611747367380005,0.999157049895013,0.9665019541804593,30.19932504661743,13.049100546033163,2243,1392
7277,28.384182796598402,12.47503968497747,0.9992968689020394,0.9664483689393212,30.53654909497537,13.562673936911384,2398,1580
7278,27.671883654952346,11.909873319698,0.9990008748353749,0.9668421860025356,31.617718689708553,15.849684837777957,2314,1451
7279,28.09908401557875,12.102804409276544,0.9995620300460785,0.9806234652240433,31.09022562985971,14.227731735038414,1545,1006
7280,28.42841222237341,13.263515947818508,0.9982362970935443,0.9643853062767622,30.25690183511841,12.985628457098372,2384,1506
7281,28.360495208259792,11.39968912566244,0.9995218939091771,0.9695207996527245,30.672262470308368,13.988768407578991,2153,1410
7283,28.63271194371702,13.67593918502979,0.9986772805703018,0.9610905436724879,31.612090095414285,15.90461922421268,2540,1629
7284,27.848252402142673,11.257229791456284,0.9993891492885617,0.9719654514103775,30.46578877958386,13.35675137051172,1930,1205
7285,27.855594089238096,12.009716377466313,0.9993563227356133,0.9769115180928645,30.197481849518482,12.653335404913538,1798,1120
7286,26.934020494737094,9.793848889350429,0.9995234058167964,0.9702705741643579,30.92261739543875,14.289262173061628,2192,1321
7287,27.2330916003,9.871566902883014,0.9994975739521872,0.9658519534636498,31.049909377053364,15.13002825657215,2315,1416
7288,28.47916289892764,12.534393165910737,0.9993708212248765,0.9699750010952299,30.623070268267213,13.57612087466694,2087,1403
7289,28.026855417472845,11.178204917567438,0.9995166900117812,0.9728755158724721,31.10713968882607,15.190044912988759,2018,1326
7290,28.62343044548397,12.188276695710398,0.9991844326765357,0.962326053275479,30.51509699605913,13.700657062809434,2329,1442
7291,27.51783895607897,10.400552537127531,0.9995019734997033,0.9672885129393688,30.011248057093663,12.587122859448625,2147,1359
7292,27.279654253828838,12.430017614765505,0.9996166203344864,0.9922094252315503,27.51485650282254,13.939081042070033,1007,677
7293,28.420578094376225,12.999868269426042,0.9991147653743498,0.9726201478160582,30.46650225206794,13.277571644511317,1967,1273
7294,27.244161406858307,10.408934003261145,0.9993466287560467,0.9676767047784073,30.309467768841735,13.187706201547273,2309,1320
7295,27.973974962959602,12.358040231221743,0.9991699679147785,0.967103833356437,31.41758041413812,15.290253452666825,2546,1644
7296,28.200349198209476,13.087895377820411,0.9990239732526105,0.9694200964041955,31.44494285940146,15.329885688801795,2330,1463
7297,28.770628113906405,13.478626479874434,0.9991829876511318,0.9691688673785064,31.349411126691102,15.140344183753472,2243,1476
7298,29.27386837431914,14.316465565060092,0.9987391702244395,0.9627099816907566,30.477071734417862,13.337974740801219,2309,1542
7299,27.53783194806497,11.814928826817912,0.998995415596412,0.9637012385914526,30.69568804607971,14.028759331383672,2656,1617
7300,27.543680499653448,11.253210309215243,0.9993197326533524,0.9675988448061951,31.50008155022458,15.440067908654436,2293,1457
7301,28.232465821152406,13.219553174722167,0.9993012246758431,0.9744824834825454,30.71017489506852,13.601784230299,1816,1212
7302,28.464996787550373,13.68392245955765,0.9988181609386403,0.9684387916767023,31.505205752044603,15.715158772414625,2311,1446
7303,28.599044144144862,13.415280646233064,0.9989510395396368,0.9616555855966272,30.812530441594262,14.087898531320144,2559,1703
7305,28.388691435402897,12.496366541128982,0.9992328138241565,0.9701246155821514,30.48559089088097,13.413714630036093,2116,1362
7306,28.521983051893223,13.6667730788865,0.9986494649209182,0.9718264927144848,30.690611119580705,13.768371237865063,2190,1405
7307,28.26932856832739,13.249399121594227,0.9990867638153658,0.9680153640069197,30.986512495005194,14.592767356471343,2517,1609
7308,28.31477808301541,13.249744581254097,0.9987290270283217,0.9633186100046284,31.139560887674442,15.288605530026146,2611,1583
7309,27.871978110409174,10.437431969564912,0.9995350871909017,0.9738528469015985,31.23431067203424,15.193020543200982,1821,1110
7310,28.423713236275056,13.205577759559022,0.9985662677287819,0.9596599292410474,30.45021216083546,13.600071639245943,2994,1931
7311,28.1934207171936,12.19019661933526,0.9993493845083624,0.9707892376042478,31.704655164919938,15.89595858350642,2157,1384
7312,28.034818620039424,11.89011025486208,0.9994730775789893,0.9721488434700285,31.641314387988942,15.48118625867579,2071,1364
7313,27.856240376556123,11.86494477407797,0.9992901955222012,0.9773458855257906,30.965655145749697,14.52656145718618,1819,1124
7314,28.277087559008006,12.091667308459433,0.9993140079761519,0.973890058126509,30.699067866911346,13.56960453754738,1905,1243
7315,27.970053962670058,12.071295268275204,0.9992856823118939,0.9702194442161746,31.186583826404352,14.724656384022252,2293,1497
7316,29.013963726974264,14.841718968139581,0.9984958546838205,0.9687138115819828,30.47924010096896,13.338721058825907,2214,1452
7317,27.70331778339328,12.240464583260845,0.999165975375832,0.9674005597191583,31.008989234560126,14.541225723203233,2327,1470
7318,28.479686626909853,12.783398232299394,0.9993364788066927,0.9681095829564419,31.035944981154067,14.572806926223985,2227,1513
7319,27.43891616285872,11.441449283183102,0.9992520048697362,0.9754697671629665,30.27919660465576,13.078806018743457,2185,1392
7320,29.068078541354684,13.946296667936844,0.9990851109880742,0.9764366965861186,31.00356614963573,14.101143326364024,1778,1162
7321,27.862063602741923,11.92581840722555,0.9990498353955956,0.9615961405421186,29.94248451575332,12.653046326125947,2546,1609
7322,27.86848565893797,11.757885391535467,0.9987469103373178,0.9618369491104328,30.221386644564543,12.947818957795725,2655,1612
7323,28.732563322669655,13.071828115407412,0.9993762736267761,0.9725630165588021,31.491381200220886,15.146601761204458,2024,1354
7324,28.083534112491687,12.09816589247578,0.9991988061610818,0.9642749113252643,30.303595020748794,13.232416603999127,2442,1593
7325,28.86573932025407,14.213637591102405,0.998708125769688,0.9708801965012627,31.270415882532827,14.8064853439793,2050,1333
7326,27.856760086894514,12.055157509682598,0.9990019142076201,0.9718898635461714,31.393363329564078,15.281935516923625,2033,1265
7327,27.44331451065961,9.615115143016471,0.9996601748075074,0.9759271163626436,30.221619527178774,13.002784978898436,1790,1143
7328,28.1838563406224,13.179152512029724,0.9986378022938978,0.966800314067868,30.33630786229926,13.13739972940522,2587,1690
7329,28.252980759800742,12.693764272601841,0.9991823595393636,0.9680683974141471,30.3664972229055,13.244657563707648,2207,1486
7330,27.085048857213113,10.523712169722025,0.9992417280888376,0.9655815116937776,30.80122615720745,14.27787859663589,2431,1533
7331,27.875446687700688,11.869992218381993,0.9992722303024106,0.9720260233335253,31.361621041028606,15.444172438853048,2222,1370
7332,27.995111639973473,12.770557497333726,0.9984331341461018,0.9650902501787308,30.95606601897961,14.569344369783028,2519,1532
7333,28.08186899284752,11.970044697751678,0.9990809392825614,0.9671262173486724,30.67863613199201,13.73006333728273,2255,1404
7334,29.089350130501472,14.565548390504455,0.9986010882960097,0.9730910417887563,30.770977161194082,13.789373465810797,2047,1358
7335,28.2761708792475,12.711494894644137,0.9992504996244875,0.9670752160064906,31.545303496402376,15.506962894735794,2189,1424
7336,28.004590406143777,10.89287256978827,0.9996472701998094,0.9759687426926085,30.42235000593724,13.064059046725223,1756,1158
7337,28.69950150049801,14.147907104082131,0.9990522430897716,0.9721078016328479,31.541630619194947,15.368208467501374,1965,1331
7339,27.891112020411395,10.33134079353081,0.9994989785070623,0.9678211066062385,31.127937800245608,14.977213220961652,2262,1386
7340,29.034775607679887,14.159737043936065,0.9991071094979402,0.9731900719665489,31.495160472229177,15.35978531039034,1929,1277
7341,28.84046011219402,13.462692192598674,0.999441597679456,0.9777040522521986,31.932094859439704,15.958659738668114,1695,1117
7342,28.55427428584447,12.964415166275893,0.9991699713538906,0.9663973496297504,31.44648032946881,15.639068534034005,2404,1583
7343,27.31242048223595,10.102206313269338,0.9994171696605242,0.9618812984697367,30.090420891772432,12.992357246875105,2568,1583
7344,28.348496728300066,11.96346468333626,0.9993624886220879,0.9651951052506391,31.16164498351312,15.03834627645687,2180,1467
7345,28.09904406485524,11.087691049898574,0.9996315388558481,0.9767600487576557,31.30220807051775,14.724775898020212,1752,1126
7346,28.540458744690312,12.869979647432515,0.9994004708683846,0.9713911220453754,30.638401446772065,13.585679200674974,2148,1478
7347,28.520469351875487,12.869707776308882,0.9991230658709248,0.9661247288713999,30.756729303594543,13.910539824304845,2468,1582
7348,27.638761475957008,10.870820063553445,0.9993881760814541,0.9706616590551481,30.359711134198886,13.072964400365368,2262,1405
7349,28.21538490362794,12.957156202312275,0.9990936779729213,0.9636760248919869,30.96667058746228,14.555087497359139,2447,1627
7350,27.6507189605519,10.891136722148936,0.9994337003495828,0.9632206412916396,29.910488016360794,12.718322741695244,2446,1588
7351,27.747309709365226,10.15069044253634,0.9996657032054432,0.9751550592181261,30.157279104999137,12.730225337801455,1798,1153
7352,28.750890543705392,14.416306838639336,0.9988646514210988,0.9700943845839269,31.534856667264023,15.365394871093836,2141,1408
7353,28.16401409423767,11.763835251175678,0.9992225559829868,0.959503916834106,30.47227266987853,13.825680187430066,2599,1673
7354,28.67965684305878,15.091138197110636,0.9978498061820507,0.9641901329113315,30.38165128875956,13.22167700122613,2491,1589
7355,27.301411672331447,10.765837519122481,0.999416259444191,0.9678154086574279,30.934594188751888,14.498665256997139,2327,1447
7356,27.96685082886644,11.977423332852553,0.9991322825499129,0.95981025186075,30.552216619401634,13.858485702525051,2765,1782
7357,28.08193818026414,12.523583220249172,0.9991621307121884,0.9663538393433522,30.315775511939975,13.111170511118235,2424,1583
7358,27.65595272357048,9.344919444314721,0.9996660596672918,0.9693475362213583,30.408256351048752,13.301474284909498,1972,1169
7359,27.72748039147651,11.23867666758002,0.9994301348512167,0.9766499568339225,31.438792722797288,15.260969085975693,1753,1066
7360,28.350452260246488,11.571265627527554,0.9994617104873302,0.9710400565055515,30.211271292453343,12.653547601691354,2077,1343
7361,28.865000738350698,13.027827366121201,0.9987878465634026,0.9568308716039595,30.643298977189435,13.748286020445711,2617,1713
7362,28.743186448656175,13.680525037554485,0.9985176495937022,0.9668054885644332,30.56771755331043,13.461055105050761,2397,1538
7363,27.7659522148193,10.526373332771438,0.9995737495730161,0.9752803711652401,30.082148697488122,12.735378874787619,1773,1102
7364,26.822377148537,9.845596989634132,0.999430428172807,0.9684673719605393,30.484220773503342,13.76876239031005,2305,1405
7365,27.211710617474942,9.96235217529695,0.9993842339843825,0.9634780913841952,29.92786807872548,12.689406727576738,2553,1545
7367,28.141707545199605,11.665020266166344,0.9992216634212827,0.959317893323718,30.165347933046462,12.799427147077518,2452,1539
7368,28.02323440991543,12.815522553255585,0.999025274623506,0.9707224142148803,31.550781070229917,15.849302612187309,2288,1410
7369,28.46530239004991,13.082465997456964,0.9987222626654373,0.968680360397517,31.018058354955272,14.566745842260367,2295,1430
7370,28.22390855947591,12.810741139424241,0.9984742185487473,0.9652558274259565,30.928972397337276,14.581377509565389,2632,1588
7371,27.299339459505862,10.6876269333197,0.9995337705057366,0.9766048512272327,30.5244461092052,13.373652839628392,1824,1085
7372,28.37447717446263,12.545665313771334,0.9990605228785369,0.9644558000209911,30.61962887233947,13.866518429567298,2529,1628
7373,28.70194915676368,13.928546954672905,0.9989152021379282,0.9670589897306539,31.137263906430334,14.609153171488503,2204,1427
7374,28.098081396431382,12.656064561652647,0.9994276233016737,0.9764110114564055,31.254659929384697,14.584937425387857,1771,1135
7375,27.145079091776957,9.324166959520861,0.9996655639139335,0.9729883996637685,30.800355895272702,14.108192259547636,1981,1217
7376,28.29645148000816,12.218306343013602,0.9987235330877746,0.954847973221061,31.33835759899728,15.427960602250453,2996,1830
7377,28.778781575864873,13.971678105118379,0.9988921734313158,0.9675146319161241,30.82380317386783,14.246094403596674,2389,1613
7378,28.75493015205746,13.780579768945138,0.9988436419433295,0.9717426696319236,30.93395808973348,14.105574703015515,2077,1327
7379,28.214062390484983,12.661372833972367,0.9989947883572664,0.970087295101238,31.608804457298227,15.865656715946251,2137,1334
7380,27.167155662103433,12.782865593764415,0.9997766627643576,0.9956380948509728,27.953556708327355,14.497109598495598,838,587
7381,28.091227896478447,13.555785111199445,0.998896556966368,0.9713097053707659,31.81070676892452,15.944652605512662,2061,1297
7382,27.11079583037015,10.082184873776134,0.9995249825509609,0.9684917121464885,30.67051304337696,13.95827539770469,2343,1462
7383,27.76782791988852,11.190484743395885,0.9992112370800755,0.9659305713385102,30.557363099308752,13.969929359485636,2483,1503
7384,28.525385909124434,12.100882452835169,0.999237525234693,0.9626697960411544,30.874240699701446,14.190640832857941,2308,1426
7385,27.9683339125243,12.3702861748938,0.9990355738186847,0.963698596703132,30.3552985237866,13.13782290764134,2756,1743
7386,28.68761798465515,13.56283572663562,0.9989712490960521,0.9671415238391723,31.06790340172873,14.428643539013608,2096,1353
7387,27.226270319350995,10.27837261584138,0.9996139354940562,0.9761951870563784,30.34758134294745,12.911262184260686,1779,1105
7389,28.0784129625885,12.557494217103189,0.9989202085082779,0.963407814991795,30.525601074112856,13.442530825246513,2641,1657
7390,27.404914486067362,10.714470835979222,0.9993379990442061,0.9575400545354622,31.3595015782162,15.560188925331907,2770,1737
7391,27.722908524011885,12.81300915615596,0.9988070454771546,0.9690887892533482,30.945684919481895,14.566493615776695,2399,1513
7392,28.51151630940924,11.972821387606325,0.9993246815423927,0.9686090346447853,30.742124673105337,13.723782879414038,2123,1345
7393,27.41598004167298,10.126591066223511,0.9994714456266924,0.9639962304905606,29.886414378142607,12.692049871011461,2437,1553
7394,28.244846214446856,11.496936715845917,0.99957868368538,0.9785664874213947,30.505339666969803,13.090805766346893,1592,1077
7395,28.10656273470706,11.83086267166384,0.9992629162216217,0.9667142486706896,30.66113182896377,13.710162287068053,2167,1389
7396,28.031670824514592,11.196012212789647,0.999530302321745,0.971893624532481,30.46402346447651,13.365516897668858,2157,1352
7397,28.952726765902348,13.85278346746119,0.9986726143560948,0.9628374220265917,31.104372642147247,14.627507851696231,2698,1742
7398,28.15552832494606,11.13095576218906,0.9994047889267346,0.9585384085656065,30.169152314960566,12.786968000683885,2526,1626
7399,28.458924542409086,12.731240298161499,0.9992021009683161,0.9682067403608636,30.29856055797499,12.969169894927745,2280,1480
7400,28.036479772121922,11.003290091570975,0.9992100191525997,0.9684070376807948,30.775455306025282,13.996476670772394,2166,1363
7401,28.038394533763178,13.08594344194632,0.9991863960838879,0.978466740435098,31.407161767439682,15.142956450593841,1785,1118
7402,28.259152777084438,12.519191653298083,0.999056530071378,0.9647483704774825,30.570216055398063,13.860957758447919,2471,1606
7403,27.59422254742294,11.96255996076468,0.9991943091138811,0.973731872224753,30.189411186342767,12.669606528629856,1931,1221
7404,27.589620856247407,12.120994495670633,0.9988831146978936,0.9624870768851636,30.278733772031437,13.118146715409456,2604,1574
7405,27.339270759298586,10.777231209901597,0.9995557334843934,0.9807942778698264,31.535510191455053,15.272841060273732,1614,973
7406,27.763774332440242,11.874583144428819,0.9992649577723519,0.9684865425095549,31.196695791729802,15.04306364926049,2360,1552
7407,28.55907775501702,12.633441476923245,0.9990513256940609,0.9633006495152088,30.597956367696643,13.585450172103318,2435,1573
7408,27.809057809278414,11.858906084484433,0.9993215039568607,0.9713039412313454,31.136030506860482,14.709996024300256,2122,1304
7410,28.033577374542045,12.991033854309277,0.9990176355720884,0.9707374426228648,31.591428663055204,15.872655712789532,2182,1421
7411,27.803370951869226,11.387833252356492,0.9992797973157657,0.9605000905203602,30.82366761558811,14.162596750834645,2413,1530
7412,28.160397608866493,11.711836481471906,0.9992046094718746,0.9621375653977011,30.951578693463606,14.364111604078612,2370,1533
7413,28.150212097598338,12.46303521709985,0.9989451519497686,0.9665857310230431,30.92437683208314,14.209889664001299,2178,1357
7414,29.059305696956123,14.54481673117577,0.9985182890567927,0.9623899590746583,31.707869768622167,15.950322266653298,2486,1656
7415,28.120905794720418,11.946155162527026,0.9993372930115691,0.97066222831626,30.838678517149702,14.034055083818009,2107,1401
7416,27.848243085240888,12.340446857633566,0.9992197716340705,0.9745188677818214,31.583896283313884,15.66888698113144,2063,1257
7417,28.73259043136017,12.741631691961366,0.9994174251157165,0.9753109107079205,30.981705750933173,14.079271255489278,1805,1136
7418,28.123389588087647,12.435260252346797,0.9991071131300642,0.9643811412919413,31.017828964462637,14.710854626984592,2575,1628
7419,28.310033370324422,11.812561361504448,0.9995187306899619,0.9725420955877218,31.27985758184196,14.908562278694239,1880,1179
7420,27.273135498046802,10.289832480692889,0.9995031349338498,0.9705997449409115,30.37375321344797,13.324542165356732,2070,1242
7421,28.847367639813434,13.11121164635404,0.9984840792206868,0.9637238331730832,30.27014651582556,12.998199131066928,2436,1541
7422,28.206671655723706,12.519467026337157,0.9991436208648848,0.9651398668157438,30.124044920967616,12.689428634329394,2414,1574
7423,27.929607171987044,12.51108485894942,0.9986694456800961,0.9594340307734932,31.142684362673908,14.91829645823422,2940,1761
7424,28.1436287167491,12.218834134896127,0.9992470074098876,0.9703622502445679,30.386880756990905,13.11792860025002,2355,1534
7425,28.849115073352763,13.828160401755948,0.9987704212321429,0.9652094815848493,30.63682345635371,13.913635287731715,2356,1518
7426,27.717962694536638,11.223615441569674,0.9990356292214743,0.961696449067205,30.87610529488073,14.336453023980283,2584,1567
7427,27.637683284905,10.472767811974347,0.9995506508675355,0.9738331654620381,30.877057864921497,14.012833198456905,1873,1140
7428,28.129664548898617,11.66865549306787,0.9995176034688007,0.9776744654814418,30.16991664010041,12.633795125385884,1770,1118
7429,27.790050976051987,12.097882452798567,0.9986469241279202,0.961045812438365,30.91165668638538,14.844811932590169,2639,1643
7430,27.24163011248767,10.464182489992965,0.9995790619553432,0.9826177420876991,30.66436568514488,13.521532176695528,1559,925
7431,28.412361364312208,12.100531819469673,0.999443994539509,0.9717532486447897,30.48788384957787,13.250152627961217,2094,1385
7432,28.41547212061603,12.916589717682971,0.9990045807373837,0.9627475050055136,30.414388259920404,13.423355704041125,2549,1636
7433,26.889314127571016,9.613000529601651,0.9993736463275907,0.9608981170799276,30.819194888152435,14.717863172264325,2516,1505
7434,25.80551178314257,8.59566520402016,0.9999174771042758,0.9958839293354323,27.61860378576186,14.021874429613863,818,574
7435,27.843022840022712,12.385720484380506,0.9988466235160801,0.9662031046633176,30.62262305876818,13.737478691388949,2212,1397
7436,28.960972725948185,14.405764808839525,0.9987632740580995,0.9734031544927547,30.369993283763378,13.009694266739945,2008,1340
7437,27.982720281027838,11.418029817284767,0.9994745696513748,0.9686977013993318,30.30620147484651,13.198325340929241,1990,1265
7438,28.358247952417095,12.450409149675107,0.9985123724611968,0.9540379794692029,30.80309019090304,14.666041978123822,2705,1668
7439,27.528497307350253,10.171181119795962,0.9995542395801295,0.9667940539138735,30.477588884689986,13.337588456128247,2274,1418
7440,28.223950495611554,12.124359361150322,0.9992192912736345,0.9623969188005891,31.04473963466418,14.698906589448072,2469,1545
7441,28.032246926851144,11.16177863136185,0.9995220020475621,0.9677722789150167,30.384289876331337,13.073696748526547,2097,1362
7442,28.595565915727796,14.163601035685119,0.9989974204339657,0.9732736568125665,31.20869187824217,14.627252292514225,1979,1277
7443,29.01436515780947,13.521799630970616,0.9992274808078907,0.965784815813181,31.229808653138292,14.940588354521879,2091,1388
7444,27.823050207798012,11.705427613447014,0.9990163865634897,0.9649360132038766,30.95178625221822,14.539389650028554,2388,1465
7445,28.078813947234828,11.55342422436142,0.9991990163337194,0.9625112926102156,30.334144168844034,13.090085956328053,2555,1594
7446,27.792272027440937,10.973851834392491,0.9994834625319619,0.9682160305266548,30.976733994269136,14.646371225470446,2179,1383
7447,27.329929121068353,10.67621466794863,0.9995190237905918,0.9703644558859655,30.226180011301476,12.767329653192462,2109,1361
7448,28.423322228058844,12.215366506103804,0.9994409470036858,0.9686068754208774,31.11226385686357,14.397984925652755,2105,1379
7449,27.916889817072015,11.755662144249929,0.9993927023213013,0.9665398671358157,30.173178649722484,12.664216866764509,2185,1410
7450,27.901957849624385,11.809745306407834,0.9993846504310318,0.9751584572209534,30.490959978392922,13.238466761893013,1892,1169
7451,27.13087107990784,9.950424184027248,0.9995289866099257,0.9660493639930982,30.220716453746498,12.746329990290254,2264,1391
7452,28.0381956420478,11.765804771092192,0.999286165782628,0.9644384354151234,30.531215562533017,13.5663270757452,2474,1611
7453,28.240327446768198,12.27449784142603,0.9993359403788568,0.9760983698493844,31.139366098570104,14.717027269303575,1897,1210
7455,28.046465721483074,11.828043217864126,0.999196937356279,0.9568411086191824,30.23129130641799,13.22909606772338,2724,1753
7456,28.476773023570313,12.894760458475698,0.9994471695589808,0.9776555799120893,31.351552027617707,14.931149107718053,1692,1120
7457,27.815483976022264,12.241899849983874,0.9993136864403642,0.9724643572860882,30.872002350937567,14.353315535882823,1987,1246
7458,28.57984913543142,12.884015991150585,0.9993649757505316,0.9676772892869226,31.17049193809171,14.585381168696411,2301,1567
7459,28.320477922925708,11.478179147777126,0.9994764117904059,0.9673034446903753,30.92185554737158,14.181583641870352,2156,1391
7460,28.283886865247535,15.06090125292159,0.999396048177584,0.9898314673809364,28.512574878501745,14.92205130813997,1193,839
7461,28.918639747175817,13.867016284723292,0.9987186120463003,0.9637269460861517,31.146605403037423,14.772070214792377,2587,1678
7462,27.477550151112247,10.656164892249663,0.9992076180016937,0.9582263125672817,30.692601435602796,14.112173911643385,2756,1657
7463,28.545597713234617,12.99760223719004,0.9991103965447029,0.9696184051616374,30.362832161774502,13.127792783554924,2124,1439
7464,27.977064715703087,11.363240410742439,0.9993242546446118,0.9652335519687898,30.66136487576026,13.843228066737723,2493,1570
7465,28.411808547652168,13.382586260163212,0.9992142395906725,0.9735962504207594,31.469629624025014,15.509785670963536,1986,1331
7466,28.951448050966093,15.39957096767468,0.9977200059513923,0.9650661525467555,30.960202244892884,14.524472995661508,2582,1635
7467,27.939614522761417,11.847164937975412,0.9991262492323281,0.9594955145569909,30.39628268467429,13.52624220565227,2409,1535
7468,27.939090759598418,11.282711681856474,0.9991588905006951,0.962352661895529,30.170120547138175,13.189820418263826,2454,1488
7469,28.594234758533062,13.285636902767632,0.9988090397063069,0.9717457935968202,31.359669115731176,15.128404861397604,2013,1283
7470,27.2368039916594,9.998937815918419,0.9994884373680593,0.9718910194038841,30.224956902194506,13.17223299989907,2211,1309
7471,28.855730195268862,13.52369741080528,0.9987700201874578,0.9623761238052985,30.438668899688377,13.291868211044253,2458,1680
7472,27.367825301760202,10.533869201216055,0.9993729829279975,0.9657502710187861,30.42103359549525,13.616034749178336,2440,1503
7473,28.75577870103215,14.807257368585917,0.9984073492715704,0.9692095754911504,31.164717808944957,14.652653985238793,2139,1367
7474,27.480677100483327,10.53029131162932,0.9995105150536071,0.9700655394777021,30.894500268358183,14.147044078225102,2003,1247
7475,27.799895552539,11.457052891005217,0.9993267749995128,0.9713758736788639,31.324619909815784,15.080906020083585,2144,1333
7476,28.94661956965529,14.78121375990039,0.9990094859325951,0.9771268503752668,31.59381616203828,15.37080212292455,1808,1185
7477,27.015015089391852,11.02043524251602,0.9992258849070623,0.9685265463788353,30.702118344603925,14.143579956506871,2313,1417
7478,28.203942357219297,12.426892282492908,0.999116377313431,0.9699572446774785,31.52344877134898,15.476177622088228,2032,1299
7479,27.839917844904264,11.40727551066611,0.9995689029062592,0.9774043940526738,30.9817627720791,14.185232445119734,1779,1106
7480,28.549783111270457,13.404954602178139,0.9990302181911442,0.9685494217544526,30.42915029278637,13.148747836099995,2238,1503
7481,28.30818140654469,12.907664317376003,0.9988643019080835,0.9672694503626152,31.088564721949766,14.586052897451243,2237,1452
7482,27.866632999059377,11.732864971011253,0.9993047224126914,0.9701599494343381,31.634153365502527,15.824575752518086,2169,1364
7483,27.83077883204797,11.545830372240836,0.9990218827502199,0.9710069843450628,30.31576607896046,13.09373841505111,2041,1235
7484,28.523258842379093,14.183953587023145,0.9986734412572511,0.9711282882819291,31.781808113336073,15.968079812697475,2088,1288
7485,28.601538569067927,12.841701752566019,0.9985947968680563,0.9570491909156649,30.069843141819522,12.688132031180716,2587,1720
7486,28.41156667101788,12.272484817242058,0.9992329567283101,0.9731017525094365,30.094315845394767,12.781656646259716,1965,1235
7487,28.220615241685003,12.898674428823272,0.9989119966458163,0.9652435298722724,30.07968147065639,12.689023024661125,2386,1492
7488,28.305709445760602,12.249936645504548,0.9992063935938376,0.9635637104527345,30.520236942139487,13.564322967963228,2500,1618
7489,28.21736926604447,13.040415049437826,0.9989036297264459,0.9675778360389643,31.508876848826045,15.698449469185418,2337,1472
7490,28.10951691034553,11.886111781787802,0.9992539929494415,0.9753701888837273,31.494689559605916,15.452683951044097,1919,1153
7491,27.476539042231988,10.926905682067261,0.999173612453656,0.9607681413754405,30.011175116081844,12.87596239954729,2548,1540
7492,27.630740695397794,10.360315409431966,0.9993979381112471,0.9684234686276197,30.06871302321131,12.598109293854298,2194,1345
7493,28.953075041303187,12.21102280077379,0.9995877589647965,0.9752587551129054,30.9327471825289,14.044920385002937,1765,1177
7494,28.097355119933134,12.225899664404201,0.9991920285348717,0.968208607620652,30.146191799872447,12.80333544645343,2279,1492
7495,29.656177638195196,14.480325157833494,0.999333069400675,0.9766089839124598,30.66199351929877,13.455566840351063,1687,1142
7496,28.0138142974873,11.846293678579823,0.9992230665319751,0.9706276752389613,31.005696082057092,14.534756785842974,2144,1332
7497,27.767554863340436,10.731466918175144,0.9995551867800375,0.9701882874899287,30.36742071608764,12.92652172700836,2028,1283
7498,27.13112969472673,11.414156959022954,0.9991840820090883,0.973892024529167,30.218050117062113,12.922899792938694,2012,1225
7499,28.319025391264702,11.890344123367436,0.9994265187498248,0.9721197679476221,30.670951277118096,13.853292026898698,1939,1251
7500,27.762179436686914,10.930951253827907,0.9992944783605402,0.9660005171891611,30.563017027386564,14.084400605204127,2475,1505
7501,27.23134746489344,10.507282228879248,0.9994490185652105,0.9711168687407883,30.791770124390002,14.153462808860933,2174,1336
7502,27.759343153309686,10.232412379692015,0.9994549063022476,0.967963203568459,30.208732990213065,13.150642731309414,2255,1426
7503,27.75758393058785,12.453352810425907,0.9987108778168515,0.9647277777815887,31.36926824139557,15.446624300089189,2347,1462
7504,27.409120072378357,9.772222734611768,0.999536038952008,0.9654912195959838,30.887220376340117,14.583997900789395,2311,1416
7505,27.570661031208576,10.957970547085845,0.9989728972993365,0.9608359835974601,30.53938657279055,13.65800394637721,2564,1519
7506,28.348101044890957,12.035258713294825,0.9995314582286287,0.9797106416212998,30.527375795199397,13.2473838655151,1603,1030
7507,28.7181738332943,13.921655488844598,0.9984809545056742,0.9737701328361712,31.72625719518724,15.733799548718094,1966,1254
7508,27.701303413998602,10.71056343503739,0.9995997505499723,0.976845796636048,31.643105233440203,15.626495284957002,1800,1096
7509,28.206970505009252,12.10421927853944,0.9992434458980488,0.9733711239463092,30.486169200529627,13.252709398823956,1862,1155
7510,28.05243300234073,11.623554597824079,0.9993959409150556,0.9710942888071867,30.411264945666076,13.102171112561976,2123,1357
7511,27.408930799815884,11.428446679322397,0.9995281886432932,0.9797889347182805,31.35146708545595,14.90635071999742,1590,1011
7512,28.368381592656444,12.27522989832148,0.9992979964794066,0.968712442101204,31.089469496105583,14.561024894259067,2343,1476
7513,27.500156667563846,10.93982202368312,0.9993862761321044,0.965431786817593,31.525172141926433,15.787081471017716,2352,1483
7514,28.808433717264045,14.458141259808801,0.9986470723007459,0.9645614192917434,30.534808971981814,13.48153324008382,2464,1675
7515,28.8001123272962,14.138763224344988,0.9986091134229801,0.9684491492208247,31.12430510062786,14.761069799412105,2161,1404
7516,28.20717491899574,13.415101168654136,0.9986074463479121,0.9671849955657088,30.78487131504245,14.228174550445365,2350,1514
7517,27.801000190598607,13.259734800404726,0.998458847634536,0.9710970920788546,31.621097499279593,15.927010073863787,2254,1352
7518,27.216623580140165,10.49070903253839,0.9994411223088799,0.9752504994764493,30.586977703462903,13.809720742920245,1845,1082
7519,28.56503831703538,13.718522957387943,0.9987684189210814,0.9638928213298715,30.33189071266448,13.162603931321987,2512,1649
7520,27.52340278442022,10.728881548850532,0.999436355298923,0.9679825067061936,30.104774742584336,12.62365943209134,2254,1423
7521,27.494672607570124,12.11964568171354,0.9990273085382938,0.9688637505645318,30.78115725583683,14.327861310947439,2342,1425
7522,28.474696319978506,12.650250000976671,0.9992841940710353,0.9717151144272715,30.393106817996262,13.110969436055717,2069,1379
7523,27.418080033836702,10.829511519896649,0.9994896106670815,0.9722983855172262,31.17669577653261,14.688565229754026,2049,1298
7524,28.581963173681636,13.244530057093368,0.9991046170645461,0.9677677433833558,30.407786708118792,13.140339434186487,2200,1405
7525,28.545987672428176,13.972411596736054,0.9985628033046694,0.9701814384233944,30.658377882452346,13.63049388725327,2252,1455
7526,28.51577008934931,13.71204476156052,0.9982965491951981,0.9618689075967591,30.46997938886785,13.600342234450247,2438,1540
7527,27.837439293859305,10.69643598825962,0.9995836615162933,0.974274740960665,30.685059595279597,13.676971381368226,1995,1269
7528,27.85130005959731,11.99709851365518,0.998655310811669,0.9663794988337547,30.443228350388665,13.543728364057635,2488,1514
7529,28.10753925910339,11.917427166701433,0.9994383299187556,0.9687277396451804,31.07487854326095,14.388133969159338,2141,1390
7530,27.643642911351584,11.649444792473462,0.9991624258006193,0.9623424962354498,30.974704767024765,14.841851354365437,2618,1613
7531,29.78430652057712,14.669894445383756,0.9990455914710369,0.9700929464315701,31.3517309717692,14.9816467938815,2203,1529
7532,28.07340699505715,11.820566862413827,0.9994007656436409,0.9692515164181067,30.833073270922462,14.028898535458227,2014,1349
7533,28.47930544571538,13.486199690137619,0.998815812438705,0.9733265873442446,31.665899470775805,15.725043250268813,1926,1205
7534,27.27974130132624,10.346468168450585,0.9994305727733247,0.9648423963718802,31.194494939997902,14.996353045638637,2335,1438
7535,29.18887988311205,13.990047012266242,0.9987674527529243,0.9645973969848854,31.408155923210984,15.323996198078634,2385,1555
7536,28.225612070229175,11.444689416852846,0.9993557918343277,0.9668676794235476,30.524339865252585,13.661893803201025,2369,1504
7537,28.006182903552634,13.077488743776835,0.9984164404572523,0.9702824878192093,30.182000840140986,12.970066523535088,2272,1381
7538,27.407186583408798,11.372008514304364,0.9990160927253682,0.9660826657193596,31.464638832223173,15.775278203027321,2548,1590
7540,28.138448213231456,11.952095579297515,0.999355280951305,0.9734384333227587,31.256018618717157,14.73868053363953,1979,1254
7541,28.751564495537508,13.89956120413138,0.9988879727760033,0.9687679228667758,30.56949425474613,13.473179333039763,2343,1567
7542,28.385303525009007,14.368074150799083,0.9983812697434702,0.9650023733424253,31.25702446794147,15.186147952731767,2583,1634
7543,26.9857259133412,11.664425756180794,0.9996056423169316,0.9879059987608046,27.841165253034156,12.343174502816874,1196,742
7544,26.38656665287156,12.019202369253811,0.9995554849002755,0.9885456769294624,28.455448736418706,14.088695487775325,1208,745
7545,28.054985081329175,12.589826122380064,0.9989681521652892,0.9686489664385195,30.556703778481168,13.583197786310103,2425,1527
7546,28.157039144610422,11.48934764357939,0.9992623138101046,0.9598814474692664,30.26093920236942,13.219635632380529,2813,1806
7547,27.77789608200051,10.638582853271235,0.9996338885363679,0.9757494673274839,31.446309736438984,15.231405250273307,1756,1133
7549,28.047157653099312,10.752946079528174,0.9995249267562571,0.9652414333352572,30.19786096701037,13.16676643576864,2134,1368
7550,27.681542113227927,11.315594817875887,0.9992852024939933,0.9626335427743359,31.33527446350908,15.577806338608227,2534,1630
7551,27.95371911331106,10.695340115897169,0.9995176116304406,0.9656687328186868,31.116161066800778,14.817259898573283,2217,1382
7552,27.984277106596238,11.666141171011153,0.9992077591686899,0.963206881162881,30.93173032273787,14.36399664137791,2331,1440
7553,28.425573042122828,12.32209921414817,0.9992711069872281,0.9684584412504368,31.371996355474977,15.09356527324572,2403,1575
7554,27.777407741864977,12.094685877444789,0.9989314327515679,0.966161278101276,30.32337951033695,13.239080409523783,2412,1453
7555,27.574875364809408,12.9466428830097,0.9987922326790724,0.9689771109811898,31.388577259073386,15.515152096319635,2402,1426
7556,29.19390054672217,13.952414243408208,0.9992134802135202,0.9699709799388969,31.739281068574847,15.75920356498427,2131,1406
7557,27.72040255784677,12.209816610294748,0.9991659982186463,0.9639303227035156,31.067709488097677,14.720807252002842,2486,1587
7558,27.459206497848776,9.692618381593174,0.9995493928727471,0.9658068924514654,30.618368113067035,13.627941075064772,2394,1510
7559,27.14197487146462,10.832897578454679,0.9993387488104764,0.9707758824922457,30.819894002206333,14.335623495664036,2260,1408
7560,27.972316644991583,12.486056366143197,0.9992233395543968,0.9715294233494874,31.14745579393642,14.749657671355374,2101,1292
7561,28.28754744111521,11.221955229121487,0.9992828004538481,0.965238679411868,31.43762874448875,15.254884535115703,2303,1448
7562,27.953260409587784,11.870542746603954,0.9993661257779898,0.9711673885056088,30.238875364896337,12.936596003546025,2103,1340
7563,28.6086878754261,12.490500008057294,0.9994073655285053,0.9706484680820994,30.969992233282287,14.22877911881226,2029,1365
7564,28.342897442405754,12.606437314448806,0.9991095690781265,0.9633226244320363,31.162716930000744,14.892669996694078,2429,1590
7565,28.217347468886913,11.892686315295279,0.9993102373036853,0.9659255671885099,31.336464205483963,14.917537393825,2350,1515
7566,28.652826861500756,12.745350616477538,0.9993238474856753,0.9709352947085262,30.8510343498339,13.90900822763368,2004,1230
7567,27.782291081585953,11.007831051117016,0.9994006464771217,0.9658530199009812,30.26049941377838,13.186985414323518,2454,1552
7568,28.62428071289657,13.872595063124715,0.998598822541643,0.9741052151427493,30.258552935860344,12.849176349380231,1967,1264
7569,27.542105759940732,11.936413099702158,0.9992599008709564,0.9702486750585269,30.98402081272726,14.714680717023862,2371,1466
7570,28.617946071234318,13.827545258506355,0.9988337616059013,0.9609559294506123,31.659863304020842,15.923722009666935,2559,1670
7571,28.05224395277946,12.183294414772554,0.9993304084419825,0.9692039728634232,30.626411102787827,13.719183671717378,2380,1523
7573,28.027010203220883,13.786534011027262,0.9993612156707126,0.9897859379023232,29.106319397348763,14.6662062303972,1017,636
7574,27.6077280633374,11.029645648711064,0.9993217204170134,0.9744457805364882,30.686748365614505,13.68676683511101,1936,1164
7575,28.478052270072443,12.659432609505586,0.9993127812880507,0.9705657022763979,31.042043700085316,14.387677236238964,2227,1467
7576,28.192534827706357,12.418722731676887,0.9991905502722332,0.9657155390474654,30.516234729989495,13.424238312884334,2325,1484
7577,27.707392991442376,10.90741773871239,0.9993823718857856,0.96799389214363,30.528698904581248,13.51303779252778,2209,1423
7578,28.048106587093766,11.900886154704471,0.9993699237706885,0.969901982586787,30.499174327577943,13.250185052150854,2045,1293
7579,28.551394344775844,12.640539467782112,0.9994426695159775,0.9797509005870687,30.293551033271726,12.678545759187674,1663,1109
7581,27.996028444652943,12.765715199477919,0.9988189928765815,0.9696473640760417,31.195779691935563,15.106069210706462,2198,1329
7582,28.265943968253808,12.391695089828097,0.9988817443164723,0.9694890793181913,30.131741770897435,12.6698798900714,2285,1441
7583,28.366835066636273,12.8069322886983,0.9990991218880008,0.9665958004465585,31.082954751726426,14.896553567250173,2312,1524
7584,28.265287276324372,12.547886937680108,0.9989126997089477,0.9608038929797506,31.42829587915387,15.489905649000038,2550,1570
7585,27.914227081166914,12.289519138399799,0.9990105881341368,0.9739536512312226,30.993426121064374,14.225536644863526,1950,1202
7586,27.675360147225845,11.951553880975219,0.9989998235457042,0.9688095341250179,30.2270878060963,12.82159563823493,2299,1429
7587,27.933989540978597,12.446205717517824,0.9992107147879162,0.9725783058197007,30.753539005965976,14.060429057347735,2329,1452
7588,28.17558032660503,11.278218488045406,0.9995061516146658,0.9670513289980825,30.719402420039813,13.704593537042008,2273,1472
7589,28.560306596310788,14.05789596368308,0.9990948666755739,0.9757188524536435,31.36159769024041,15.14773498046906,2030,1309
7590,27.639605349147832,12.279316636475981,0.9989779209210378,0.9678892578171279,31.219037451466136,15.105787428358537,2248,1364
7591,28.42521738658629,12.620956531552759,0.9988646454749783,0.9684193799576258,30.32198920483214,13.113456381617768,2251,1429
7592,27.760581713236515,12.246841544494561,0.9990661620303697,0.9669511979076975,31.1310627487317,15.044812885870929,2454,1524
7593,27.76417841847779,11.24461921408149,0.9993308734564993,0.9666224914244912,30.903845402982743,14.318004095056555,2264,1427
7594,28.301817063296696,11.770057569268005,0.9994739085928659,0.9704052178889123,31.123517955811394,14.537585472237947,2039,1341
7595,28.166441445180936,12.048121252808166,0.9992731591640587,0.9722337533928738,31.28852491178649,14.911392664261394,1893,1152
7596,28.761800780719202,14.058824254679054,0.9983636982486259,0.9628196531328646,31.00457776114798,14.613919616294353,2558,1652
7597,28.68141254163454,14.3589309328087,0.9988319256966699,0.9720946766995525,31.257771260155312,14.991070383410133,2271,1445
7598,29.66957747046155,15.447510820499687,0.9985370842442343,0.9695797311093037,31.628994406240295,15.587548521260786,2007,1291
7599,27.783708389272736,11.421051278008372,0.9992404054328967,0.9598434700218317,31.217421419586717,15.202022520214793,2677,1683
7601,29.575764892616192,15.354448437901272,0.998558509532533,0.9631558480825099,31.808234183321314,16.019767140380676,2298,1546
7602,28.521718254707395,13.04960625371573,0.9987372940182246,0.9730129790734889,30.660806433557973,13.609226688274658,1998,1224
7603,27.734885501293896,11.736176149548408,0.9991840879017585,0.9641046089734169,30.23381447324344,13.255604784176128,2630,1624
7604,27.810293211379978,12.246486717203481,0.9991933691329344,0.9654772484685521,31.54455677511148,15.676182346829567,2387,1521
7605,29.02608385184177,13.284886255232271,0.9993265288730749,0.9712625975555855,30.85615408977295,14.064406638241735,2007,1383
7606,27.426377075618625,9.83294772613474,0.999542410680328,0.9676963160928244,30.478736081583495,13.329666222651955,2306,1457
7607,27.573177296677915,10.053160956012,0.9995551113557175,0.966724172786501,30.44376185621015,13.760492950909573,2183,1383
7608,28.266391489520615,12.99613561050153,0.9985887818384352,0.961750251544601,30.704070210053473,13.924174133562515,2614,1663
7609,27.921540082318135,11.711745686126294,0.9993704117914669,0.9695646974569756,31.25505541350984,14.900920374664228,2147,1339
7610,27.701819756400162,12.292489713013982,0.9984955882114164,0.9629327010158545,30.225983413256333,12.971860872590955,2673,1634
7611,28.39078001701661,12.280557545512798,0.9993194988472727,0.9662572252176846,30.199573024697703,12.813145491675442,2397,1582
7612,27.341937365208025,9.946877847626778,0.9995346040982237,0.9673426555880391,30.53466567738028,13.770383915507654,2231,1366
7613,27.67579968065914,11.519138982183135,0.9992935819256664,0.9659562092371585,30.41822781849621,13.533162626266602,2574,1658
7614,27.501561868928334,10.70551056276646,0.9994049230002603,0.967698905794306,31.180417896023584,14.843406878224494,2359,1489
7616,28.413366700897594,12.487105064849626,0.9992417724784273,0.9702554378099156,31.36351619625213,15.451674276601153,2113,1356
7617,27.480081940015722,10.780454314865127,0.9995839015512159,0.9785882800915222,30.265048680652722,12.637022883003217,1721,1052
7619,27.821282124119833,12.246343947916536,0.9993085384299064,0.9729690298287397,31.37817197942836,15.284486101935093,2127,1324
7620,28.455792961218602,12.338731421435071,0.9991798440185709,0.9610494067108519,31.260635847026403,15.054776554317773,2416,1542
7621,27.302792062728102,10.948229321418602,0.9993373461742106,0.9717201291756343,30.16548589532123,12.642544932294511,2115,1282
7622,28.175331535143975,12.082466071057032,0.9990569614229307,0.973398521862166,30.3070872056996,12.945738412637414,2023,1246
7623,27.13848555670403,9.979920716895395,0.9995378495971879,0.9679893723135551,31.406570827321296,15.203156573431645,2188,1346
7624,28.445161860260267,12.343564055924546,0.999225414128219,0.9726169855227013,30.738221751553397,13.864013162317686,1973,1281
7625,28.617419652388314,13.666652251306399,0.9988699597813726,0.9639094262990424,30.538952523069,13.46853011031217,2307,1484
7626,26.997756757365593,9.972464431607792,0.9994804324036669,0.9681276531029531,30.528952256619032,13.62313665785748,2135,1317
7627,27.293269998037758,10.234602444763254,0.999606846405421,0.9766111330059332,30.79611617368691,13.982760508413882,1866,1127
7628,28.19816267063775,11.699124446266715,0.9995543656824716,0.9733843599250934,31.52804426748656,15.465642325850567,1892,1252
7629,27.896658047373577,10.408161574664202,0.9996016608315361,0.9727245888622077,31.368318332359202,15.056658795745175,1975,1236
7630,28.144423868474803,11.903060399756228,0.9994059172850026,0.9740087095962741,31.67954804214353,15.668898951020804,1986,1274
7631,28.066124556011363,11.775696674913686,0.9993994413070143,0.9685644150509124,30.650054628775205,13.853999287574743,2244,1449
7632,29.005009177346565,14.810956162861634,0.9987754189587451,0.9702648027382393,31.567334653447805,15.588713350377246,2172,1399
7633,28.09050645246096,10.652327992134285,0.9995520914814812,0.9695734754943995,30.53355163440928,13.651319399731602,2022,1254
7634,28.759321548230634,13.826862250900724,0.9991483625778628,0.9703369283973282,31.005954112900515,14.268428455694247,2141,1411
7635,27.997092419096873,12.787876662925708,0.9989645777677677,0.9698637038687311,30.368001699697142,13.126543876532406,2313,1469
7636,28.70743334576118,12.309044852370208,0.9993911724950171,0.9693439894347902,31.18785702931602,14.73388914789744,2010,1273
7637,28.60769059622235,13.873870558003762,0.9985159713241938,0.9684230400947951,31.014593774868445,14.452487239292488,2191,1396
7638,28.032090291398376,11.498649663874641,0.9993396572128579,0.9666003665915497,30.04733256822798,12.630562154272951,2301,1486
7639,28.66502201868251,13.775866929049476,0.9981335318710434,0.9622752699162289,31.147070654174087,15.123715810340958,2543,1586
7640,27.194812811523082,9.918059235635411,0.9996432872237195,0.9780112352864107,31.279268645527853,14.691120807090838,1710,1045
7641,27.999824424133173,12.609440608119783,0.9992387944449515,0.9703269396300982,30.952543230563606,14.389587960505692,2107,1323
7642,27.91741218561873,11.159622882467062,0.9995265367928573,0.9752206327750543,30.154516572098146,12.634676748064495,1835,1150
7643,27.801075905361934,10.2879783734159,0.9996481176726175,0.9735551914054575,30.309511910429066,12.766829725750231,1842,1204
7644,28.094693450981417,12.749924662508842,0.9988256096009193,0.968248481458797,30.20556789938315,12.840674364115994,2258,1407
7645,26.99145517452228,10.52259763358001,0.9994303470433868,0.9711545516790396,30.73700905696129,14.29358470564126,2404,1463
7646,28.21752773974716,12.52526442519642,0.9990659311151204,0.9629728931772482,30.47995103062005,13.865992143215799,2963,1944
7647,27.753273452244393,11.296581938664252,0.9994322496136829,0.9683824662484402,31.069777243762942,14.510180386009782,2173,1403
7648,28.11393913831868,12.378246352759504,0.9990504783861627,0.9686959528281789,30.16357637104411,12.672864663676425,2269,1443
7649,27.398323242702798,11.162529430032697,0.9992918359292259,0.9710698977555517,30.18651274255374,12.648522284794371,2143,1406
7650,27.590178402912503,13.435945969820786,0.9992561489663151,0.9860938351247361,28.992924968313034,14.635042000049214,1376,837
7651,28.484698567206344,12.883160986775732,0.9989802220213895,0.9743112789293338,30.829944372358646,13.91876572672091,1996,1236
7652,28.48547357014501,12.423141246119602,0.9990188292501176,0.9702288131144424,30.224007393767053,12.808488965241736,2112,1382
7653,28.464848681497763,12.933117078737638,0.9991715103356696,0.9692677501772444,30.068234132229044,12.66813083759035,2162,1414
7654,28.495533939785354,12.482977930168799,0.9994474590214139,0.9756471458449194,31.440953261353876,15.120757481976838,1742,1131
7655,29.23840419729313,16.18370638970463,0.9982011355138319,0.9706143310713553,31.581256497807498,15.622925514067983,2264,1491
7656,28.16692214985432,11.106550210559686,0.9995334387571431,0.9731439142848395,30.98593509321853,14.187609068812655,2003,1257
7657,28.216609394149415,11.577036663810237,0.9993330242617139,0.9639112224674821,30.431852659646168,13.247886740757878,2404,1555
7658,28.21651756017547,13.349549580568178,0.9988778252980919,0.9737716644066828,30.31690400888109,12.997701142791666,2019,1300
7659,28.895256079974047,14.124901422224703,0.9985918564040972,0.9630032805530043,30.477884844922073,13.49438575164713,2407,1550
7660,27.67962357909967,11.606107532625263,0.999451791590364,0.9720889239920687,30.86704565159318,14.339568334925858,1949,1331
7661,28.059250256883598,11.978850351297465,0.9990751725912257,0.9647166820030741,30.49280060344964,13.711306640674799,2573,1583
7662,26.64723522398973,11.504670502341526,0.9996510265776042,0.9908008364737194,29.36164135797959,14.185355908417332,1168,783
7663,28.84441100455362,13.87030553150609,0.9985550241343574,0.9579067752861157,30.40670844635473,13.327558433989015,2786,1833
7664,28.89151783681868,14.0654778077477,0.9984315204363886,0.9657980611724347,30.748741116662785,13.793180637939347,2266,1475
7665,28.59854628765635,12.831980361339879,0.9990788190676252,0.9695404824275149,30.839509104723902,13.910618442521868,2142,1366
7666,27.091955825661085,10.429241276618622,0.99940412714698,0.970414656311079,30.091125873309686,12.86333631348813,2225,1357
7667,27.56594487150197,10.947471185683813,0.9994592982127904,0.9684842849795534,30.45700090066226,13.50091152214327,2119,1322
7668,27.867613366973902,12.77304765369141,0.9989079157311567,0.9671506514257038,30.393484109978974,13.4543766019235,2749,1713
7669,27.80014261334216,11.086526093018755,0.9995259687157332,0.9731770668514005,30.682308790706443,13.53863857977494,2090,1331
7670,27.9919960630263,11.023907704993423,0.9994870617785212,0.9659719722573521,30.114972867577386,12.748624927506654,2306,1522
7671,28.60891650767624,13.407408829283835,0.9989891353292785,0.9625264295670081,30.830943330598704,14.09672828787495,2407,1566
7672,28.105526159852523,12.092647890802793,0.9994796932376693,0.9770806632581696,31.580413458708385,15.47546578309282,1735,1150
7673,28.225299795763252,12.036933746847616,0.999342741249521,0.978356008995667,30.509554780770586,13.247472633789688,1654,1044
7674,28.083151927447467,12.11789334794915,0.9992613388040392,0.9681953254182236,30.223051978121447,12.80975562317655,2216,1399
7675,28.226665423465796,12.490967506280615,0.9990714823832728,0.9606185734586218,31.166947850017387,14.899368234808655,2667,1696
7676,27.72167624506086,11.804061993796726,0.998969975668416,0.9615187828985895,30.044204376129077,12.65676975535889,2614,1619
7677,28.828286241707644,14.170633423943759,0.9980673786093975,0.9631877395775688,30.720926556124706,14.104829904812885,2511,1615
7678,27.05520690575868,10.493153248263452,0.9993486346106398,0.9652492709653889,30.681956027105187,14.106761709565369,2511,1559
7679,27.902097663702854,12.380342793015107,0.9988876340511882,0.9710513792399471,31.002633196465155,14.534843869317228,2000,1240
7680,28.57342542990417,12.97463676155466,0.9992073376192739,0.9628623430575153,31.38192964811337,15.138871021693472,2613,1763
7681,27.68498256328005,10.849609298802015,0.9995965829580051,0.9764821241149896,30.662572186801388,13.68723993853874,1890,1193
7682,28.738887990599235,13.601639979800513,0.9989551646877519,0.9650835605732734,30.247451744773564,12.855422208991325,2360,1583
7684,29.062002671888276,13.350720962972368,0.999039224385004,0.9747386774503694,30.83227192279214,13.902030555902783,1867,1222
7685,27.10039579201602,10.958584897517447,0.9993685782650111,0.9718791286122788,30.445162608360196,13.36832926229749,2191,1335
7687,28.487113926987217,13.002103020364789,0.9990489364728246,0.9692224905703563,30.497197755911888,13.289452758102948,2169,1448
7688,27.83248486644983,10.838750871390904,0.9995260782057801,0.9695312545042308,31.378552951594646,14.884519556878477,2133,1345
7689,27.826224369844095,11.419162408684997,0.9991530152670738,0.9714912639386746,31.16144345958424,14.88485027841807,2236,1362
7690,28.80873086146421,14.05179239463074,0.9987146150612379,0.9653381412507415,31.606949732476792,15.560352342067215,2316,1488
7691,28.595282010417996,12.997710021550716,0.9987008338522814,0.968349477623979,31.50577442118452,15.49626498441619,2227,1388
7692,27.83566332973278,11.734141508563333,0.999033883123898,0.9645530169025612,30.379367368134535,13.524464540474636,2579,1656
7693,28.92885962028704,13.300505373630386,0.9991953465140487,0.9711848512846915,30.67559252139519,13.607315385642519,2081,1365
7694,27.603099206682202,13.807297581024995,0.9989865870193871,0.9859303636781549,28.485262642214874,14.094214392166208,1490,970
7695,28.539965021056645,12.027516136027838,0.9992538845846719,0.9667871599546948,30.809068800248603,13.894807839471818,2286,1460
7696,28.294106717398364,12.490437746099825,0.9991789452154336,0.963524899030172,31.14500050349355,14.72696581506877,2397,1532
7697,28.743909386360286,12.967071746572756,0.9988176948039471,0.9649691854974232,30.887791484428746,14.073563418244312,2297,1474
7698,28.962840898398344,14.784634069453732,0.9981572983486049,0.9640851037827664,31.199853206018776,15.36966289031022,2497,1632
7699,28.659122022189024,11.466819149927003,0.9993620506380819,0.961417233284974,30.801942474037617,14.006740375757467,2379,1539
7700,28.411880059093978,12.450222255312768,0.9983810809354559,0.9560901902081285,30.087745507335434,13.103485284657497,2851,1804
7701,27.5032688085048,13.492536730469713,0.9995425195522752,0.9886713293913318,29.25146213412042,15.378502710330462,1108,732
7702,26.66879248085251,9.493685164497185,0.999464987599758,0.9627907836377686,30.952142755702532,15.585061573152979,2427,1492
7703,28.174508207458008,11.429896026587414,0.9993734976703794,0.972982875552522,30.47381865313126,13.096120745842292,1923,1210
7704,29.190681698908314,13.909939305089763,0.9990597025812573,0.9641825107384716,31.151152127847457,14.6204176144999,2431,1658
7705,27.230290679331656,10.459149958121245,0.9993017246673364,0.9640868292720485,30.55569624896679,13.940230853085753,2477,1489
7706,28.57069185254366,12.290189684668388,0.999329554818827,0.9657645122264817,30.349860306481723,13.10561828130856,2394,1555
7707,28.65363261861674,12.983949882246712,0.9993595548600741,0.9722068343098592,31.817865589755023,15.917949253228368,1756,1142
7708,27.952185121793576,11.660858515281225,0.9993913760600701,0.9683175779836224,31.671915388071223,15.833215612416566,2011,1306
7709,26.94527498308632,9.799792982828874,0.9995273019122011,0.9722471956363656,30.949846027937266,14.955040459454692,2038,1198
7710,28.217895384022196,13.274521341761748,0.999039736456715,0.9694159497047738,30.731637641112705,13.895935879313884,2070,1316
7711,28.20555470608746,12.312260037162254,0.9993579143789452,0.96855553154726,31.549372047950627,15.483902854377831,2335,1535
7712,28.216291432153277,12.353263341076389,0.9993456892585233,0.9727728411532299,30.569897682965546,13.543751137091416,2042,1299
7713,27.97692713020534,13.046214698365922,0.9987908321888153,0.9703829133059397,30.616903641831644,13.755511056652551,2366,1499
7714,28.45374229809922,12.901040699201243,0.9988487191082168,0.967303503522974,30.485936051590468,13.420728917193118,2285,1429
7715,28.836678754104838,13.222980844991522,0.9990192126410158,0.9614552298618777,31.48014401873842,15.501669231411242,2554,1632
7716,28.062961861534347,11.898150329000147,0.999451024937009,0.9742694755820015,31.3050872857746,15.25842722689245,2002,1317
7717,27.10736347510714,10.852548097779078,0.9992627684066608,0.9654851862971331,31.347488761997433,15.741247230027122,2469,1470
7718,27.34277362273047,10.27475658161023,0.9994405823196343,0.9663321304112817,31.471090584472655,15.39968120376966,2261,1387
7719,28.665725801453217,13.522998528836762,0.999071196248701,0.9711210812381154,31.53659046335788,15.347637555572755,2283,1537
7720,27.90019140097762,12.295823286204048,0.9992483669159669,0.9740469570413391,30.92660516953441,14.200246934303923,1921,1234
7721,27.44392980701743,9.816444826593727,0.9995430112774188,0.9687684929503528,30.491670955711413,13.476800623292434,2158,1340
7722,27.189821417782362,10.435926635471793,0.9993954222121787,0.9739006470310557,30.780450528053954,14.437766715433089,2157,1268
7723,27.772016426562903,12.953558158645812,0.9990550659135847,0.9798225842065722,30.371942395624835,12.977265425870879,1638,967
7724,27.985813200162223,12.339693246275507,0.999415085523215,0.9783248816892288,30.63979747557131,13.57485765026758,1774,1125
7725,27.83061053119944,11.397348825164578,0.99939524942097,0.9670465374137736,30.47025926845036,13.526557520653348,2259,1419
7726,27.734071098444097,11.164943021275416,0.9993753190560895,0.9719544463802412,31.36106839924544,15.227573019842248,2089,1282
7727,28.72279048978381,12.736695821060568,0.9992527289260357,0.9692976252988698,31.14613099690534,14.579460461856415,2138,1392
7728,28.97420546678907,14.010068086597107,0.9984590306020168,0.9587789321855423,30.249337076237683,13.029212541258135,2625,1685
7729,28.921711590131025,13.304469281639408,0.9993504494892301,0.9709350730226508,31.15697711682589,14.587810284392223,1987,1370
7730,27.934799779536057,12.477589623339302,0.9991814667508758,0.9726222557637646,31.48083902650244,15.473546432044012,2121,1303
7731,27.54653876771779,11.325642380947794,0.9993550960547636,0.969366767625919,30.737865924625275,14.29200811303993,2202,1440
7732,28.14405395611514,12.935635226717103,0.9989555741049423,0.9643753732250668,30.174039783139737,12.859415333416619,2474,1615
7733,28.967474912215394,14.973912785041883,0.9984584767042542,0.9712957089473387,30.459493205339953,13.18734391827757,2009,1334
7734,27.876093341412094,11.243080681352248,0.9993361595896715,0.9632408048930321,30.874893787738387,14.617823592175148,2545,1633
7735,28.756786397993523,13.818449764454858,0.9989490268555146,0.9669443970706012,31.116105415181657,14.630629434098953,2258,1505
7736,27.40215325610055,9.964760213399309,0.9995449216197542,0.97098855436122,30.480966913442167,13.33851136529888,1983,1243
7737,28.258916526120732,12.622173705679927,0.9993521150214326,0.9722340969185875,30.899262521493355,14.211658885832883,2005,1313
7738,28.018265647680202,11.528820760345296,0.9993599734534887,0.9697041033836475,30.628685371694317,14.29039666027979,2256,1471
7739,28.467536715186263,13.468008640645163,0.9986586779775763,0.9586539899513251,30.49368820864286,13.615727902457458,2846,1862
7740,28.343617853199387,12.945601930137794,0.9988766684917535,0.9656138288719324,31.42626812499084,15.482346740491458,2244,1393
7741,28.995950336044697,14.056821629277444,0.9990760628443917,0.9720209331335921,30.777761872221078,13.782840609291863,1976,1284
7743,29.119225722038014,14.139919047676859,0.9990717601911008,0.9781795612790523,31.80812876336613,15.76496317957073,1760,1152
7744,27.172915756888315,10.065909576331881,0.9993431477641794,0.9588977636620498,30.822534073148727,14.585435350049444,2675,1587
7745,28.289086596612826,12.300585207165362,0.9992611541185807,0.9689093137352226,30.614500164250842,13.705494248244346,2111,1382
7746,27.39669166358395,10.151887472696197,0.9995481327008577,0.971250133586725,31.33507768572427,15.536925090990973,2021,1240
7747,28.50832364392284,12.812598242104995,0.998733822941473,0.95424528047757,30.251923491561328,13.543829170576965,2939,1929
7748,27.690511521200143,10.277989787671228,0.9996191793741144,0.9726400913661712,30.570797887076203,13.351376299819844,1806,1113
7749,28.089291287576337,11.992208547874892,0.9992296579059922,0.9624368276132762,31.415119483070626,15.279992162697141,2576,1628
7750,27.666426816537935,11.61823534975314,0.9991595834532805,0.966953156505198,30.54911392471507,13.691773136778004,2381,1463
7752,27.418013280659586,10.254123182351691,0.9992897552046478,0.9705087790805321,30.056316639574906,12.599956750893346,2169,1298
7753,29.002375848378588,13.440323618814682,0.9991271600978477,0.9691106319978642,31.825289696859194,15.941721817121014,2054,1321
7754,27.51421407078282,11.11192559261362,0.9993258312780529,0.9700042588885593,30.662743640164642,13.83163712940011,2159,1319
7755,27.056336050235895,10.000496242271321,0.9995846214832947,0.9744399507353727,30.247021344815586,12.883333198369847,1895,1193
7756,28.664270976538596,13.425797152220685,0.9991295502372834,0.9711847268446981,30.528462679351357,13.31132347273577,2264,1481
7757,28.29459268118068,12.313779239965994,0.9991747030696011,0.9634794815113642,30.897576601492716,14.224433097560802,2583,1655
7758,27.724384601330012,12.1357965545428,0.9990233623942851,0.9718282335504289,31.4956448176957,15.483581326663556,2268,1341
7759,28.397021124588893,12.482388410152103,0.9989544701601659,0.9686372897326903,30.855751669974424,14.070291074611998,2227,1440
7760,27.72103864931866,11.695026955321792,0.9994827327442702,0.9744159081545251,31.390609802139583,15.0932000447084,1853,1159
7761,29.2832916492411,14.537333421843199,0.999033264531913,0.9722974513808257,31.729787938926343,15.759053577436452,2042,1336
7762,27.194423435901832,10.572703275549989,0.9994744980259608,0.970494149778806,30.80554601595013,14.297172141895537,1979,1194
7763,27.978837824356177,12.518837148379522,0.9990122349067717,0.9625782433349462,30.361654228841445,13.40464029190768,2603,1690
7764,28.625676407563336,12.324527904745597,0.9986757318342704,0.9605916172877842,30.37277021360786,13.272564209351609,2543,1624
7765,26.71652243030949,9.580626185496861,0.9995897384915331,0.9702762177787894,30.60112167553269,14.068455320751568,2118,1334
7766,27.91448063812203,12.145328700712279,0.9987635501991806,0.9609136744360192,30.592731458933006,14.140893163546746,2532,1565
7767,27.26325523679915,9.062548248299635,0.9997347740981365,0.9767504618994942,30.127120667927333,12.576276462383117,1694,1073
7768,28.05831642171956,12.790152588340815,0.9990185478287505,0.9676798755363895,30.867203954042644,14.252581519728567,2566,1591
7769,28.989209604236827,13.888385703209993,0.9979108687541685,0.9621970941408292,31.332784576016174,15.304981911054456,2294,1482
7770,28.491397342011258,13.100786443592522,0.9991020577038482,0.970412480032193,31.21597341029873,14.928953915650407,2146,1402
7771,28.566517477843114,12.640815639761326,0.9993444294919934,0.9728733220897303,30.50290053411658,13.131520216001766,1939,1266
7772,28.031842810812307,12.839947734934283,0.9992947497368446,0.9751551482715348,30.44882468855016,13.120490866908332,1937,1262
7773,29.023473196778863,12.920937535729113,0.9992039995234085,0.9664707560567273,31.495459733207763,15.148521192779366,2217,1457
7774,28.497433930237808,12.211026065301985,0.9992527075316993,0.9631717500717698,30.27015961564926,12.820786638839461,2354,1529
7775,27.857738990943,11.694518725951234,0.9993443772626388,0.9733592129396073,31.47195967716446,15.27504967450544,2089,1284
7776,28.86128344971293,13.850870599757418,0.9984098708643644,0.9640799639667669,30.326002997715776,13.149693545599874,2426,1617
7777,28.699281958173763,13.048252473863485,0.9984560508184818,0.9621188858259289,30.106502993682106,12.705980096703584,2453,1524
7778,28.547000655692123,12.118051674549257,0.9992782487895214,0.9686113454796048,30.877788740157115,14.056080837182174,2204,1391
7779,28.66143187175997,13.291842420623636,0.9990552031397155,0.9735162666373353,30.223742385754015,12.810662999989301,1973,1365
7780,27.702381269249784,10.844200586577358,0.9994099670332783,0.9662033146130288,30.62903893408496,13.956641491078265,2274,1450
7781,28.623318822857186,14.359267498806263,0.9981909216056813,0.9685898267873221,30.83671608183898,14.121315683602283,2392,1554
7782,28.295576751881196,12.809989482039473,0.998940100859784,0.9696205254778597,30.980549281268516,14.400007425516417,2219,1391
7783,28.369451972265747,13.070415825632775,0.998775004242211,0.9642328386536763,30.91644370052844,14.536230795142732,2381,1514
7784,26.934131668215294,9.511160060914033,0.9994728557750128,0.9645522800591141,29.752143660076342,12.51516430608124,2657,1634
7785,27.93576791897022,11.740710498834153,0.9987891946545012,0.9585733736804958,30.420232533104098,13.399317450044991,2703,1669
7786,28.379672446364715,11.289167377226551,0.9994295005715338,0.966869895716818,31.266389800202678,15.048406013984483,2123,1303
7787,27.923578266891205,10.887774414747422,0.999390894822983,0.9655755688093222,30.65057435503042,13.820080702027447,2457,1546
7788,29.559595720697615,13.523056863632977,0.9990871576097722,0.9738553724004672,30.647541451013367,13.577094917167333,1818,1178
7789,27.45098601297759,10.655083952836952,0.9995123914733928,0.9724423729905016,30.360016450755346,13.196893247388408,2057,1297
7790,27.190174388018225,10.505260033808753,0.9994444272136705,0.9705063166260688,30.82669612595755,14.142526305232243,2166,1387
7791,28.90388994392342,14.725936929348475,0.998395488219998,0.9676352797991399,30.248985214467194,12.914070713842808,2422,1575
7792,28.103613858140577,12.098046224540287,0.9993224273900673,0.9699801924697917,30.558738690375783,13.548762210539527,2178,1364
7793,27.25739924045022,10.35830931815206,0.9995799589197006,0.9723141758279168,30.832041944466297,14.144082173294407,1918,1171
7794,27.86249657231651,12.010146353514665,0.9993420756605471,0.9740155308683066,31.524291639773875,15.480516244482939,1938,1239
7795,28.153938492783293,11.23972873049641,0.9996391157331175,0.979399267812401,30.322920106704103,12.790991750316412,1552,1019
7796,27.857505013322154,11.316540099659793,0.9993274060069253,0.9648094186145252,31.242567470636576,14.870932648398966,2391,1472
7797,27.90242071139321,11.18521541732691,0.9994395920591019,0.968083587858948,31.14579418445542,14.675060900412866,2065,1334
7798,28.08196074381046,11.649032126950464,0.9994676807821701,0.9732764888047905,30.801847366182017,14.019804456448465,2033,1307
7799,27.93092204697922,12.906656899442188,0.9989343093341643,0.9662405865280916,30.846929892530532,14.401995571506966,2521,1557
7800,28.36687120407303,12.955364821718167,0.9991064661143615,0.9690102705867253,30.48718804366985,13.422931238355972,2228,1456
7801,28.0014590277276,10.41169663871287,0.9993724606746606,0.9575806251963238,29.974047422161437,12.84778706430362,2688,1665
7802,28.57259227283919,12.867403953749324,0.9992118932367535,0.9680831852276777,30.637880874360338,13.593382994660299,2264,1479
7803,27.185473598772482,10.930622043688267,0.999381694862342,0.9701851376010024,30.777455785563678,14.144225158796784,2140,1341
7804,28.22688346372878,11.926630447371178,0.9992753162868484,0.9668477748210574,30.6260077205863,13.698421619593294,2251,1413
7805,28.77465267930464,13.906899014479047,0.9982274810281412,0.9581435307885653,31.18896990819495,14.803649587490106,2543,1682
7806,28.164651156305403,12.170015004120028,0.9993529031258549,0.9702316297526388,30.41115518710057,13.244687699770292,2046,1339
7807,28.96402756925623,14.374753225379033,0.9981077724386584,0.9603048287465253,31.293568544228222,15.192802431531142,2546,1605
7808,27.13835561009013,10.571290367299293,0.9994433100002397,0.967628177912097,30.34273838558283,13.060781302772714,2262,1389
7809,28.067592310735083,12.58441091006246,0.9988436025297872,0.9652598441342309,31.495583522795172,15.855495862257168,2656,1709
7810,28.768852977099915,14.141109817463843,0.9988780505441236,0.9674887013879263,31.045382848118038,14.44264099581871,2280,1488
7811,28.82834934622588,13.745208956859774,0.9990106767382325,0.9681188463101543,31.78588025631262,15.93521162759945,2254,1489
7812,27.860350415865337,11.154060853268069,0.9995086251007351,0.9721991287717398,30.934401497790237,14.185205829941804,1919,1219
7813,28.61385630271135,12.961663237501464,0.9989346396837268,0.9698964274547013,30.427339224436597,13.13625473846896,2204,1440
7814,27.516663238661515,10.621152961824292,0.9995620018860064,0.9767083496725807,31.11767311911241,14.52596072103957,1801,1130
7815,27.49252380592097,11.437400386633405,0.9991300102377911,0.9656280846223436,30.69030923217899,14.013944601873856,2441,1486
7816,28.321462843886135,11.479234642607569,0.999446871829611,0.9704878369251106,30.22228257942164,12.783177405085391,2118,1331
7817,27.078343311741364,9.484813358171442,0.9995633184242564,0.9713709966512131,30.52545575240447,13.468867933331934,2204,1349
7818,27.952192262583885,12.065877251642084,0.999188918993007,0.9727748214486044,30.55076215828815,13.55468282517101,2163,1320
7819,27.840970539313172,11.099106748898468,0.9995032120864689,0.9724835379039699,30.844216199085956,14.01771033636713,1987,1269
7820,28.766237874745364,13.016747555495103,0.9991485944560078,0.9660302092052323,31.625775603729302,15.52164064349334,2347,1497
7821,28.555126520119988,12.760910538811583,0.9992927536359169,0.9734909072702462,30.4389046069116,13.25346698114294,1800,1175
7822,27.856566274732888,11.294428685747672,0.9993593170045023,0.9706142968805632,31.64839319081244,15.828150780586823,2142,1349
7823,28.45744881926922,13.064303048601655,0.9988442105153523,0.9658517467871547,30.697870688468978,13.763685061129964,2327,1469
7824,28.037125136796526,10.734187652014004,0.9996418286106659,0.9756979425227298,30.91346859191205,14.160039150000278,1802,1136
7825,28.055987054264815,11.350397318847328,0.9995280001598827,0.9733898113304853,30.35804367672707,13.200095848131559,1878,1246
7826,27.924177464287844,11.464370194950572,0.9993416585085364,0.9673828300414836,30.339964495283645,13.082609505497022,2275,1477
7827,27.375241888109155,10.817402419770712,0.9994553567366921,0.9675358467323865,31.247014354846062,15.20394437017208,2128,1360
7828,27.83424434133113,10.958073897242063,0.9993480481486076,0.9689144943753777,30.696673702965384,13.828360796429791,2248,1409
7829,27.500760081587682,13.061488755252865,0.9992188737423899,0.9823100670814088,28.57300361914397,14.458621472549673,1592,954
7830,28.245108194909683,12.68636602837013,0.9993251288364786,0.9699280422729408,31.254924905912876,14.930206680950969,2115,1380
7831,28.724068708524495,14.583046144496015,0.998380825008607,0.9691802096275735,30.489525148586367,13.331654222822902,2313,1541
7832,29.31859416201977,15.097887649539564,0.9985951534765701,0.9667370651743743,31.807568208814942,15.992388621422695,2304,1537
7834,28.434954963590403,12.969036857345843,0.9991062944780449,0.9645241747350488,30.677859922766004,13.913178025463957,2470,1601
7835,28.32499593167025,11.715459684753194,0.9993146624664927,0.9642658711872784,30.89695612746506,14.337869713723304,2351,1526
7836,27.924937880936696,11.576063328292053,0.9992652280057156,0.9607755990091248,30.93303832116849,14.661911753561006,2630,1697
7837,27.05262063474137,10.460387459423593,0.9993942145207717,0.969856901797254,30.186941980677993,13.01785777345279,2195,1323
7838,28.160676519246447,11.995358100549232,0.9987780231582766,0.9676445535703613,30.62447823885553,13.559605325822236,2223,1408
7839,28.654256937429473,13.450275395789289,0.9988389306347353,0.9709858183524396,31.55799368419844,15.5244559689096,2032,1258
7840,28.89635533414225,12.142610805646491,0.9995689386544566,0.9743799931177444,31.40416497368183,15.092828854609275,1854,1211
7841,28.194264323029095,12.253758990582504,0.9992512245735448,0.9658593032353239,31.215479262677736,14.745073630811698,2205,1451
7842,28.457893391495077,12.51967248207694,0.9991335541706055,0.9599072575086486,30.28541729810559,12.970786408719757,2402,1561
7843,28.18683333759879,12.75528689378733,0.9990356361394657,0.9638332241157098,31.737941182682775,15.89884251641292,2348,1472
7844,28.635296442272832,12.682748757017663,0.9991453389839688,0.9714689735415042,30.272288161635785,12.832436835868712,2135,1343
7845,28.795270910055734,13.7173021998215,0.9986897073900682,0.9625734956814355,31.55200986678601,15.718325806575468,2399,1500
7846,28.764045198574244,11.989327284293008,0.9993847028175986,0.9674368849186473,30.19006612582408,12.657129390541364,2146,1438
7847,27.1755470876164,9.925412295227078,0.9995634138201742,0.9691236174986619,30.383517784871692,13.176832773685113,2083,1317
7848,28.192067948346676,13.579285961301713,0.9994534393040516,0.988393696679301,27.443721124773496,12.87710021019151,1091,701
7849,27.741729465563726,11.717012305305378,0.9994731416004392,0.9738211152508581,31.316610419363435,15.066596872110054,1810,1126
7850,28.372234249583528,12.717289704784232,0.9989898604256902,0.9714281849585099,31.135292700480882,14.753935221484177,1989,1240
7851,28.017678036222605,11.330301452099231,0.9994248006850389,0.9666891807778069,31.254461340117494,14.707535055373155,2220,1470
7853,28.297197769309005,10.866644200509104,0.9995113855274796,0.9665535007222201,30.28121442874729,12.77936947343318,2250,1439
7854,26.07184412738746,10.709013849398994,0.9994205749261755,0.9854262844841024,28.584959787226445,13.486230606199072,1405,807
7855,27.862846879602937,10.970808067804004,0.9992719597535051,0.957357110290217,30.080644272011817,12.638280672303718,2660,1624
7856,28.769057519106074,14.92477966859328,0.9978509472434409,0.9629325042782596,31.52481969682682,15.991786826724837,2661,1744
7857,28.55083327722862,13.14769948208393,0.998501895171017,0.9598791871580921,30.38831052796636,13.448419615325118,2727,1714
7858,28.32414475388861,11.560400434833387,0.9994186238060335,0.9721878111058817,30.337307272402732,12.940293918499206,2059,1339
7859,28.510268615842513,13.405272735800258,0.9988036366372713,0.9641458241440842,31.0355127923388,14.598315146627867,2563,1621
7860,28.646638009962132,14.262016402096107,0.9986445971054825,0.9615963621998386,31.398235449518896,15.362005051594249,2649,1680
7861,28.899469970615172,13.280095542014436,0.9992736487043458,0.9675635738999571,31.46138354029279,15.311892548751127,2219,1478
7862,28.357151785240532,12.662821975467827,0.9994029051920149,0.9753653906719022,30.82050599863893,13.899574522256799,1888,1246
7863,28.13471906216869,11.988456452638934,0.9992438735702954,0.970041901649862,30.3097391570422,12.959330982950451,2225,1448
7864,29.194554508139664,14.421112564357339,0.9986403226046863,0.9621257031283551,31.248140566486065,14.823700235818261,2701,1862
7865,27.98272425376299,12.262577385809308,0.9990375164326782,0.9692598128831384,30.95540026409776,14.373794471740942,2181,1366
7866,28.03614846630243,11.953427374823837,0.9989866872698155,0.9636290747366997,30.235978245771417,12.942822811876177,2381,1489
7867,27.962887074186874,12.473732463796788,0.9989301202132939,0.9658285725944875,31.1403135817139,14.7364972075939,2480,1510
7868,27.49189591432409,10.492459168102158,0.9995347700232938,0.9728197162357094,31.262165988370345,14.857224987975492,2082,1268
7869,27.812481615819216,10.951667947139116,0.9992784096695775,0.9606148470747173,30.453709850135795,13.498954448168941,2513,1507
7870,28.411737249441597,12.434526072086689,0.9992065395241457,0.9724749949031027,31.163437820876357,14.887345531685636,2017,1253
7871,28.356863694293992,12.480550659862224,0.9991816604559378,0.9661991299797087,31.429561405601632,15.470533147719465,2261,1486
7872,28.39066388029149,11.575288382276636,0.9994250221795633,0.9630930309893908,31.422702035805045,15.082928031737772,2500,1641
7873,27.38363486339374,10.480388537005599,0.9994237754565265,0.9717862511821699,30.244300257196986,13.034595636912714,2024,1262
7874,28.18021870920777,12.727294027584275,0.9987529987583715,0.9724631483344243,30.49138265787313,13.276483959395762,2030,1253
7875,27.450526316938717,11.191731205946965,0.999271734662943,0.9688506547294117,30.771436271642138,14.155519388372134,2314,1420
7876,29.22229538371389,13.65530374224507,0.998974412957525,0.9697122008684502,31.802387891866818,15.938510098701915,2203,1477
7877,28.39930506828859,12.530184615660541,0.9990909267286845,0.9694972759687567,30.921508217808874,14.362665904911578,2181,1391
7878,27.244754017924908,9.643989447840967,0.9995582873772008,0.9684287917548029,30.178533351894128,12.731138172449016,2217,1366
7879,27.523593799556988,11.928882926604302,0.9996588981367912,0.9911907708528347,27.688664554404838,12.495343091379496,1191,809
7881,28.217348835520678,10.750989202271484,0.9995933507329643,0.9738873587344514,30.748177660588784,13.990271269493563,1857,1209
7882,27.817843660864657,10.739747772525895,0.9994915984258801,0.9696432880348521,30.037925681476448,12.59673356990473,2010,1288
7883,26.860597792439805,9.835909835205857,0.9995700994730718,0.9737178732836813,30.403458769814726,13.326455975154389,1964,1176
7884,28.486187445842155,13.46322870073444,0.9991211797140963,0.975200865355853,31.611614908788468,15.52163685606153,1881,1214
7885,28.547911228554113,12.685927891246289,0.9993622319103534,0.9768267702065369,30.931739308432846,14.067079623502433,1839,1187
7886,28.3404789972155,11.409851078702452,0.9994217803985538,0.9650825222778108,30.605825044585067,13.676330287447588,2220,1463
7887,27.095980474875198,10.050659004375142,0.9994799855309727,0.9708178931069685,30.174198627231185,12.885939901185248,2346,1477
7888,27.344475783205255,10.77516155386669,0.9994870418041015,0.9708508107568713,30.34120983417133,13.063611655722003,2106,1359
7889,28.479050455227085,13.2328620776629,0.9989267381921912,0.9653692434447235,31.052667557447556,14.74975970091265,2448,1550
7890,28.09127134688433,13.398812391385134,0.9989849421162266,0.9728379336659606,31.655250666002168,15.730375094518074,2198,1314
7891,28.050663623761118,12.387884274895791,0.9987913776228476,0.9558957779429451,31.032572973629016,15.039574879807889,2873,1742
7892,27.972859013897654,11.897247045687283,0.9989428743416797,0.966668235525003,30.382807330925242,13.260326976468244,2382,1435
7893,28.0742544912069,11.983324757325756,0.9990664641671185,0.9668865644022375,30.99180564861355,14.20802278508587,2260,1418
7894,28.502099633148717,12.901937385133381,0.9992163849980689,0.9677250827918674,31.735715402478206,15.728942463105803,2184,1424
7895,27.883703277917817,12.102728487196565,0.9992501935973689,0.9689775655197683,31.5533298826352,15.65369909934391,2258,1389
7896,28.481725184011605,13.098769109606978,0.9992470916389797,0.9695635969383,31.068939548868784,14.416625847970765,2147,1356
7897,28.240353281051476,15.445008761805228,0.9990260883245804,0.9874989068946337,28.955407630451077,13.717864821937049,1308,880
7898,27.7969491678259,11.413484663496344,0.9993693954513871,0.9640325347305962,31.65524674838028,15.655014958957294,2425,1562
7899,28.1491178971322,12.247316987267652,0.9993511642866043,0.975056317402594,30.27274999937839,12.796766210918022,1806,1171
7900,28.606851695044973,13.266077899978725,0.9991135819234508,0.9718395138602527,31.328631017180363,15.301984871208802,2094,1336
7901,27.93549403581634,12.371962184577527,0.99893853915971,0.9696510931682908,30.67283113634254,13.887560230036852,2204,1361
7902,27.33891757116817,12.8915077559636,0.999578290892251,0.9877504006559484,28.70815753449813,14.629438446418778,1300,800
7903,28.565664415256933,13.211066303772919,0.9992196362718079,0.9721220253903452,31.58142687609052,15.513253647478741,2052,1364
7904,28.135846928883026,11.912197004670455,0.9992870961597435,0.9637761772895465,30.1015196700639,12.78989031163202,2398,1559
7905,27.011873876126124,11.279893670418023,0.9997210950546475,0.9919769470867323,28.512781338367475,13.698452124592041,1063,660
7906,27.164482928619186,10.792955014516794,0.9994022192770462,0.9710015981019281,30.78479656679644,14.003103841855367,2178,1322
7907,28.2381523070408,12.735828215251061,0.9991095163654272,0.9693953136444556,31.18645086973273,14.91313021758385,2145,1367
7908,27.580057873275265,9.795752479782738,0.9994661787689527,0.9587506110220188,30.06712494249955,12.587107290843704,2504,1571
7909,28.104400936123408,12.993839411573699,0.9990947765447669,0.9682175907396386,30.833226740242658,14.07876192761373,2343,1544
7910,28.389293758067783,13.73328192182047,0.9986545675599414,0.969676926929393,31.117397542791277,14.80197379479516,2380,1480
7911,28.661450291165288,13.627622789561437,0.9990095820498877,0.9714999602029705,30.944007314884526,14.248240854766113,2013,1264
7912,28.461558498301294,13.592770675571423,0.9987956392832401,0.9704608195767214,30.763045659369674,13.921364969191474,2137,1386
7914,27.62779727977088,12.168461862520772,0.9992519930555248,0.9718704512535746,31.300186691245333,15.095023958726477,2083,1291
7915,28.48145028024672,12.586220132502406,0.9992738540946129,0.9706040563824376,31.094066975897864,14.554465062687932,2075,1351
7916,27.59694113126006,11.89099800424573,0.9991003345607115,0.9692104725860645,31.19974914300593,14.895772699772216,2303,1390
7917,28.24479312591494,11.848339182493458,0.9992277259810535,0.9624809364743961,30.66273399225888,13.848409400598992,2439,1550
7918,28.11338105052352,11.776013885864405,0.9995172365062989,0.979005213350211,31.422826388618724,15.10290193710788,1645,1057
7919,27.200917700773534,11.477172489742369,0.9993120494425826,0.9669329087047508,30.859598367302027,14.485198691682715,2382,1541
7920,27.11622388289141,10.371236813211793,0.9994534662627997,0.9693522943818974,30.410589812724638,13.208792639948141,2136,1298
7921,29.05600366075065,14.549468697239174,0.9986463892689271,0.9737911687002734,30.389064685877493,13.00673864648472,1988,1307
7922,27.97424072528856,12.410098923856651,0.9993434846832663,0.9746308873968619,31.676453120539865,15.704150572279927,1944,1222
7923,28.146737538498098,11.654920111775148,0.9993128688844476,0.9697563555507517,30.565855501135253,13.537393475826534,2197,1394
7924,26.365294930697516,10.486659235904433,0.9997783787039298,0.9933152191009457,28.086032932831948,12.561998901486728,1099,749
7925,28.367628101297413,12.161529388323085,0.9991226897024684,0.9625507964855355,30.49645493845649,13.553621325120023,2424,1534
7926,27.828267309781367,11.7110923136043,0.9992859293711177,0.9706678289169897,30.675320409618216,13.861015872176095,2080,1276
7927,28.346322861052144,13.399629432610327,0.9989506503767712,0.9709876683494092,30.42781768463692,13.149043375019128,2183,1379
7928,27.956234544578802,11.574032602986755,0.9994642927132474,0.969358710921212,30.156133385576492,12.639344175088773,2014,1304
7929,28.065817323114466,11.540849076776835,0.9994218226242927,0.9675305866510648,30.87010432071244,14.040151074356096,2198,1405
7930,28.16603116069739,11.332946278964833,0.9993526207844702,0.9588489857811844,31.299607182812657,15.218094785153298,2554,1594
7931,28.283807272880463,12.528250805333789,0.9990588974205232,0.9622354584769129,30.27332063281616,12.973273734477356,2550,1640
7932,28.384536453629416,13.095280377005151,0.9988135336081561,0.9706690833123343,30.348150626988783,12.997722297021655,2178,1365
7933,28.3849920967889,13.098013021755097,0.9988079834170183,0.9655493445873973,30.2940070658184,13.012548264943167,2560,1700
7934,28.390579318120558,11.981061430787683,0.9992090619075659,0.9689697542214932,30.7226596567393,14.02263686379299,2295,1447
7935,28.272869374825614,12.540850290287814,0.9990062758726524,0.9633048639603197,31.43093335196111,15.301897915122705,2576,1624
7936,28.14806538782943,11.316524192731306,0.9993524897075154,0.9627806291593073,30.383639323686047,13.219734665896418,2482,1651
7937,28.54495666159152,13.050755901607978,0.9992650043838923,0.9697948898101799,30.60786113771848,13.71720461038187,2215,1502
7938,27.975003645642367,14.057576828499991,0.9994855865647584,0.9901228543728131,28.614906601330897,14.822690917780466,1123,687
7939,27.63622169267173,11.138242233443336,0.9992171258849389,0.9621326592784757,30.408407580275423,13.504906612066623,2801,1744
7940,28.128039252394103,11.775926384243004,0.9993092705789081,0.9635549175721374,30.21906337544297,12.926411552534457,2363,1566
7941,27.497611321811853,10.510048929180233,0.9994860251245181,0.9655205294530506,30.59788006492086,14.07901142374505,2106,1382
7942,28.639450086726125,12.676319777011646,0.9990713579039345,0.9652495741524421,30.849816274441437,14.520424682371702,2349,1543
7943,28.9903156142,14.450852183850849,0.9987298352614276,0.970133290326202,31.171722055339266,14.64310887329468,2172,1389
7944,28.096469859842493,13.127985689245396,0.9988680572457941,0.9718339269388256,30.622449218918288,13.589031118528583,2199,1414
7945,26.27644259090017,8.974660614249794,0.9995891611928828,0.9695452908012144,30.628651208099512,14.061819285263766,2261,1349
7946,27.73914446607401,11.562126925874477,0.9989210383219689,0.9594219606369,30.230182683199637,13.481346650563939,2806,1766
7947,28.451067236750024,11.906480344561388,0.999434089071886,0.9684830022390285,30.23050356279454,12.67080787877469,2258,1471
7948,28.88220539324269,13.96527883725306,0.9991112128184342,0.9740357195791065,31.257928110196897,14.940920519361764,1903,1230
7949,29.32335207516963,15.469745675264225,0.9982181137235264,0.9715326979845698,31.53451503152688,15.411780967047628,2225,1457
7950,28.388069189579383,13.334815851106349,0.9988923787218679,0.9689888445226278,31.439126884777444,15.147126043613344,2215,1423
7951,28.23076021521811,12.327860005091377,0.9992337976329576,0.9670386885177981,30.254001617026113,12.82949679443753,2205,1442
7952,27.748494829968,10.917177858702338,0.9995840650984328,0.9736296746839832,31.613970348903283,15.46142880664779,1922,1239
7953,27.826655876520885,11.69895808428601,0.9989985520563074,0.9541193752218998,30.695455038034886,14.018679939986745,2950,1845
7954,28.454628099737874,12.02280248445546,0.9993790366336971,0.965456725893224,31.21718352156355,14.89315835881813,2275,1493
7955,27.583452954318723,10.848405107904197,0.9995432053475309,0.9748391906817588,31.543245525693123,15.794359578594769,1899,1208
7956,28.645187870637685,13.051771233094644,0.9991565834272333,0.9720053449455893,30.43550836421548,13.257502485229193,1861,1243
7957,28.66513089031877,11.822839684558843,0.9993673487385824,0.9703170327829093,30.87602583932872,14.030567966461525,2042,1325
7958,27.729400122524645,12.147025072011902,0.9989282637979618,0.9713780129112094,31.13420759435712,14.732008280620889,2119,1253
7960,27.561972677926967,11.571277801441784,0.99934413585785,0.9697233401904307,30.29703029170137,12.955129825213337,2209,1409
7961,27.976176246005465,11.273841376148216,0.9993687394339656,0.9650229484501558,30.33140544969755,13.213873783405612,2505,1643
7962,28.900643045833387,14.077501098812712,0.9989033084346329,0.9720610040952916,31.65290604095967,15.56307594228878,2023,1280
7963,27.605338247795817,11.367746801293839,0.9995734220826972,0.9750351973405296,30.29346562838189,12.92175189784193,1853,1241
7964,28.733010732147633,14.527960661109553,0.998857900280147,0.9750424369430246,31.032111106975975,14.436301404890418,1968,1290
7965,28.655559228149492,13.117281530729802,0.9991165406091337,0.9608004490678227,31.5872886273469,15.721580793936727,2687,1724
7966,28.385063114289526,12.30987355707649,0.9993266015174067,0.9707019994108665,31.08672596536451,14.226821618392796,2057,1351
7967,28.640793607040322,13.579279283988626,0.9988367413076705,0.9631157019559367,30.976862424221743,14.429214011819788,2418,1577
7969,28.276509166367745,13.47969252989839,0.998274653285358,0.9581215388071281,30.454659127658303,13.634735620839571,2984,1836
7970,28.666062628858914,12.618854819085914,0.9994015108826744,0.9742498952456263,31.317235032402486,14.931465904197802,1841,1187
7971,28.15053135657664,11.9911843117575,0.9989927883807032,0.9630683354708534,31.154463270424273,15.059953763147686,2496,1574
7972,28.113972884231117,11.756288068439694,0.9992254107887335,0.962739811121294,30.47434636491113,13.400088333872702,2654,1767
7973,28.614848893452805,13.489749647159854,0.9983958652555316,0.965860360307338,31.086179944416344,14.763501957198145,2441,1504
7974,28.564374332792678,12.773941679730997,0.9991090249759322,0.9646574302515288,30.75152631591756,13.896449801056445,2375,1586
7975,28.894120849566455,14.718573656660068,0.999121795529969,0.9729652673179314,31.502134646598208,15.1814696022251,1948,1342
7976,28.421281930429473,12.909055047591336,0.9990651381174196,0.9678042342136798,30.893755668245948,14.22009573647555,2341,1531
7977,28.102725255160838,11.978516466534412,0.9991949780830257,0.9636563512591237,30.950476465045774,14.359026778811456,2468,1577
7978,28.072282714401744,11.925165308197327,0.9986977669706812,0.95696903748143,31.113420421262063,15.216363647382432,2796,1660
7979,27.79467924421929,10.317357292791273,0.9996531892025238,0.9744844159443679,30.190238348875337,12.742454736496116,1843,1181
7980,27.882224747136952,11.71492363980148,0.9990292230109932,0.9655505475048026,30.57144070872935,13.548477855927963,2376,1439
7981,27.970758361566567,11.288993523835062,0.9991102288629096,0.9633770400501703,30.11675281425311,12.765079328046538,2576,1617
7982,27.858160237693678,10.753945696281901,0.9992474351821847,0.9626551342317831,30.09918604594874,12.619724795030647,2362,1482
7983,28.40443916546262,11.88962634482795,0.9992118764762037,0.9720229399873018,30.60157105626098,13.404143192095098,1991,1276
7984,28.488676977617708,11.1221623374876,0.9996424118921523,0.9757038073342793,31.02686321816546,14.33687936658179,1777,1151
7985,27.285971171466517,9.536583321248322,0.9995508368829734,0.9658292969558955,30.79243494413418,14.095740540214756,2233,1384
7986,28.458815615774103,12.771113610538656,0.999068281080674,0.9690154896246979,31.275974890693906,14.930579784311888,2229,1416
7987,27.25146841859229,12.535724723002527,0.9996772018553024,0.9916473448839779,28.895556638640215,15.400147206386361,1048,668
7988,27.827815938324314,12.158120299070024,0.9993580796357682,0.9736895627634162,30.918956869311653,14.205955833181674,2068,1328
7989,27.50987282931492,10.817504915533958,0.9993278710038014,0.9645678763024536,30.44506110141696,13.368174108182018,2518,1527
7990,27.948656315093743,11.65681780382726,0.9993191880297543,0.9731110632156847,30.834540346187534,14.040349226943743,2031,1283
7991,27.805621884162615,11.39028356066663,0.9992250492032559,0.9611315815590347,30.177255145898904,13.321505510358415,2670,1725
7992,28.32680424774948,12.688873005031917,0.9994089614680899,0.9733096904882919,31.112405068493203,14.580318228689437,1994,1326
7993,28.1546169989449,12.117602954243434,0.9992840815460905,0.9648447980760088,31.501627653545267,15.473192087163486,2459,1556
7994,28.002568066189568,11.638912763925296,0.9992375150318628,0.9734311793688085,31.495242796693148,15.463611544189991,2116,1363
7995,28.677243523686805,14.135639612293023,0.9983093787532697,0.9664469829335068,30.388789881242918,13.175612226686876,2286,1479
7996,28.394365295447408,13.237360170360354,0.9991549294204,0.9681130628037803,31.627897253721542,15.713963695019753,2355,1533
7997,27.721205433884343,10.433604055381153,0.9994784666695925,0.9647518808067145,30.72154137844437,13.975377750348159,2360,1493
7998,27.945187562312846,11.842478126412473,0.9991245837454217,0.96564051669594,30.63486502556172,13.71134941291773,2374,1498
7999,27.88470649956618,12.033935940823511,0.9990864713834112,0.9619817665404192,31.300582149136215,15.417482968240353,2580,1677
