filename,ng_fg_ssim,ng_fg_psnr,ng_iou,ng_topo_q,ng_psnr,ng_ssim,ng_bytes,graph_n_components,graph_n_cycles,graph_n_junctions,graph_n_endpoints,graph_mean_degree,graph_complexity,n_nodes,n_edges,total_edge_length,mean_width_px,mean_curvature,delta_fg_ssim,delta_iou,total_time_ms,ng_n_components,ng_n_cycles,ng_euler_characteristic,ng_n_junctions,ng_n_endpoints,ng_mean_degree,ng_graph_complexity,ng_seg_beta_0,ng_seg_beta_1,graph_n_nodes,graph_n_edges,graph_n_sampled,graph_mean_edge_length,graph_mean_width,graph_total_edge_length,graph_mean_curvature,png_bytes,ng_vs_png,ng_vs_raw,image_shape,image_pixels,image_type,segmenter,n_points,n_structures,jpeg_quality,jpeg_bytes,jpeg_psnr,jpeg_ssim,jpeg_fg_psnr,jpeg_fg_ssim,jpeg_iou,jpeg_topo_q,jpeg_beta_0,jpeg_beta_1,jpeg_betti_preservation,webp_quality,webp_bytes,webp_psnr,webp_ssim,webp_fg_ssim,webp_fg_psnr,webp_topo_q,webp_iou,jp2_bytes,jp2_psnr,jp2_ssim,jp2_fg_ssim,jp2_fg_psnr,jp2_topo_q,jp2_iou,delta_fg_psnr,delta_topo_q,delta_psnr,delta_ssim,gt_available,stem
nuclei_000.png,0.9614857252050988,23.626929125507978,0.7114534176238387,0.6926760700262609,19.69271987092491,0.364384125830415,23843,31,561,1174,349,2.3475409836065575,18.096774193548388,3050,3580,7391.53067616324,2.764063467080476,0.06746277972581866,-0.03251458240345695,0.2967886715618528,1821.6221332550049,31,561,-530,1174,349,2.3475409836065575,18.096774193548388,31,32,3050,3580,1527,2.06467337322995,2.764063467080476,7391.53067616324,0.06746277972581866,53981,2.264018789581848,2.7486474017531353,256x256,65536,sparse,Meijering,3050,31,82,23621,31.35158275789887,0.9319712097795289,31.37752320743663,0.9940003076085557,0.41466474606198594,0.4333116785019486,886,4547,0.0,82,23632,37.194163304270965,0.9812415852368593,0.9983920806009227,37.11365497560291,0.40204307484530355,0.4183925920689899,249,22.790217420415626,0.16482341376668133,0.9450578149149069,22.77702931634073,0.9999973474788689,0.417068099116271,-7.750594081928654,0.25936439152431223,-11.65886288697396,-0.5675870839491138,False,nuclei_000
nuclei_001.png,0.960844718590863,22.905856678280916,0.7086998451152868,0.7121140371811765,18.82503047718486,0.3584515752634219,23484,30,531,1131,347,2.346353266505358,17.7,2893,3394,7110.0003377051235,2.828652076765694,0.06641883184817687,-0.03232916389751617,0.29772510919775913,1744.3482875823975,30,531,-501,1131,347,2.346353266505358,17.7,30,30,2893,3394,1415,2.094873405334444,2.828652076765694,7110.0003377051235,0.06641883184817687,55316,2.3554760688128087,2.790665985351729,256x256,65536,sparse,Meijering,2893,30,79,23032,30.02790359631699,0.9253647457164657,30.057067137124474,0.9931738824883791,0.4109747359175277,0.47303827047357394,797,4774,0.0,80,23440,36.5209551139388,0.9821841889128997,0.9983979586811181,36.41815714211959,0.4308217607086051,0.4154049786364481,248,21.821578366609895,0.1364111761792525,0.9404261946774864,21.711400494209702,0.9999876270757382,0.4120588386389712,-7.151210458843558,0.23907576670760255,-11.202873119132128,-0.5669131704530437,False,nuclei_001
nuclei_002.png,0.9710205731812563,22.71300610752096,0.7126768697660988,0.6625323800920657,18.58312607276131,0.35810345644667263,23276,44,482,1079,385,2.305439330543933,10.954545454545455,2868,3306,7147.90112051375,2.5468817758925955,0.06954155826142229,-0.023382009082762667,0.30951887444814935,1638.5464668273926,44,482,-438,1079,385,2.305439330543933,10.954545454545455,44,15,2868,3306,1404,2.162099552484494,2.5468817758925955,7147.90112051375,0.06954155826142229,55526,2.385547344904623,2.81560405567967,256x256,65536,sparse,Meijering,2868,44,78,22864,29.637323949983664,0.9214515183101046,29.560507861380394,0.994402582264019,0.40315799531794944,0.44225893477487843,860,4508,0.0,79,23208,36.26145000746996,0.9819101427844595,0.9987726388134986,36.1871056237193,0.42921966935082,0.4111722265876134,247,21.623724784925336,0.13246609078782512,0.9582594036681147,21.60363093102163,0.9933954732906852,0.4012217919615436,-6.847501753859433,0.2202734453171873,-11.054197877222354,-0.563348061863432,False,nuclei_002
nuclei_003.png,0.9703240780052867,22.42629104209902,0.7229142950073183,0.6582838421886745,18.296814598303605,0.352880466358496,24666,54,577,1256,439,2.334398976982097,10.685185185185185,3128,3651,7632.670219515455,2.4903996839471487,0.06855474645643246,-0.025196272964906785,0.3097424951310866,1730.0608158111572,54,577,-523,1256,439,2.334398976982097,10.685185185185185,54,29,3128,3651,1433,2.090569767054346,2.4903996839471487,7632.670219515455,0.06855474645643246,55986,2.269764047676964,2.6569366739641613,256x256,65536,sparse,Meijering,3128,54,80,24297,30.383991481910368,0.93778542577281,30.373108672615846,0.9955203509701935,0.4131717998762317,0.4283089139189735,901,4611,0.0,81,24576,37.040099707464556,0.9857768432646199,0.9990130797510445,36.9976019094418,0.4046845458051598,0.4188862564912533,248,21.286650235250498,0.12491403254378483,0.9552863855642132,21.19443062331102,0.9999999946168924,0.4085868097167532,-7.946817630516826,0.229974928269701,-12.087176883606762,-0.584904959414314,False,nuclei_003
nuclei_004.png,0.9656637411752486,22.807196369802174,0.7338401871460232,0.6806760888074143,18.57236075666105,0.35920141247429443,24344,43,575,1237,391,2.3505766062602964,13.372093023255815,3035,3567,7484.520340863611,2.684512142765856,0.067004227101097,-0.028862247886080494,0.30675080983964303,1698.235273361206,43,575,-532,1237,391,2.3505766062602964,13.372093023255815,43,32,3035,3567,1407,2.09826754720033,2.684512142765856,7484.520340863611,0.067004227101097,55467,2.2784669733815313,2.692080184028919,256x256,65536,sparse,Meijering,3035,43,80,23816,30.3864325830145,0.9327183346207361,30.442526275320777,0.994525989061329,0.42708937730638014,0.4304493081959959,908,4756,0.0,81,24292,36.96852699870667,0.984415037064948,0.9987242367920915,36.84929173939267,0.4039630585738382,0.43203576695302076,250,21.65163127156616,0.13519853583688016,0.9475314349177212,21.569239508139837,0.9999892434963971,0.4362845401241467,-7.635329905518603,0.25022678061141834,-11.814071826353452,-0.5735169221464416,False,nuclei_004
nuclei_005.png,0.9678774619174947,22.494208081907182,0.7143539451060307,0.6104316896201578,18.352190449326343,0.3443022553089995,24560,43,556,1207,384,2.3308610125765883,12.930232558139535,3101,3614,7474.755268756807,2.532663899481354,0.06425422233876123,-0.02724985668966262,0.29656579275865197,1729.0101051330566,43,556,-513,1207,384,2.3308610125765883,12.930232558139535,43,36,3101,3614,1510,2.06827760618616,2.532663899481354,7474.755268756807,0.06425422233876123,55899,2.2760179153094464,2.6684039087947884,256x256,65536,sparse,Meijering,3101,43,80,24176,30.387076496190364,0.9363825440869378,30.350431901382393,0.9951273186071573,0.4177881523473787,0.4197358480130413,927,4614,0.0,81,24362,36.87626695334107,0.9849972929517021,0.9988851380071272,36.84502251322823,0.40945088437016053,0.4243061697702771,250,21.341367823191113,0.12901902678940147,0.9508543153115793,21.149798477449743,0.9995649284249213,0.41005268596791405,-7.856223819475211,0.1906958416071165,-12.03488604686402,-0.5920802887779383,False,nuclei_005
nuclei_006.png,0.9614317943629536,22.645959523031713,0.7318534495671191,0.665535925724758,18.61857911548687,0.36883697037918733,25426,27,648,1344,364,2.3876404494382024,24.0,3204,3825,8021.746219968816,2.7505849369902737,0.06705253993744688,-0.03371516156954746,0.28938131553240537,1847.4647998809814,27,648,-621,1344,364,2.3876404494382024,24.0,27,51,3204,3825,1496,2.0971885542402044,2.7505849369902737,8021.746219968816,0.06705253993744688,55655,2.188901124832848,2.5775190749626367,256x256,65536,sparse,Meijering,3204,27,82,25308,31.302529702294976,0.9466411069394726,31.30319174980109,0.995146955932501,0.4424721340347137,0.3892347601362347,1009,4468,0.0,82,24890,37.44614903865039,0.98633248948817,0.9987903356984877,37.39071526468026,0.4242259164650243,0.45778406240021896,250,21.429073379877384,0.13280554554930177,0.9395969056127147,21.394460303153853,0.9999999875307473,0.4372327878519829,-8.657232226769377,0.27630116558852325,-12.683950586808105,-0.5778041365602853,False,nuclei_006
nuclei_007.png,0.9657557015185085,23.19938252917744,0.7240132258731142,0.6042872329592806,19.50810869253235,0.3474357867202415,22127,52,493,1076,388,2.312544294826364,9.48076923076923,2822,3263,6987.763810390288,2.6544976194727767,0.06653082411702814,-0.02741170071048904,0.30553866609103425,1691.0910606384277,52,493,-441,1076,388,2.312544294826364,9.48076923076923,52,28,2822,3263,1358,2.141515111979859,2.6544976194727767,6987.763810390288,0.06653082411702814,54622,2.468567813079044,2.9618113616848194,256x256,65536,sparse,Meijering,2822,52,78,21877,29.7102385918144,0.910621030887237,29.79437149328822,0.9931674022289976,0.41847455978208,0.38571787590770223,1030,4518,0.0,78,21606,35.55459856827453,0.9752185417003543,0.9980625908437359,35.397883721220644,0.3782792163211276,0.426034495341426,246,22.132560349236527,0.15316679581994608,0.9479685396861325,21.802947271663836,0.9999999738652503,0.4016566599955526,-6.5949889641107795,0.21856935705157832,-10.202129899282049,-0.5631852441669956,False,nuclei_007
nuclei_008.png,0.9656065217463512,23.0498604139868,0.7057052195311488,0.6274176893175182,19.21859087012616,0.3544993979719249,22908,47,525,1097,355,2.333798882681564,11.170212765957446,2864,3342,7169.439259885786,2.641137163898798,0.0700570612141926,-0.028148389250224337,0.2846051073743243,1644.010305404663,47,525,-478,1097,355,2.333798882681564,11.170212765957446,47,38,2864,3342,1412,2.1452541172608557,2.641137163898798,7169.439259885786,0.0700570612141926,54901,2.396586345381526,2.860834642919504,256x256,65536,sparse,Meijering,2864,47,79,22671,30.056784260993727,0.9214662357924589,29.998547586728513,0.9937549109965755,0.4211001121568245,0.3489419138797105,1138,4216,0.0,79,22430,35.974248412923544,0.9786627648527451,0.9982991164626,35.8044495223905,0.4012627886811073,0.4331713822997047,243,21.685066115640215,0.14756114889999664,0.9444290571677749,21.230097190135083,0.9999999693305871,0.4050420168067227,-6.948687172741714,0.27847577543780766,-10.838193390867566,-0.5669668378205339,False,nuclei_008
nuclei_009.png,0.9618160046444634,22.83284312628581,0.7199785617453262,0.6135889804462547,18.857490717814866,0.3629953701145628,24788,42,638,1339,403,2.3796178343949044,15.19047619047619,3140,3736,7850.1018470098625,2.6844063569026386,0.06516395060726089,-0.03274968023425284,0.2763148835287039,1860.08620262146,42,638,-596,1339,403,2.3796178343949044,15.19047619047619,42,49,3140,3736,1398,2.101204991169659,2.6844063569026386,7850.1018470098625,0.06516395060726089,55240,2.228497660158141,2.6438599322252703,256x256,65536,sparse,Meijering,3140,42,81,24374,30.857627106775265,0.937246060428783,30.87498733568612,0.9945656848787162,0.4436636782166222,0.3071408279083555,1273,4005,0.0,82,24490,37.28101425184319,0.9849261593981876,0.9986957177856304,37.162944104336724,0.30699318594853076,0.44794194738374915,244,21.349564212322683,0.14278604536742515,0.9371039814412049,20.831023769721778,0.9999999758745853,0.43280166066391074,-8.042144209400313,0.30644815253789914,-12.0001363889604,-0.5742506903142202,False,nuclei_009
nuclei_010.png,0.9615454493386395,23.15161963593892,0.719263925729443,0.5079774692006671,19.25663953367872,0.36190166119375244,22659,49,478,1019,342,2.3038243626062322,9.755102040816327,2824,3253,7075.1765076648535,2.8304670571689905,0.06645287229501728,-0.030786912713313908,0.2882947336745213,1772.6635932922363,49,478,-429,1019,342,2.3038243626062322,9.755102040816327,49,36,2824,3253,1463,2.174969722614464,2.8304670571689905,7075.1765076648535,0.06645287229501728,54877,2.421863277284964,2.89227238624829,256x256,65536,sparse,Meijering,2824,49,78,22207,29.638768828372836,0.9134316164373146,29.656602365156918,0.9923323620519534,0.4309691920549217,0.3098716905450942,1276,4079,0.0,79,22246,35.958937206864405,0.9783124708935792,0.9981004406302485,35.92495550606483,0.341450656443003,0.44394683271464497,250,21.761407145208793,0.15171891313459404,0.9370113669648836,21.450422893402944,0.999999997629109,0.4077959856491806,-6.504982729217996,0.19810577865557288,-10.382129294694117,-0.5515299552435622,False,nuclei_010
nuclei_011.png,0.9580195031875437,23.030111237223267,0.6973484970520958,0.5401388123845468,19.499138142521353,0.36187222971392335,23181,38,552,1183,359,2.3497788363388907,14.526315789473685,2939,3453,7435.688851823274,2.8422656416203465,0.06486606059892923,-0.034543979221831944,0.25717996460715054,1812.809944152832,38,552,-514,1183,359,2.3497788363388907,14.526315789473685,38,40,2939,3453,1397,2.1533996095636434,2.8422656416203465,7435.688851823274,0.06486606059892923,54855,2.3663776368577714,2.827142918769682,256x256,65536,sparse,Meijering,2939,38,79,22725,30.003223031947705,0.9199349126008856,30.052422619633695,0.9925634824093756,0.44016853244494525,0.292349526482809,1323,3810,0.0,80,23108,36.47005502457226,0.9808500896646029,0.9981710386185093,36.362191453171,0.3023123937031619,0.44872358080734126,246,21.38196790435672,0.1517836379501486,0.9300309929867754,20.992543477220174,0.99999999797966,0.42132056261548323,-7.022311382410429,0.24778928590173777,-10.504084889426352,-0.5580626828869621,False,nuclei_011
nuclei_012.png,0.9554261208881107,22.779329513843756,0.7097577801625019,0.47441643078057927,19.620868000537296,0.33208976579838395,19412,47,372,808,303,2.2790897380850152,7.914893617021277,2329,2654,5917.849908598509,3.1325564091683664,0.07166493791191726,-0.03196853343319661,0.26936842122554727,1469.681978225708,47,372,-325,808,303,2.2790897380850152,7.914893617021277,47,16,2329,2654,1218,2.229785195402614,3.1325564091683664,5917.849908598509,0.07166493791191726,55184,2.842777663301051,3.376056047805481,256x256,65536,sparse,Meijering,2329,47,71,19206,27.68749550684349,0.8712535653720511,27.60088912009037,0.9873946543213074,0.44038935893695463,0.2679335994280838,1380,3346,0.0,68,19244,33.44410915772243,0.9637458912146192,0.996430806123108,33.285745548915365,0.2573778828008506,0.4494031616302828,247,20.959018532041263,0.14675636578596524,0.9187568810958833,20.104167122763954,0.9999999856569453,0.40283984291877045,-4.821559606246613,0.20648283135249546,-8.066627506306194,-0.5391637995736671,False,nuclei_012
nuclei_013.png,0.9583329019300542,22.99457818692471,0.6908524904214559,0.4408716058548581,19.431926007372684,0.36090513495622284,21781,41,473,990,340,2.319408502772643,11.536585365853659,2705,3137,6694.621970564599,3.0123341217058646,0.06569496823825503,-0.032488952235628865,0.25015093140141137,1642.8916454315186,41,473,-432,990,340,2.319408502772643,11.536585365853659,41,23,2705,3137,1375,2.134084147454441,3.0123341217058646,6694.621970564599,0.06569496823825503,55034,2.526697580460034,3.0088609338414214,256x256,65536,sparse,Meijering,2705,41,76,21276,29.01248885690928,0.9032479112095151,28.949189411364813,0.990821854165683,0.44070155902004454,0.25530654024698696,1449,3490,0.0,77,21408,35.03793493790792,0.9742258501006149,0.9975099300048916,34.854020767155156,0.24840810694686044,0.4474378488077118,247,20.99183042858145,0.15107892315486499,0.925611469179697,20.215304811137948,0.9999999987498471,0.3991410417320364,-5.954611224440104,0.18556506560787112,-9.580562849536594,-0.5423427762532922,False,nuclei_013
nuclei_014.png,0.9616163741772582,22.80372127421643,0.7018681888946549,0.409045911574311,19.445148608012612,0.3469448580823578,21529,42,470,1016,356,2.3164510166358596,11.19047619047619,2705,3133,6837.490859815881,2.87124504615551,0.0691455364088968,-0.030300391133791127,0.25001810660978996,1749.997615814209,42,470,-428,1016,356,2.3164510166358596,11.19047619047619,42,26,2705,3133,1333,2.1824101052715865,2.87124504615551,6837.490859815881,0.0691455364088968,55171,2.562636443866413,3.044080078034279,256x256,65536,sparse,Meijering,2705,42,76,21363,28.958167691236177,0.9035691197211266,28.94142161172735,0.9919167653110493,0.4518500822848649,0.2501543559542283,1463,3447,0.0,76,21086,34.95029387626567,0.9740899853968538,0.9977649079364846,34.80977350482951,0.2295515209549579,0.4575056541050165,249,20.741102904283384,0.15079032159681144,0.9290945930986599,19.857156631189156,0.9999999988226503,0.40168960076691096,-6.137700337510921,0.15889155562008273,-9.513019083223565,-0.5566242616387689,False,nuclei_014
nuclei_015.png,0.9529062942079576,23.226205085094307,0.664125694883659,0.36378722660134477,19.894063536281767,0.3723439271720291,22138,34,476,1021,328,2.3185585585585584,14.0,2775,3217,7118.647539110542,3.135769043269458,0.06688883289491683,-0.03802896220350849,0.2164663805339061,1906.4381122589111,34,476,-442,1021,328,2.3185585585585584,14.0,34,30,2775,3217,1426,2.21282174047577,3.135769043269458,7118.647539110542,0.06688883289491683,54481,2.4609720841991147,2.960339687415304,256x256,65536,sparse,Meijering,2775,34,78,21903,29.74051327153378,0.9104582209340346,29.68055895659162,0.9909352564114661,0.4476593143497529,0.24036419435014955,1491,3265,0.0,79,22068,35.912736272459405,0.9773067254825168,0.99768477359217,35.75839747193585,0.2212979245812693,0.45131699646180057,248,21.08582586244779,0.16582028075779276,0.9166817900018409,20.402910247811338,0.9998927126704883,0.41484375,-6.4543538714973145,0.12342303225119522,-9.846449735252012,-0.5381142937620056,False,nuclei_015
nuclei_016.png,0.9491468134361087,23.461893650810687,0.6774768478070942,0.38579625364690306,20.46442387833837,0.36103473195051816,21422,39,549,1146,333,2.3759675635827495,14.076923076923077,2713,3223,7116.461078365659,3.1131966743704758,0.06476942798656248,-0.04055754425814195,0.20773298441328414,1758.8355541229248,39,549,-510,1146,333,2.3759675635827495,14.076923076923077,39,49,2713,3223,1234,2.2080239150994942,3.1131966743704758,7116.461078365659,0.06476942798656248,53867,2.514564466436374,3.0592848473531884,256x256,65536,sparse,Meijering,2713,39,78,21324,29.79221776190426,0.9024670028225267,29.722310478034053,0.9897043576942507,0.46974386339381,0.21619362722232072,1603,3039,0.0,78,20822,35.38220848584104,0.9716817684097676,0.9968328433149509,35.085560224609324,0.20898182188704972,0.4771101961209232,247,21.137996041771736,0.18142124133441523,0.911258025850728,20.54094123647543,0.9998905453226643,0.4158527422990233,-6.2604168272233665,0.16960262642458235,-9.327793883565892,-0.5414322708720085,False,nuclei_016
nuclei_017.png,0.9549172906818926,24.547798236882088,0.676899371814626,0.3545243919819374,21.86474402689396,0.37878323183122314,19540,49,456,970,331,2.314043209876543,9.306122448979592,2592,2999,6623.825469951627,2.9522863363870133,0.07003592425573467,-0.03395054707419731,0.20989342975679753,1716.9713973999023,49,456,-407,970,331,2.314043209876543,9.306122448979592,49,33,2592,2999,1291,2.208678049333665,2.9522863363870133,6623.825469951627,0.07003592425573467,51998,2.661105424769703,3.353940634595701,256x256,65536,sparse,Meijering,2592,49,78,19157,30.12978186356058,0.8759499852592213,30.050254545375026,0.9888678377560899,0.46700594205782847,0.20914161778682527,1540,2733,0.0,79,19528,35.8758604128925,0.9658155379988735,0.9967198145079709,35.48851251407302,0.194921794648646,0.4743907652843095,247,22.076806258275926,0.23540396545813244,0.9228117733687422,21.12686023127619,0.9999236360628451,0.3783293664286524,-5.502456308492938,0.14538277419511214,-8.265037836666622,-0.49716675342799815,False,nuclei_017
nuclei_018.png,0.9556158380151486,24.403250730753236,0.663202494204173,0.3386516518922442,21.807150877142547,0.3767372421203257,19874,46,552,1103,348,2.3795948987246813,12.0,2666,3172,6875.741782553856,2.9871683557589788,0.062239507810921066,-0.033763427751677066,0.18638999234022618,1867.896318435669,46,552,-506,1103,348,2.3795948987246813,12.0,46,41,2666,3172,1215,2.16763612312543,2.9871683557589788,6875.741782553856,0.062239507810921066,52248,2.628962463520177,3.2975747207406663,256x256,65536,sparse,Meijering,2666,46,78,19389,30.102955736438016,0.8803314806372623,29.931376268537623,0.9893792657668257,0.4768125018639468,0.19235464082237552,1539,2287,0.0,79,19820,35.827328024971244,0.9665835839143844,0.9968535107946772,35.47942253804007,0.1835370323799943,0.4828159477677357,248,21.688544974405588,0.2284720135902174,0.9230213701756194,20.91237926824105,0.9954834190573874,0.3948502800765312,-5.528125537784387,0.1462970110698687,-8.295804859295469,-0.5035942385169365,False,nuclei_018
nuclei_019.png,0.9549701402419644,25.75253844327378,0.703193699569986,0.41460395842764797,24.1068969274121,0.40493103909975103,14670,33,342,723,241,2.322884012539185,10.363636363636363,1914,2223,4959.635826050345,3.369665967571075,0.06487128679768814,-0.028234615443109345,0.18595232025964115,1289.6051406860352,33,342,-309,723,241,2.322884012539185,10.363636363636363,33,25,1914,2223,950,2.231055252384345,3.369665967571075,4959.635826050345,0.06487128679768814,49799,3.3946148602590323,4.467348329925017,256x256,65536,sparse,Meijering,1914,33,74,14572,29.987359350945987,0.8085677725773246,29.613038121633892,0.9832047556850737,0.5172413793103449,0.18890777450143925,1261,1636,0.0,71,14616,33.84826350115274,0.9259044927878489,0.9926861326616261,33.13430189456475,0.18861816129582376,0.5051783276166373,247,22.903707580313718,0.3100071362599984,0.9177470201441899,20.531263988476343,0.9999732773757187,0.36677613693207767,-3.86049967836011,0.22569618392620872,-5.880462423533885,-0.40363673347757356,False,nuclei_019
nuclei_020.png,0.9598645110964831,27.368950022458137,0.8175386986061498,0.7062764555627521,26.675241700400232,0.4856336592657351,9012,20,234,453,135,2.379096545615589,11.7,1129,1343,3247.1296839753586,4.6699030175475125,0.05187185280571276,-0.016184745663190503,0.22235628513561656,1167.0920848846436,20,234,-214,453,135,2.379096545615589,11.7,20,24,1129,1343,541,2.417818081887849,4.6699030175475125,3247.1296839753586,0.05187185280571276,46990,5.214158899245451,7.27208166888593,256x256,65536,sparse,Otsu,1129,20,66,8854,30.966454696913544,0.7430683398936564,29.869096597937848,0.9760492567596736,0.5951824134705332,0.22074096405386257,612,540,0.0,58,8884,32.40198729977698,0.8379931485054414,0.9853483721184911,31.35965889648918,0.18368641735750713,0.5895335389360061,243,23.36316482272363,0.4221998861657575,0.9186914743221088,19.848460788690666,0.9990789534683306,0.3309939986226347,-2.500146575479711,0.4855354915088895,-4.291212996513313,-0.2574346806279213,False,nuclei_020
nuclei_021.png,0.9667346392078083,29.491366143092314,0.8388073608199395,0.782922316277495,29.70616942743063,0.667789470858556,7458,19,85,182,83,2.1317365269461077,4.473684210526316,1002,1068,2757.1801790976733,5.929976458559017,0.039833813632727144,-0.014975945322250994,0.054130649786901186,1795.351505279541,19,85,-66,182,83,2.1317365269461077,4.473684210526316,19,6,1002,1068,737,2.581629381177603,5.929976458559017,2757.1801790976733,0.039833813632727144,43735,5.864172700455886,8.787342451059265,256x256,65536,sparse,Otsu,1002,19,72,7434,34.33701857520991,0.8165580106980103,32.63459888774293,0.9817105845300593,0.7846767110330383,0.318996941515057,191,195,0.0,76,7088,35.14813569753299,0.8587033446839025,0.987561734502828,33.826260926057664,0.22735148362590407,0.7442653034473719,271,26.01409548284903,0.6105466165927083,0.9287060421575993,22.211452534903824,0.7201029251839565,0.45266799454869483,-3.143232744650618,0.463925374762438,-4.63084914777928,-0.14876853983945426,False,nuclei_021
nuclei_022.png,0.9664494520902764,29.80193940384484,0.843339517625232,0.6876727315876116,30.663183541587422,0.7361346529163504,7762,20,47,96,63,2.0497695852534563,2.35,1085,1112,3137.1979037054043,6.644965750830514,0.029894376797530407,-0.017267809606663298,0.0020242924644028326,2104.3357849121094,20,47,-27,96,63,2.0497695852534563,2.35,20,2,1085,1112,926,2.8212211364257382,6.644965750830514,3137.1979037054043,0.029894376797530407,42829,5.5177789229580005,8.443184746199433,256x256,65536,sparse,Otsu,1085,20,75,7505,35.51422967756397,0.8570389078694726,33.211082696270594,0.9837172616969397,0.8413152251608291,0.3459698122241217,113,113,0.0,79,7278,36.443220374943095,0.887659829820767,0.9896713222440225,34.82468007505244,0.31523543672369847,0.8230695377863119,279,25.251890416371392,0.6398293108975057,0.9210867964918722,22.198056946908743,0.7123468888548846,0.4768402342116269,-3.409143292425753,0.34170291936348984,-4.851046135976546,-0.12090425495312218,False,nuclei_022
nuclei_023.png,0.9607800088637554,29.103894908137136,0.8512844218450769,0.6617601433121683,29.501226272852715,0.75479611186892,6906,23,51,102,59,2.076294277929155,2.217391304347826,734,762,1677.8813726207015,6.217444596888259,0.04373508720626113,-0.019297015531417716,-0.01044733127972075,1112.5988960266113,23,51,-28,102,59,2.076294277929155,2.217391304347826,21,7,734,762,573,2.201944058557347,6.217444596888259,1677.8813726207015,0.04373508720626113,42790,6.196061395887634,9.48971908485375,256x256,65536,sparse,Otsu,734,21,71,6752,35.41779583314153,0.8660271750879798,32.58906403542618,0.9800770243951731,0.8617317531247977,0.43691479672370215,74,105,0.0,78,6434,36.32205366184073,0.8857818633802543,0.9882987069137155,34.51218783007418,0.4310524009466612,0.8459278185883105,277,24.327510123667402,0.624600488604048,0.9005049963077242,20.81646668575848,0.6569914825812934,0.5009030116659345,-3.4851691272890477,0.2248453465884661,-5.916569560288817,-0.11123106321905973,False,nuclei_023
nuclei_024.png,0.952204416320673,29.295751142680928,0.8441281936351412,0.8529035326070231,28.297545722678663,0.7911049003583464,8594,20,70,115,43,2.0964320154291225,3.5,1037,1087,2619.9579784001885,5.89804766079269,0.03847359091417588,-0.02933697444766037,-0.034386192099461144,1682.75785446167,20,70,-50,115,43,2.0964320154291225,3.5,20,15,1037,1087,879,2.4102649295310004,5.89804766079269,2619.9579784001885,0.03847359091417588,41687,4.850709797533162,7.625785431696532,256x256,65536,sparse,Otsu,1037,20,80,8471,37.05244298756934,0.9061712268326801,34.34489646271674,0.9815413907683334,0.8785143857346024,0.6633217158319279,51,196,0.0,84,8530,38.61336706415813,0.9289950325322024,0.9904796263202483,37.1059293769845,0.6140942700075964,0.8737445414847161,246,22.41599067605266,0.5954766824448695,0.8667304461241413,18.992335112400895,0.9679353146721392,0.3800310986185037,-5.049145320035812,0.18958181677509522,-8.75489726489068,-0.11506632647433379,False,nuclei_024
nuclei_025.png,0.9510492414669967,28.461152363516767,0.8778640871561874,0.8907809739914242,28.151812721689353,0.766381306851688,9830,20,95,175,46,2.1400560224089635,4.75,1071,1146,2891.3166702122217,5.491605091273061,0.051925327416093334,-0.02950446473313384,-0.003970792512253296,1387.6113891601562,20,95,-75,175,46,2.1400560224089635,4.75,20,27,1071,1146,850,2.522963935612759,5.491605091273061,2891.3166702122217,0.051925327416093334,43632,4.438657171922686,6.666937945066124,256x256,65536,sparse,Otsu,1071,20,78,9569,35.64586322615533,0.8990006768323948,33.132752803912766,0.9805537062001305,0.8818348796684407,0.7836610938402037,44,295,0.0,82,9586,37.59330255865536,0.9268439327729291,0.9906610658468695,36.24583466224258,0.7673486471416224,0.8770307071086487,244,20.892567499870083,0.4979036270124953,0.8207830215883395,17.655909705264662,0.44705680264722325,0.3217539626409286,-4.6716004403959985,0.10711988015122054,-7.494050504465974,-0.13261936998070678,False,nuclei_025
nuclei_026.png,0.9489513365896038,28.756792051424895,0.873205312275664,0.9045626926196348,28.300364063782112,0.7828894244006708,12289,21,135,256,50,2.147001934235977,6.428571428571429,1551,1665,3917.0061079403326,5.279204131325624,0.050989098849605605,-0.03556612105651735,0.010129248194574836,2183.6695671081543,21,135,-114,256,50,2.147001934235977,6.428571428571429,21,34,1551,1665,1245,2.3525562209852,5.279204131325624,3917.0061079403326,0.050989098849605605,43511,3.5406461062739036,5.3328993408739525,256x256,65536,sparse,Otsu,1551,21,84,12207,36.659570785342,0.9199858666648698,34.46636743100011,0.9845174576461212,0.8630760640810892,0.8405731707446891,47,447,0.0,85,11538,38.79077353368403,0.9465654675306997,0.9919437674496366,37.40955551855744,0.8407625015955288,0.8580748988734722,248,21.242493283332585,0.49073251359147346,0.8335401507278983,19.071124527004258,0.9968698259428611,0.4404163583947751,-5.709575379575213,0.06398952187494578,-8.359206721559886,-0.13709644226419904,False,nuclei_026
nuclei_027.png,0.9515515933584638,28.98920346822038,0.853237049714071,0.8983530759934824,28.754779240679458,0.7870125059109752,12042,22,185,322,44,2.2274947662247033,8.409090909090908,1433,1596,3811.789268636846,5.132849738885702,0.059397456165935995,-0.03242113718478523,-0.0049218610764187876,1267.7054405212402,22,185,-163,322,44,2.2274947662247033,8.409090909090908,22,48,1433,1596,1067,2.388339140749924,5.132849738885702,3811.789268636846,0.059397456165935995,43521,3.614100647732935,5.442285334662016,256x256,65536,sparse,Otsu,1433,22,83,11797,36.57758596762085,0.9217597545577806,34.42353943707121,0.9839727305432491,0.8581589107904898,0.8309795979331913,53,414,0.0,85,11778,38.86846940486335,0.9503390251513839,0.9924272984401874,37.582580228356775,0.8318264203360091,0.8571428571428571,248,21.214371546831252,0.4747671743671441,0.8259043672289972,19.16261313826433,0.9833442537170913,0.4474276362892503,-5.4343359688508315,0.06737347806029104,-7.822806726941391,-0.13474724864680543,False,nuclei_027
nuclei_028.png,0.9550222002002027,28.57065143363316,0.8667917448405253,0.9494324111481429,28.13295672232215,0.7940470511524939,15207,23,224,417,58,2.193734939759036,9.73913043478261,2075,2276,5147.784083213314,4.427397488398724,0.05069216438231727,-0.03483800924673053,0.026863129073920744,2339.4274711608887,23,224,-201,417,58,2.193734939759036,9.73913043478261,23,62,2075,2276,1600,2.2617680506209923,4.427397488398724,5147.784083213314,0.05069216438231727,44138,2.902479121457224,4.309594265798645,256x256,65536,sparse,Otsu,2075,23,87,15014,37.15539404144107,0.9348230489435352,35.455587245893106,0.9898602094469332,0.8399286157666046,0.8373982977373479,62,607,0.0,87,14056,39.81012939932874,0.9623514227611212,0.9953514690757784,38.79017791682686,0.8025531242337872,0.8439204988308652,247,20.69607535585429,0.44476479238228694,0.817277772351814,18.527412767769682,0.983509981161638,0.4375384931225621,-6.884935812259947,0.11203411341079506,-9.022437319118922,-0.14077599779104133,False,nuclei_028
nuclei_029.png,0.9625102235379147,28.632106897803133,0.8421783148269105,0.9103059954762512,28.416050759447486,0.7926571900545992,14301,22,252,464,55,2.257270693512304,11.454545454545455,1788,2018,4611.4243317246155,3.9571616300933847,0.06641624230858915,-0.027151592920279133,0.032499202516219294,1252.5506019592285,22,252,-230,464,55,2.257270693512304,11.454545454545455,22,67,1788,2018,1269,2.285145853183689,3.9571616300933847,4611.4243317246155,0.06641624230858915,44464,3.1091532060695055,4.5826166002377455,256x256,65536,sparse,Otsu,1788,22,85,14109,36.53529615646224,0.931475580507265,34.75811304319883,0.9896618164581938,0.8096791123106912,0.7687935961939495,81,585,0.0,86,13604,39.28883394156651,0.9600319121192687,0.9954216523031199,38.27179151577295,0.7489737596776828,0.8097927718200206,248,20.62899204046021,0.41700078855763145,0.829763184834221,18.61909830564659,0.9982474206583425,0.44654072680173024,-6.126006145395699,0.14151239928230175,-8.119245397014751,-0.13881839045266575,False,nuclei_029
nuclei_030.png,0.9652750624950364,28.686903310218888,0.8500784613527542,0.9366290674626064,28.566907533805455,0.7938601179092067,15067,22,329,599,65,2.3186299948105864,14.954545454545455,1927,2234,4956.088812020782,3.738793629033614,0.06153574452672886,-0.025086556082022815,0.05059544805881033,1309.5245361328125,22,329,-307,599,65,2.3186299948105864,14.954545454545455,22,80,1927,2234,1263,2.2184820107523953,3.738793629033614,4956.088812020782,0.06153574452672886,44799,2.9733191743545495,4.349638282338886,256x256,65536,sparse,Otsu,1927,22,85,14420,36.341256205318444,0.9319786040646262,34.60965992401475,0.9903616185770592,0.7994830132939439,0.7849278249314973,87,683,0.0,87,14698,39.647425656398745,0.9648451679441097,0.9962090587331185,38.64088988906765,0.8218041040638181,0.8044813339784866,247,20.45015229744875,0.40196111210288155,0.8305507572060856,18.483761091644404,0.9999576693860653,0.4365587758949938,-5.922756613795862,0.15170124253110917,-7.774348671512989,-0.13811848615541944,False,nuclei_030
nuclei_031.png,0.9672241112453217,28.506470623875746,0.8546212703939112,0.9379214548651555,28.593866365394387,0.7967353111975719,15383,22,300,557,76,2.2809499747347144,13.636363636363637,1979,2257,4995.607589877563,3.581943502324949,0.061917189471999756,-0.023976346236468604,0.06323005546809957,1306.499719619751,22,300,-278,557,76,2.2809499747347144,13.636363636363637,22,72,1979,2257,1346,2.2133839565253166,3.581943502324949,4995.607589877563,0.061917189471999756,45072,2.929987648703114,4.2602873301696675,256x256,65536,sparse,Otsu,1979,22,85,14793,36.25173563457035,0.9331802954598719,34.58921231071837,0.9912004574817903,0.7913912149258117,0.7794411903203585,88,668,0.0,87,14940,39.55548369714266,0.9649859196513915,0.9965463266283046,38.67155489859997,0.8097647226201617,0.7944905990380411,247,20.296554179456763,0.38865121704593814,0.8335825031397683,18.303920488933738,0.9999701701205297,0.43613423820518205,-6.082741686842628,0.15848026454479702,-7.657869269175965,-0.1364449842623,False,nuclei_031
nuclei_032.png,0.9672567095666372,28.287345330929643,0.8461071298433135,0.9760471189181409,28.30020339445381,0.7987905901259112,15785,21,290,541,83,2.2594021215043396,13.80952380952381,2074,2343,5249.505957017358,3.596503178029534,0.06361760199423669,-0.02435935341070483,0.06834530370017944,1528.4795761108398,21,290,-269,541,83,2.2594021215043396,13.80952380952381,21,63,2074,2343,1450,2.240506170301935,3.596503178029534,5249.505957017358,0.06361760199423669,45317,2.870890085524232,4.151789673740893,256x256,65536,sparse,Otsu,2074,21,85,15158,36.153103260218785,0.9338667798514629,34.51481642939017,0.9916160629773421,0.777761826143134,0.8271149238825103,78,685,0.0,87,15338,39.626269347489036,0.9668082215318782,0.996714671118692,38.69701320541635,0.8533092385223279,0.7812868421992784,250,20.139304633917515,0.37657719052663474,0.8315339293168732,18.19351494756999,0.9999745806534838,0.41157422399037796,-6.22747109846053,0.1489321950356306,-7.852899865764975,-0.1350761897255517,False,nuclei_032
nuclei_033.png,0.9684851313226233,28.475616548733413,0.8290978663228382,0.8948831748476258,28.310004353116152,0.7901335215783014,15029,27,270,509,93,2.2528616024973984,10.0,1922,2165,4767.520408670343,3.5900553330298393,0.06951005936058309,-0.023050297095458916,0.07528297756071611,1379.6730041503906,27,270,-243,509,93,2.2528616024973984,10.0,27,61,1922,2165,1320,2.2020879485775593,3.5900553330298393,4767.520408670343,0.06951005936058309,44949,2.9908177523454653,4.360636103533169,256x256,65536,sparse,Otsu,1922,27,85,14741,36.3104507378309,0.9349320226959558,34.62727037833042,0.9915354284180822,0.7538148887621221,0.8425972337371493,76,686,0.0,86,13772,39.01677588792259,0.9607172606333234,0.9960494697616015,38.02628135521962,0.8514251885322328,0.7570083419856074,250,20.52454070397026,0.38888996262848763,0.8322278842875542,18.36457572436984,0.998316140277259,0.4239994167820952,-6.151653829597009,0.052285941110476464,-8.000446384714746,-0.14479850111765435,False,nuclei_033
nuclei_034.png,0.9648921319592801,28.414488106858123,0.8406003722624846,0.9453754971784465,27.962857084798898,0.7874416576061953,15828,23,323,609,101,2.2955665024630543,14.043478260869565,2030,2330,5225.821863998811,3.7466564647669864,0.06966264756850216,-0.02674139257245889,0.0662052038928087,1631.523847579956,23,323,-300,609,101,2.2955665024630543,14.043478260869565,23,65,2030,2330,1320,2.242842001716255,3.7466564647669864,5225.821863998811,0.06966264756850216,45029,2.8448951225676016,4.1405104877432395,256x256,65536,sparse,Otsu,2030,23,86,15824,36.57597353625955,0.9387153537500249,34.958528327370985,0.991633524531739,0.7743951683696759,0.842514368371196,76,713,0.0,87,15152,39.79808865723065,0.9672575734306876,0.9965839357508341,38.92581222575097,0.8208901720916721,0.7787726038986217,246,20.31143252547207,0.3824484531569328,0.8271085122337265,18.361992169267815,0.9999745806534838,0.43888875908315617,-6.544040220512862,0.10286112880725051,-8.613116451460655,-0.15127369614382957,False,nuclei_034
nuclei_035.png,0.9636530835820354,28.434975805779775,0.8420531506198266,0.9353558162402094,27.821147202452295,0.7830163279279876,15690,23,342,623,94,2.317570930811349,14.869565217391305,2009,2328,5248.602337222517,3.6442865131505395,0.06581542508317345,-0.02682471128325903,0.05723408618911163,1353.031873703003,23,342,-319,623,94,2.317570930811349,14.869565217391305,23,76,2009,2328,1292,2.2545542685664,3.6442865131505395,5248.602337222517,0.06581542508317345,44925,2.863288718929254,4.1769279796048435,256x256,65536,sparse,Otsu,2009,23,85,14782,36.29946116323129,0.9341473714292816,34.635807209464,0.9904777948652944,0.7848190644307149,0.8509887292579492,75,735,0.0,87,14600,39.6991881966615,0.9636212961596008,0.9965195702259799,39.09284570702168,0.8674581908875737,0.7891197394966906,246,20.34765624774694,0.3862762632610282,0.829945589666551,18.608676067482975,0.9999707607917183,0.4416300069460523,-6.200831403684223,0.08436708698226014,-8.478313960778998,-0.15113104350129403,False,nuclei_035
nuclei_036.png,0.9630522765629483,28.560677868874514,0.8282894736842106,0.9690094845356836,28.04348685314965,0.7830046178754938,15406,22,362,660,90,2.345352971051295,16.454545454545453,1969,2309,5050.413265533755,3.7002298132061897,0.07047107744651467,-0.02712209196190085,0.04633616792805828,1329.4181823730469,22,362,-340,660,90,2.345352971051295,16.454545454545453,22,81,1969,2309,1219,2.187272960387099,3.7002298132061897,5050.413265533755,0.07047107744651467,44757,2.9051668181228094,4.253927041412437,256x256,65536,sparse,Otsu,1969,22,85,14564,36.408756125206565,0.9338960588840634,34.77777240574584,0.9901743685248492,0.7819533057561523,0.912464800430218,56,691,0.0,87,14818,39.76467466464709,0.9663710837338072,0.9960360946028021,38.80274679634931,0.9014036771298757,0.7836737558784306,246,20.43393499637903,0.3940178307391474,0.8308582842028804,18.94389730024517,0.9999522723660632,0.43743453004475763,-6.217094536871329,0.05654468410546554,-8.365269272056917,-0.15089144100856955,False,nuclei_036
nuclei_037.png,0.9615688017799453,28.429178172505626,0.8534843831026367,0.9311539449323338,27.65321461430966,0.7903021024746004,16533,22,311,579,85,2.257575757575758,14.136363636363637,2244,2533,5747.180722265578,3.9095144408378157,0.06101458222580657,-0.03004005903496021,0.05186451654538837,2137.8333568573,22,311,-289,579,85,2.257575757575758,14.136363636363637,22,70,2244,2533,1580,2.268922511751136,3.9095144408378157,5747.180722265578,0.06101458222580657,44785,2.708824774693038,3.963950886106575,256x256,65536,sparse,Otsu,2244,22,87,16123,36.930204117054295,0.9391093099461286,35.47224611193594,0.9916088608149055,0.8016198665572484,0.8460428683272915,74,743,0.0,88,16016,40.38179544089793,0.970344639836409,0.9966568421427242,39.522255618775674,0.8472491885120368,0.8084089997447398,247,20.34602288875447,0.3988507747418484,0.829092771198341,18.70746804587181,0.9999503245643718,0.4447468443526817,-7.043067939430312,0.08511107660504236,-9.276989502744634,-0.1488072074715282,False,nuclei_037
nuclei_038.png,0.9624563293104609,28.784426773894012,0.8402883460152183,0.9367872969247112,28.341965882225498,0.7792378704745413,14549,21,327,586,68,2.3336968375136316,15.571428571428571,1834,2140,4867.060531488468,4.13306787112807,0.06666778239030065,-0.027225070795547146,0.03396743839771421,1482.2745323181152,21,327,-306,586,68,2.3336968375136316,15.571428571428571,20,76,1834,2140,1180,2.2743273511628748,4.13306787112807,4867.060531488468,0.06666778239030065,44298,3.0447453433225653,4.504502027630765,256x256,65536,sparse,Otsu,1834,20,85,13994,36.61647436594809,0.9323528241894008,34.90005670981318,0.989681400106008,0.8063209076175041,0.8310805548027982,72,628,0.0,87,14072,39.68613272397595,0.9630906982025423,0.9956797104454796,38.69755467941249,0.7848006510857475,0.808184331797235,247,20.818320814777724,0.42028907462605486,0.8370450340909074,19.091435343444786,0.9999999984107443,0.44697530293219867,-6.115629935919166,0.105706742121913,-8.274508483722595,-0.1531149537148595,False,nuclei_038
nuclei_039.png,0.9585261893761416,28.696273078270536,0.8380161348010968,0.9563134185954423,28.416849833075467,0.7767763279574099,13792,22,253,463,58,2.2733727810650888,11.5,1690,1921,4274.162784386317,4.229030284373718,0.06609191345496639,-0.02939297456183243,0.013801758448181989,1173.1977462768555,22,253,-231,463,58,2.2733727810650888,11.5,22,63,1690,1921,1169,2.2249676129028537,4.229030284373718,4274.162784386317,0.06609191345496639,44393,3.21875,4.751740139211137,256x256,65536,sparse,Otsu,1690,22,84,13573,36.253653545057894,0.9261290262560986,34.45598359038995,0.9879191639379741,0.8242143763529148,0.826407516606773,67,583,0.0,86,13726,39.17554091535945,0.958561602214762,0.9947879705208399,38.13602221141715,0.759423968745127,0.8236097412942872,247,20.75511912623716,0.42856678582283625,0.830269137538554,18.83483379292396,0.9999999963187004,0.4548306003367236,-5.759710512119412,0.12990590198866925,-7.8368037119824265,-0.1493526982986887,False,nuclei_039
nuclei_040.png,0.9603143689574464,28.356792352055184,0.8470771373561099,0.9511639111726163,28.07902257082299,0.768800768935986,13611,23,231,414,62,2.254434250764526,10.043478260869565,1635,1843,4347.783007610193,4.430971334614885,0.06797971024431274,-0.027724027926476214,0.018441373709864095,1383.2197189331055,23,231,-208,414,62,2.254434250764526,10.043478260869565,23,56,1635,1843,1159,2.3590792227944943,4.430971334614885,4347.783007610193,0.06797971024431274,44841,3.294467709940489,4.814929101462052,256x256,65536,sparse,Otsu,1635,23,83,13368,35.7930082400098,0.9201015149784417,33.93768545425976,0.9880383968839226,0.8286357636462458,0.8357657535861177,65,553,0.0,85,13262,38.6983731378482,0.9543028362761654,0.9949268559394352,37.71080136385716,0.8148107144034886,0.83018435818161,246,19.95206787701081,0.4132184945555365,0.7924434196555121,17.962947264638288,0.663302853775059,0.3111491693783182,-5.580893102204573,0.11539815758649863,-7.713985669186808,-0.1513007460424557,False,nuclei_040
nuclei_041.png,0.9581207979263547,28.66480114450368,0.8549653579676675,0.9249540864746517,28.649185500357998,0.768405450889739,12507,23,183,330,49,2.216508795669824,7.956521739130435,1478,1638,3897.0966951591736,4.690673166586033,0.06314448038508778,-0.02797364392885815,0.018443410449993647,1317.4340724945068,23,183,-160,330,49,2.216508795669824,7.956521739130435,23,46,1478,1638,1099,2.3791799115746097,4.690673166586033,3897.0966951591736,0.06314448038508778,44484,3.5567282321899736,5.239945630446949,256x256,65536,sparse,Otsu,1478,23,82,12273,35.73345525861455,0.9143847375954751,33.789252274133084,0.9860944418552129,0.8365219475176738,0.7483585444394936,80,519,0.0,83,11876,37.87190104423189,0.9444899457377144,0.9926728918500596,36.59846840606982,0.8380739265474002,0.8331505991072128,245,20.285081742205108,0.4331883962959798,0.7935221459185122,18.069165069857096,0.626827420125863,0.2914376055477705,-5.124451129629403,0.17659554203515815,-7.08426975825655,-0.14597928670573612,False,nuclei_041
nuclei_042.png,0.9538585324204963,28.90225986604609,0.8441783793163283,0.9014281639850509,28.70591736777712,0.7643437763168571,11268,22,146,270,51,2.1910631741140216,6.636363636363637,1298,1422,3454.2874220774415,5.193283015296712,0.058027916801089194,-0.029747939972027182,-0.015533700800508754,1216.65620803833,22,146,-124,270,51,2.1910631741140216,6.636363636363637,22,37,1298,1422,977,2.429175402304824,5.193283015296712,3454.2874220774415,0.058027916801089194,43724,3.8803691870784522,5.816116435924743,256x256,65536,sparse,Otsu,1298,22,81,11088,36.02057790040955,0.9107234615034021,33.95092888167115,0.9836064723925235,0.8597120801168371,0.7643418719887443,67,402,0.0,83,10824,38.0289796832119,0.937364208088559,0.9920630122383237,36.96793936433301,0.7546628645343486,0.8544188219306069,250,21.257158763252768,0.48856204586540847,0.839279686315093,20.031909752436903,0.9981758965385759,0.45940465568983696,-5.048669015625062,0.13708629199630662,-7.3146605326324305,-0.14637968518654498,False,nuclei_042
nuclei_043.png,0.9522473540146678,29.342614189270797,0.862687572143132,0.9239924861338616,28.395252087517754,0.7818719539788811,11170,21,124,227,47,2.1431549687282834,5.904761904761905,1439,1542,3262.410686845859,5.052510268080144,0.04109000775908838,-0.031833758758931574,-0.011753749333161645,1821.8982219696045,21,124,-103,227,47,2.1431549687282834,5.904761904761905,21,29,1439,1542,1165,2.115700834530399,5.052510268080144,3262.410686845859,0.04109000775908838,42450,3.8003581020590866,5.867144136078783,256x256,65536,sparse,Otsu,1439,21,83,10673,37.04610435013888,0.915778465272184,34.88125109863722,0.9840811127735993,0.8744413214762936,0.7239234020810004,65,342,0.0,85,10482,38.904628453741346,0.9416855041209534,0.9915884136073496,37.60471261774097,0.6310786189664598,0.8687770439535414,249,22.461182920759498,0.5524444853750583,0.8355600891075952,19.999511970499327,0.9846248083449786,0.44066309707474965,-5.538636909366424,0.20006908405286128,-8.650852262621129,-0.1339065112933029,False,nuclei_043
nuclei_044.png,0.9564966608171703,29.889959116466528,0.8660554440405794,0.8856465900262331,29.034604869599075,0.7892157984976745,10284,20,81,153,42,2.0860973888496823,4.05,1417,1478,3339.3820346153702,5.573696330726021,0.03749391237012135,-0.028534417655183275,-0.0007951588615255911,2116.588830947876,20,81,-61,153,42,2.0860973888496823,4.05,20,21,1417,1478,1222,2.2593924456125762,5.573696330726021,3339.3820346153702,0.03749391237012135,41749,4.059607156748347,6.372617658498639,256x256,65536,sparse,Otsu,1417,20,83,10101,37.432873321663166,0.915043193164837,35.105364730893506,0.9850310784723536,0.866850602902105,0.5384058821970741,101,293,0.0,85,9906,39.0539096001895,0.9392378108457953,0.9916411228513076,37.581110306515335,0.5661255185670091,0.8644076511723571,250,23.45191874915725,0.5878052013623765,0.8531157791303317,19.96883775338665,0.9824025275843766,0.38839700328153054,-5.215405614426977,0.34724070782915906,-8.398268452064091,-0.12582739466716242,False,nuclei_044
nuclei_045.png,0.9597744554190524,29.65440462898467,0.8713439690597051,0.8909952300131926,29.95509959037062,0.7727841626997074,8777,19,98,179,50,2.1405693950177938,5.157894736842105,1124,1203,2685.9216193670513,5.850915298979477,0.03513903054507151,-0.02381688992170361,0.0044462811655962,1721.315622329712,19,98,-79,179,50,2.1405693950177938,5.157894736842105,19,17,1124,1203,895,2.232686300388242,5.850915298979477,2685.9216193670513,0.03513903054507151,42175,4.805172610231287,7.466788196422468,256x256,65536,sparse,Otsu,1124,19,79,8709,36.610936876612236,0.8974750623475958,34.11354632453257,0.983591345340756,0.8668976878941089,0.6121832024858807,72,226,0.0,83,8554,38.05191008376433,0.9226025204304112,0.9910561721266843,36.53431379631191,0.5068220643914555,0.8587140439932318,248,23.30968459573263,0.5926355993854254,0.8645985702015925,19.27557898833556,0.9966091229243298,0.37052688365401903,-4.459141695547903,0.27881202752731193,-6.655837286241617,-0.12469089964788838,False,nuclei_045
nuclei_046.png,0.9920205082824757,29.426230457752055,0.7111161679371942,0.4850832284400821,30.836184172963566,0.7510424055646324,6532,24,43,101,74,2.039378238341969,1.7916666666666667,965,984,1664.4295824010467,3.454157243862053,0.0479691711985332,-0.004198577804825021,0.23914307376679067,2975.0378131866455,24,43,-19,101,74,2.039378238341969,1.7916666666666667,24,4,965,984,790,1.6914934780498405,3.454157243862053,1664.4295824010467,0.0479691711985332,42299,6.475658297611758,10.033067973055726,256x256,65536,dense,Meijering,965,24,69,6352,35.73894182468234,0.8684105915657435,32.46745532710703,0.9962190860873007,0.47197309417040356,0.4214324663948459,100,159,0.0,79,6442,36.72164696767576,0.890461269845593,0.9977749770228123,34.890794470159314,0.3809146890040407,0.4719903805347291,342,28.165664975972952,0.6856044149604748,0.9697278003677807,22.061259268604196,0.49694653562625835,0.38799266147909156,-3.041224869354977,0.06365076204523623,-4.902757651718776,-0.1173681860011111,False,nuclei_046
nuclei_047.png,0.9907221882483381,29.32198973704189,0.7074303405572755,0.4485209978871605,31.473074295244167,0.7526947716655086,6220,21,57,123,76,2.07741935483871,2.7142857142857144,930,966,1704.1703112409532,3.6301287490834473,0.04120260806794963,-0.004511742211454894,0.1479872191064603,3150.8095264434814,21,57,-36,123,76,2.07741935483871,2.7142857142857144,21,3,930,966,731,1.7641514609119566,3.6301287490834473,1704.1703112409532,0.04120260806794963,42285,6.798231511254019,10.536334405144695,256x256,65536,dense,Meijering,930,21,69,6141,35.699196388940884,0.8578992743810017,32.22639434463759,0.995233930459793,0.5594431214508152,0.35514337436147936,110,115,0.0,78,6016,36.462010670793816,0.8771654061230799,0.9972326618032861,34.63583945912593,0.29604557818970123,0.5521866960676222,344,28.452858631101677,0.6984369727863883,0.9704593757182639,22.091131917503603,0.45422886378661576,0.4006935472904059,-2.9044046075957013,0.09337762352568113,-4.226122093696716,-0.10520450271549309,False,nuclei_047
nuclei_048.png,0.9763100909998351,30.118708881614054,0.6984887962480458,0.4615875811929001,31.334787749564704,0.7470308480142337,6686,16,48,115,70,2.063178677196446,3.0,1013,1045,4176.059724145745,7.9311668896369145,0.02557292360348256,-0.01164200732436338,-0.019848866089616557,2045.0961589813232,16,48,-32,115,70,2.063178677196446,3.0,16,0,1013,1045,828,3.996229401096412,7.9311668896369145,4176.059724145745,0.02557292360348256,41886,6.264732276398444,9.80197427460365,256x256,65536,sparse,Otsu,1013,16,73,6578,36.177476070544266,0.8606008942862458,33.51733733142967,0.9879520983241985,0.7183376623376624,0.21915807495242634,149,93,0.0,80,6196,36.99826233437594,0.8834870319770767,0.9930221946082576,35.53162616904868,0.19728383708430974,0.7112733171127331,277,25.767733843391582,0.6290919259253086,0.9341280270718274,21.23564414356109,0.44233675368020875,0.3567563447907934,-3.398628449815618,0.24242950624047377,-4.842688320979562,-0.11357004627201206,False,nuclei_048
nuclei_049.png,0.9923634882222866,30.076117264626944,0.5383672039243167,0.3705174478359421,32.411793401364015,0.7631826774318682,5026,16,94,169,61,2.2113821138211383,5.875,738,816,1463.9563459422293,3.7255946686920436,0.0446530154710616,-0.003337851701556316,-0.04803242346273495,2579.3776512145996,16,94,-78,169,61,2.2113821138211383,5.875,16,11,738,816,508,1.794064149439003,3.7255946686920436,1463.9563459422293,0.0446530154710616,41402,8.237564663748508,13.039395145244727,256x256,65536,dense,Otsu,738,16,64,4875,36.055305027451794,0.8485962622588774,32.80870630002031,0.9957013399238429,0.5863996273870516,0.2296259638767203,91,54,0.0,77,4902,36.571843254329,0.8663232656849831,0.9968863936932693,34.33841206598356,0.1656730637130539,0.5824058545509986,406,31.23895707780859,0.7476612311000685,0.9829074037778613,24.345377750123195,0.3583012766035739,0.4593004249754822,-2.7325890353933673,0.1408914839592218,-3.643511626087779,-0.08541358482700923,False,nuclei_049
nuclei_050.png,0.9859623550403821,30.213306658677716,0.48112732762959237,0.35435147357210794,32.811602715994916,0.7608301787543097,5104,12,38,81,46,2.065,3.1666666666666665,800,826,2946.980744662805,7.827035740315914,0.02290796366344947,-0.006223373038846569,0.027896035112585593,1741.9219017028809,12,38,-26,81,46,2.065,3.1666666666666665,12,0,800,826,673,3.567773298623258,7.827035740315914,2946.980744662805,0.02290796366344947,41328,8.09717868338558,12.84012539184953,256x256,65536,sparse,Otsu,800,12,67,5059,36.18232647039862,0.8462468163782497,33.08743204692048,0.9921857280792287,0.4532312925170068,0.22580068523431274,54,33,0.0,78,4622,36.59808070956995,0.8592092693972417,0.9947543459139747,34.72266110696184,0.1780522343414015,0.4572156196943973,402,31.64855885532353,0.7501127692037263,0.9755504907907919,25.43685463206129,0.38430280323571486,0.33804977838390726,-2.874125388242767,0.1285507883377952,-3.3707237544037056,-0.08541663762394003,False,nuclei_050
nuclei_051.png,0.9882698260029402,29.92193913869972,0.10277136258660508,0.25588192631821827,32.53471299683713,0.7535184151694003,4368,11,44,84,45,2.1012269938650308,4.0,652,685,2236.686993886151,5.751424436188914,0.02793065895722081,-0.004553654497760351,0.0020742285819575212,1280.764102935791,11,44,-33,84,45,2.1012269938650308,4.0,11,2,652,685,523,3.2652364874250352,5.751424436188914,2236.686993886151,0.02793065895722081,41589,9.521291208791208,15.003663003663004,256x256,65536,sparse,Otsu,652,11,61,4350,35.75888845365534,0.8260675353088083,32.74487837511968,0.9928234805007006,0.10069713400464755,0.28415077534381183,7,1,0.5681818181818181,76,3954,36.119135270706444,0.841958441593618,0.9945621533751897,33.7868652905683,0.15422338271115588,0.10298102981029811,468,32.9106455378267,0.7517776447160736,0.983635943744021,27.331448229221618,0.5893442472476544,0.1094325004842146,-2.8229392364199626,-0.028268849025593568,-3.224175456818209,-0.07254912013940795,False,nuclei_051
nuclei_052.png,0.9894612028869251,30.13874643048027,0.10826731667682307,0.35853457917268017,32.64312661635391,0.7555816676053378,4453,10,48,112,55,2.1082621082621085,4.8,702,740,2093.7313313570567,5.091569402109184,0.0325869482072973,-0.004544145332639915,0.00383240966680877,1290.973424911499,10,48,-38,112,55,2.1082621082621085,4.8,10,2,702,740,535,2.8293666639960193,5.091569402109184,2093.7313313570567,0.0325869482072973,41349,9.285650123512239,14.71726925668089,256x256,65536,sparse,Otsu,702,10,63,4448,35.992144206255894,0.8280012584613642,33.480855444388496,0.994005348219565,0.1044349070100143,0.5164819663601022,3,2,0.65,76,3806,36.218176329058984,0.8370612447785902,0.9950507579773006,34.35923505625981,0.313397666957699,0.10461789946873723,472,33.59091085038411,0.7584503103083756,0.9877439799078896,28.520964881799173,0.5934303402594009,0.11077048845289189,-3.3421090139082246,-0.15794738718742207,-3.349017589901983,-0.07241959085602634,False,nuclei_052
nuclei_053.png,0.9861042932553843,30.788367095986573,0.08078967350037965,0.36109531596808375,32.40604520698816,0.7409811528346862,5705,15,101,208,79,2.1898454746136866,6.733333333333333,906,992,2720.6848412897593,4.8459151718790165,0.03596053916005538,-0.006537277982605505,0.002457103642386063,1400.0539779663086,15,101,-86,208,79,2.1898454746136866,6.733333333333333,15,10,906,992,619,2.7426258480743555,4.8459151718790165,2720.6848412897593,0.03596053916005538,41602,7.292199824715162,11.4874671340929,256x256,65536,sparse,Otsu,906,15,71,5642,36.13645865445098,0.8333425831349651,34.424600000562826,0.9926415712379898,0.07833256985799358,0.5852170883184187,2,1,0.1166666666666667,79,5622,36.712353598475566,0.862952305215955,0.9947432520078546,35.734605110975494,0.597475775966364,0.07756909451824706,344,31.605448980229905,0.7363483609025975,0.9798741067636374,25.793561758386772,0.7433392230464442,0.09451824706061994,-3.6362329045762536,-0.22412177235033492,-3.7304134474628228,-0.09236143030027888,False,nuclei_053
nuclei_054.png,0.9827970201055757,30.26306865332237,0.06521739130434782,0.14927526780626998,31.353694268372145,0.7026340978250512,7074,15,150,310,104,2.2297872340425533,10.0,1175,1310,3341.683637787841,4.43298919089297,0.03693672575754238,-0.008404653992161393,0.001464643341073546,1655.1401615142822,15,150,-135,310,104,2.2297872340425533,10.0,15,18,1175,1310,761,2.55090354029607,4.43298919089297,3341.683637787841,0.03693672575754238,42434,5.998586372632174,9.264348317783432,256x256,65536,sparse,Otsu,1175,15,76,7048,35.67943475103342,0.8248842793448402,34.43469155079279,0.9912016740977371,0.06375274796327428,0.45483493938916475,3,1,0.12777777777777777,80,6854,36.654289409320754,0.8704557882845763,0.9945610705934398,36.10437117295744,0.3644937371043776,0.0642700116384327,276,29.03038055897749,0.6906527300287126,0.9728037703482241,23.278288502401047,0.5132477440400283,0.10578406169665809,-4.171622897470421,-0.30555967158289477,-4.325740482661274,-0.12225018151978906,False,nuclei_054
nuclei_055.png,0.9879394224699783,30.51663009408489,0.0772992585581322,0.27177328469343787,32.27575995467404,0.7138050316187404,7175,14,171,319,97,2.250199203187251,12.214285714285714,1255,1412,4296.121269915212,4.819728300295978,0.03310476767694262,-0.00679792286551506,0.005576649311773749,1823.6973285675049,14,171,-157,319,97,2.250199203187251,12.214285714285714,14,18,1255,1412,839,3.042578803056109,4.819728300295978,4296.121269915212,0.03310476767694262,42194,5.880696864111498,9.133937282229965,256x256,65536,sparse,Otsu,1255,14,77,7174,35.947498142024116,0.8287405036652722,34.79884591519454,0.9947373453354934,0.07172260924635845,0.5639507136784644,2,2,0.12698412698412698,81,6826,37.01064583470264,0.8757182763763787,0.9966097293650129,36.39854406711343,0.5852170883184187,0.07235592146928435,275,29.39526437452464,0.706734853347569,0.9790151219077143,22.243353040485015,0.7381543314196741,0.14407814407814407,-4.282215821109652,-0.2921774289850265,-3.67173818735008,-0.11493547204653176,False,nuclei_055
nuclei_056.png,0.9844060412845269,30.80412060351491,0.059453331653860686,0.19162342650614472,31.628524790864525,0.696558620696606,8122,18,190,364,112,2.2448398576512454,10.555555555555555,1405,1577,3968.2131292428744,4.53753506984575,0.04078095353355779,-0.008751901220055536,0.0021220277472143168,1811.861515045166,18,190,-172,364,112,2.2448398576512454,10.555555555555555,18,21,1405,1577,929,2.516305091466644,4.53753506984575,3968.2131292428744,0.04078095353355779,42422,5.223097759172617,8.068948534843635,256x256,65536,sparse,Otsu,1405,18,79,7873,35.85405216661356,0.8285447651910346,35.061469397425455,0.9931579425045824,0.05733130390664637,0.44010163343459796,3,4,0.1785714285714286,81,7160,36.96692492056181,0.8780577270745646,0.9955344618054575,36.578105852038114,0.597475775966364,0.05568239472349061,277,30.313553281974144,0.6996435066838346,0.9779965915760602,24.554207872390386,0.5934303402594009,0.104313824419778,-4.257348793910545,-0.24847820692845324,-4.225527375749039,-0.13198614449442858,False,nuclei_056
nuclei_057.png,0.9861464524648782,30.50350085087151,0.06210539878881587,0.21494382244817056,30.882706086832865,0.6571693156089492,8423,17,220,434,124,2.276378488767869,12.941176470588236,1469,1672,4075.214247093861,4.365553721917414,0.04438127251155893,-0.007931523854553313,0.0046251859952515795,1956.848382949829,17,220,-203,434,124,2.276378488767869,12.941176470588236,17,26,1469,1672,911,2.43732909515185,4.365553721917414,4075.214247093861,0.04438127251155893,43172,5.1254897304998215,7.780600736079782,256x256,65536,sparse,Otsu,1469,17,78,8262,35.080703733600195,0.8128492623126014,34.47328676701648,0.9940779763194315,0.05748021279356429,0.680180978183696,2,5,0.15497737556561086,80,7974,36.39167264288524,0.8758504645342036,0.995922176457923,35.987962566909445,0.5000930677240176,0.05812897366030881,248,28.117111698228708,0.6495231620362387,0.9766774793744838,22.499447530527434,0.9999997393272375,0.1536329678274491,-3.9697859161449713,-0.4652371557355255,-4.19799764676733,-0.15567994670365215,False,nuclei_057
nuclei_058.png,0.9874533271756151,29.610009089487296,0.08360938121107725,0.07945620098387951,30.13534874873095,0.5845434030692013,6526,20,212,423,127,2.405491024287223,10.6,947,1139,2408.7709195366156,3.274856496134177,0.0554412351767832,-0.005405215864600854,-0.20346390245268503,1019.1292762756348,20,212,-192,423,127,2.405491024287223,10.6,20,22,947,1139,397,2.1148120452472443,3.274856496134177,2408.7709195366156,0.0554412351767832,44378,6.800183879865155,10.042292368985596,256x256,65536,sparse,Otsu,947,20,66,6422,33.16480574487428,0.7450928324181694,32.582558162352754,0.9928585430402159,0.2870732836637623,0.20024494676916216,916,668,0.0,72,6522,34.1727065319327,0.8233776828323888,0.9950605343632706,33.750814472169125,0.17296274207057494,0.2809337102215738,343,30.986355811108602,0.5918363492951246,0.985849727910979,28.64717189434159,0.785618898573022,0.08278633623576691,-2.9725490728654584,-0.12078874578528265,-3.0294569961433275,-0.1605494293489681,False,nuclei_058
nuclei_059.png,0.9865104784998554,28.006774027290717,0.5998635122838945,0.32655808836623235,27.675381969979952,0.4595643169119413,7782,18,259,486,125,2.4326750448833034,14.38888888888889,1114,1355,2816.45803579092,3.0062719610263886,0.05557350637396551,-0.005597600392003965,0.3056794574723093,1145.437240600586,18,259,-241,486,125,2.4326750448833034,14.38888888888889,18,31,1114,1355,503,2.078566816081874,3.0062719610263886,2816.45803579092,0.05557350637396551,46719,6.003469545104086,8.421485479311231,256x256,65536,sparse,Otsu,1114,18,62,7609,30.900079851333636,0.7041395367344024,30.507975148319026,0.9921080788918594,0.29418405481158516,0.20763175929164035,1026,890,0.0,53,7264,31.892041853148584,0.7982257200396337,0.9934553130462155,31.113774278858703,0.17943382246276263,0.28683250686447276,278,28.064391189634673,0.4453789150415073,0.9797650536730697,26.00854517984866,0.9999461872430029,0.24298825492587126,-2.501201121028309,0.118926329074592,-3.224697881353684,-0.24457521982246117,False,nuclei_059
