subset,L,arm,n,bytes_mean,n_components_bias_pct,n_components_ccc,n_components_mdape,n_components_wins_vs_jpeg,n_components_p_vs_jpeg,total_length_px_bias_pct,total_length_px_ccc,total_length_px_mdape,total_length_px_wins_vs_jpeg,total_length_px_p_vs_jpeg,mean_width_px_bias_pct,mean_width_px_ccc,mean_width_px_mdape,mean_width_px_wins_vs_jpeg,mean_width_px_p_vs_jpeg,n_branches_bias_pct,n_branches_ccc,n_branches_mdape,n_branches_wins_vs_jpeg,n_branches_p_vs_jpeg,n_junctions_bias_pct,n_junctions_ccc,n_junctions_mdape,n_junctions_wins_vs_jpeg,n_junctions_p_vs_jpeg,cycle_rank_bias_pct,cycle_rank_ccc,cycle_rank_mdape,cycle_rank_wins_vs_jpeg,cycle_rank_p_vs_jpeg,junc_f1_3,junc_p3,junc_r3,end_f1_3,end_p3,end_r3,junc_f1_5,junc_p5,junc_r5,end_f1_5,end_p5,end_r5
all,0,GRAPH6,715,2216.0013986013987,-2.2022332506203477,0.7662579875867552,0.0,251/23,7.349172650712147e-41,-11.581629640341074,0.7238903807438488,10.01719858095854,216/499,4.994508903062753e-09,3.2214091431614205,0.868172156323048,2.90160282295009,517/192,8.178811576597669e-43,-44.34508153603367,0.24882754933962475,42.857142857142854,179/450,2.8706968023638835e-09,-66.51104886399004,0.2617652924513294,66.66666666666666,142/437,1.5124187146102064e-16,-44.75703324808184,0.507463960895947,50.0,141/46,2.1108219549193776e-12,0.41136776917060097,0.7126040626040626,0.31244772960939143,0.7401388826808339,0.8361030694247478,0.6715801169021092,0.4320830586657948,0.751008991008991,0.32745174520164233,0.8516158103117581,0.9639212264037439,0.7717585431580647
all,0,GRAPH7,715,172.34545454545454,-1.3647642679900747,0.8113150767378877,0.0,254/16,3.924559371727906e-42,-5.933105523401466,0.8425052980818143,4.911536750066859,357/358,1.3900624933967775e-05,4.909382091477877,0.8315310964687994,4.048042972742158,439/270,1.2771467513921084e-13,-27.617043661230934,0.47212897563076006,28.57142857142857,268/295,0.01848276726034068,-39.49579831932773,0.5131173985760817,50.0,237/258,0.11493639976147012,-36.57289002557545,0.514396643774902,50.0,144/54,1.0582243391887584e-10,0.5154960147539078,0.6908442567533476,0.4482292089737585,0.7584713961184795,0.8156466290510651,0.7155023116099347,0.5433066993297737,0.7319320578411488,0.47153313755123705,0.8676216328194489,0.93382666799043,0.8181032510456724
all,0,GRAPH7_eps0.5,715,195.30769230769232,-1.3647642679900747,0.8113150767378877,0.0,254/16,3.924559371727906e-42,-5.933105523401464,0.8425052980818143,4.911536750066859,357/358,1.3900624370492802e-05,4.845175457272514,0.8336814330249063,4.033467290778095,445/264,4.945944579274669e-15,-27.617043661230934,0.47212897563076006,28.57142857142857,268/295,0.01848276726034068,-39.49579831932773,0.5131173985760817,50.0,237/258,0.11493639976147012,-36.57289002557545,0.514396643774902,50.0,144/54,1.0582243391887584e-10,0.5154960147539078,0.6908442567533476,0.4482292089737585,0.7584713961184795,0.8156466290510651,0.7155023116099347,0.5433066993297737,0.7319320578411488,0.47153313755123705,0.8676216328194489,0.93382666799043,0.8181032510456724
all,0,GRAPH7_eps1.5,715,161.13986013986013,-1.3647642679900747,0.8113150767378877,0.0,254/16,3.924559371727906e-42,-5.933105523401466,0.8425052980818143,4.911536750066859,357/358,1.3900624933967775e-05,4.943062064097168,0.830862432262311,4.207020487894926,439/270,4.588757661933236e-13,-27.617043661230934,0.47212897563076006,28.57142857142857,268/295,0.01848276726034068,-39.49579831932773,0.5131173985760817,50.0,237/258,0.11493639976147012,-36.57289002557545,0.514396643774902,50.0,144/54,1.0582243391887584e-10,0.5154960147539078,0.6908442567533476,0.4482292089737585,0.7584713961184795,0.8156466290510651,0.7155023116099347,0.5433066993297737,0.7319320578411488,0.47153313755123705,0.8676216328194489,0.93382666799043,0.8181032510456724
all,0,GRAPH7_eps3.0,715,155.07552447552447,-1.3647642679900747,0.8113150767378877,0.0,254/16,3.924559371727906e-42,-5.933105523401466,0.8425052980818143,4.911536750066859,357/358,1.3900624933967775e-05,4.919433191823644,0.829992357596515,4.122820974034421,440/269,8.734966652708439e-14,-27.617043661230934,0.47212897563076006,28.57142857142857,268/295,0.01848276726034068,-39.49579831932773,0.5131173985760817,50.0,237/258,0.11493639976147012,-36.57289002557545,0.514396643774902,50.0,144/54,1.0582243391887584e-10,0.5154960147539078,0.6908442567533476,0.4482292089737585,0.7584713961184795,0.8156466290510651,0.7155023116099347,0.5433066993297737,0.7319320578411488,0.47153313755123705,0.8676216328194489,0.93382666799043,0.8181032510456724
all,0,GRAPH7p,715,180.1076923076923,-1.3647642679900747,0.8113150767378877,0.0,254/16,3.924559371727906e-42,-5.933105523401466,0.8425052980818143,4.911536750066859,357/358,1.3900624933967775e-05,19.939878701261346,0.3175729193053615,16.113610203026333,111/598,4.912517588457619e-90,-27.617043661230934,0.47212897563076006,28.57142857142857,268/295,0.01848276726034068,-39.49579831932773,0.5131173985760817,50.0,237/258,0.11493639976147012,-36.57289002557545,0.514396643774902,50.0,144/54,1.0582243391887584e-10,0.5154960147539078,0.6908442567533476,0.4482292089737585,0.7584713961184795,0.8156466290510651,0.7155023116099347,0.5433066993297737,0.7319320578411488,0.47153313755123705,0.8676216328194489,0.93382666799043,0.8181032510456724
all,0,JPEG,715,2147.7748251748253,68.98263027295286,-0.009225289928438303,0.0,,,22.8939576535244,-0.027772098975843,5.016065281152861,,,4.960027550681259,0.7915734177415154,5.054639942276186,,,37.296159915833776,-0.01727626264971775,27.27272727272727,,,22.533457827575475,0.021217475802183017,40.0,,,20.71611253196931,0.18334985055782038,50.0,,,0.4575198808218037,0.5293896769386164,0.47508623557985963,0.6070424125510637,0.6078512449788407,0.6454063770742526,0.49087335141025495,0.5642866914996915,0.5151011712817554,0.7312807452475322,0.730807075276753,0.782022235332006
all,0,JPEGq10,715,1263.3496503496503,283.6538461538462,0.0027617110732120324,50.0,124/443,1.328087921801772e-37,280.6030161468498,0.0022135654276907984,56.0900117572311,79/633,4.672750424519988e-84,20.32473589196367,0.16168371102817022,19.26780086763773,46/660,1.053520472175919e-107,503.18779589689643,0.0006579146132157111,178.57142857142858,111/575,3.4221668027008217e-75,630.5010893246188,0.0019539210755244838,277.77777777777777,94/575,5.543632452189521e-83,854.2199488491049,0.0006313477262737408,100.0,77/454,4.2731512032280485e-67,0.20739487034048457,0.16216563695509706,0.4826813469450244,0.2536634757929225,0.21637509155171872,0.3769064406465627,0.2521980672326214,0.19636954275669205,0.593765103674606,0.362505332632752,0.30690424888418727,0.5475287859991469
all,0,JPEGq20,715,1607.5510489510489,430.893300248139,0.0006292807257092822,100.0,84/479,6.402394546696714e-59,189.96761099535783,-0.008980921039760217,36.54453495695702,122/579,3.6500375569939e-77,5.8877148025616854,0.5876163345709235,6.706851959106758,224/472,2.2661649312779327e-23,346.3861125723303,-0.004902706674571204,100.0,141/503,6.236726625181872e-60,306.3803299097417,-0.0027475398884771224,100.0,144/449,2.0691138086064037e-50,301.02301790281325,0.006880397422709565,66.66666666666666,90/285,8.581994232113297e-32,0.3141278478157135,0.2999761227604361,0.4772384642643795,0.35317621339456284,0.31006807278448717,0.5305278796356218,0.344285867303373,0.3265801303862251,0.542307471768599,0.44123804829354957,0.38534789252592805,0.6778511739666994
all,0,JPEGq30,715,2578.851748251748,7.133995037220844,0.1629563668744435,0.0,220/57,1.379137598785377e-25,-0.6819222729685911,0.6596421347228207,4.025571635287047,379/299,8.832531642049075e-11,4.766452794436909,0.8217574924230986,4.328026502255044,402/272,1.1142856083039675e-06,-10.836401893740137,0.3567170053929139,26.31578947368421,269/235,0.00010130141870982797,-18.549642079053847,0.46466067209883094,42.857142857142854,231/222,0.009839978329665976,-19.437340153452684,0.45304403003489985,50.0,123/70,7.433838456698553e-05,0.4765471051849279,0.5742629978458855,0.4626346467646344,0.6821202405866053,0.7043054333181983,0.6759132808935252,0.5071043380301937,0.608889108514777,0.4938820097129435,0.8094364837619865,0.8345293611109765,0.8040410109795137
all,0,JPEGq5,715,1179.462937062937,96.80521091811416,0.00021036054091086128,20.0,174/301,6.578485002292216e-05,224.18870703333587,-0.0004845239734586547,33.157548675819264,136/573,1.1816232925126888e-63,24.37701920774266,0.10519445253948033,22.73945634939965,42/662,7.838310608708477e-110,406.79642293529724,0.0018116502499432865,115.78947368421053,126/565,1.1806215709125045e-68,629.287270463741,0.0001818059181921297,200.0,97/566,1.2655854121323455e-79,1507.4168797953962,-0.00046595857858254433,100.0,79/448,2.5205669828326275e-63,0.19527881792956717,0.15242946806652719,0.40870714709669864,0.2550062117136875,0.22537917120929557,0.31946968534435244,0.2530080279687428,0.19505198142090097,0.5477350486708775,0.4030395637624507,0.35562717843001934,0.5094236222148171
all,0,JPEGq50,715,4783.812587412587,-1.08560794044665,0.7854901615788394,0.0,255/20,7.131361842317881e-42,-5.405258709286573,0.8201987815969461,4.119196000990584,397/316,1.1262133798251746e-10,4.303180646793782,0.8265633711175111,3.8963677007313327,459/250,1.5388527006167095e-20,-24.544976328248293,0.5000282804837428,25.0,291/265,6.169551243611416e-05,-35.20074696545285,0.5349981231491389,42.857142857142854,256/231,0.0025148371631466045,-31.457800511508943,0.501191277271772,58.33333333333333,134/63,8.749010641118743e-08,0.5119686768666537,0.6605200355200356,0.45706069331737775,0.7402908431020545,0.7878563155651856,0.7043195801398512,0.5438629770476022,0.7027328227328227,0.4854048691379008,0.857909569123066,0.914375115732257,0.8158067322861428
all,0,JPEGq75,715,9206.188811188811,0.0620347394540943,0.7745532054435154,0.0,252/18,3.0807606864536677e-41,-5.591779820709092,0.8614509223845747,4.4370719311033096,376/339,1.7882250209423922e-07,4.988891998813324,0.835955571401657,4.341470096445012,429/280,9.942210884466613e-11,-26.596528143082587,0.4955657169264352,26.666666666666668,263/281,0.0008190282017980494,-38.93557422969188,0.5247725332267964,44.44444444444444,232/245,0.017141234394752458,-35.03836317135549,0.5410808088338239,50.0,138/55,7.9811464461348e-11,0.5238483334464554,0.6911864398228035,0.4578453787174478,0.757687635425158,0.812144723590414,0.7161641393480143,0.549269267193116,0.7265727202090837,0.4794148956304447,0.8671059688806896,0.9292882766498238,0.819793343310198
all,0,PRE7,715,,-1.3647642679900747,0.8113150767378877,0.0,254/16,3.924559371727906e-42,-5.9854356100836865,0.8418936554645485,4.92882688309888,356/358,2.5764403782654176e-05,4.9674292212452755,0.8309356316389382,4.182151097077442,439/270,1.021909254917312e-12,-27.617043661230934,0.47212897563076006,28.57142857142857,268/295,0.01848276726034068,-39.49579831932773,0.5131173985760817,50.0,237/258,0.11493639976147012,-36.57289002557545,0.514396643774902,50.0,144/54,1.0582243391887584e-10,0.5154960147539078,0.6908442567533476,0.4482292089737585,0.7584713961184795,0.8156466290510651,0.7155023116099347,0.5433066993297737,0.7319320578411488,0.47153313755123705,0.8676216328194489,0.93382666799043,0.8181032510456724
all,0,SEG,715,365.8195804195804,-1.3647642679900747,0.8113150767378877,0.0,254/16,3.924559371727906e-42,-6.014121400930391,0.8411939697922176,4.970305246492922,357/358,3.725374546032151e-05,5.0282708279944375,0.829372555145691,4.197761700361795,430/279,4.836891362258986e-13,-27.617043661230934,0.47212897563076006,28.57142857142857,268/295,0.01848276726034068,-39.49579831932773,0.5131173985760817,50.0,237/258,0.11493639976147012,-36.57289002557545,0.514396643774902,50.0,144/54,1.0582243391887584e-10,0.5143093226581249,0.6890960050050958,0.4473301080746576,0.7584713961184795,0.8156466290510651,0.7155023116099347,0.5433066993297737,0.7319320578411488,0.47153313755123705,0.8676216328194489,0.93382666799043,0.8181032510456724
all,2,GRAPH6,715,2216.0013986013987,-2.2022332506203477,0.7662579875867552,0.0,251/23,7.349172650712147e-41,-11.21882130846974,0.7314421019363734,9.585402896434372,221/494,1.1442424184603124e-07,3.1018361916775934,0.8704753401744414,2.8390769334995998,519/190,1.1529993830630867e-42,-37.299988147445774,0.32552511557196484,33.33333333333333,219/388,0.028678041886755722,-60.38291605301915,0.33262195226329044,60.0,174/384,1.0291738301110117e-06,-44.75703324808184,0.507463960895947,50.0,141/46,2.1108219549193776e-12,0.4752083954448153,0.7291541791541791,0.38267164847584434,0.7541950879627382,0.8236723028331421,0.702439019000105,0.5006172212732216,0.7698901098901099,0.4023237640370508,0.8753511163346601,0.9581321514538299,0.8140957833244957
all,2,GRAPH7,715,172.34545454545454,-1.3647642679900747,0.8113150767378877,0.0,254/16,3.924559371727906e-42,-5.61459155389202,0.8458316765779776,4.380874636935679,370/345,1.4865216101359027e-07,4.78270212752995,0.8347345494548438,4.002638486190754,442/267,3.385492246762584e-14,-20.421950930425506,0.5739073056244985,22.22222222222222,302/234,4.786057902587811e-10,-31.369661266568485,0.598630584347644,40.0,252/203,1.203466865686426e-07,-36.57289002557545,0.514396643774902,50.0,144/54,1.0582243391887584e-10,0.5711998015792209,0.7019561751379934,0.5244891355730517,0.7716095626983953,0.8074073115969455,0.7446982626816029,0.6008656804548683,0.7427936709754891,0.5500564470494541,0.8892867432144651,0.9317672336347778,0.8575449301601092
all,2,GRAPH7_eps0.5,715,195.30769230769232,-1.3647642679900747,0.8113150767378877,0.0,254/16,3.924559371727906e-42,-5.61459155389202,0.8458316765779776,4.380874636935679,370/345,1.4865216101359027e-07,4.71825220282269,0.8368620266291521,3.9749186085967154,445/264,1.3600160994447885e-15,-20.421950930425506,0.5739073056244985,22.22222222222222,302/234,4.786057902587811e-10,-31.369661266568485,0.598630584347644,40.0,252/203,1.203466865686426e-07,-36.57289002557545,0.514396643774902,50.0,144/54,1.0582243391887584e-10,0.5711998015792209,0.7019561751379934,0.5244891355730517,0.7716095626983953,0.8074073115969455,0.7446982626816029,0.6008656804548683,0.7427936709754891,0.5500564470494541,0.8892867432144651,0.9317672336347778,0.8575449301601092
all,2,GRAPH7_eps1.5,715,161.13986013986013,-1.3647642679900747,0.8113150767378877,0.0,254/16,3.924559371727906e-42,-5.61459155389202,0.8458316765779776,4.380874636935679,370/345,1.4865216101359027e-07,4.816474237992686,0.8340481127969773,4.095309738907687,441/268,1.0036854687869064e-13,-20.421950930425506,0.5739073056244985,22.22222222222222,302/234,4.786057902587811e-10,-31.369661266568485,0.598630584347644,40.0,252/203,1.203466865686426e-07,-36.57289002557545,0.514396643774902,50.0,144/54,1.0582243391887584e-10,0.5711998015792209,0.7019561751379934,0.5244891355730517,0.7716095626983953,0.8074073115969455,0.7446982626816029,0.6008656804548683,0.7427936709754891,0.5500564470494541,0.8892867432144651,0.9317672336347778,0.8575449301601092
all,2,GRAPH7_eps3.0,715,155.07552447552447,-1.3647642679900747,0.8113150767378877,0.0,254/16,3.924559371727906e-42,-5.614591553892021,0.8458316765779776,4.380874636935679,370/345,1.4865216101359027e-07,4.792841905596063,0.8330851945624418,4.024316096855373,445/264,1.8250107437009164e-14,-20.421950930425506,0.5739073056244985,22.22222222222222,302/234,4.786057902587811e-10,-31.369661266568485,0.598630584347644,40.0,252/203,1.203466865686426e-07,-36.57289002557545,0.514396643774902,50.0,144/54,1.0582243391887584e-10,0.5711998015792209,0.7019561751379934,0.5244891355730517,0.7716095626983953,0.8074073115969455,0.7446982626816029,0.6008656804548683,0.7427936709754891,0.5500564470494541,0.8892867432144651,0.9317672336347778,0.8575449301601092
all,2,GRAPH7p,715,180.1076923076923,-1.3647642679900747,0.8113150767378877,0.0,254/16,3.924559371727906e-42,-5.61459155389202,0.8458316765779776,4.380874636935679,370/345,1.4865216101359027e-07,19.75178266788858,0.31947692163606495,15.79544269099172,110/599,4.716733525453956e-90,-20.421950930425506,0.5739073056244985,22.22222222222222,302/234,4.786057902587811e-10,-31.369661266568485,0.598630584347644,40.0,252/203,1.203466865686426e-07,-36.57289002557545,0.514396643774902,50.0,144/54,1.0582243391887584e-10,0.5711998015792209,0.7019561751379934,0.5244891355730517,0.7716095626983953,0.8074073115969455,0.7446982626816029,0.6008656804548683,0.7427936709754891,0.5500564470494541,0.8892867432144651,0.9317672336347778,0.8575449301601092
all,2,JPEG,715,2147.7748251748253,68.98263027295286,-0.009225289928438303,0.0,,,23.208368056896013,-0.02776980776767573,4.9227840403931,,,4.844218942677002,0.794832890070855,4.902008771613756,,,49.12883726443049,-0.017662624571018526,25.0,,,37.00294550810015,0.021891620703893645,40.0,,,20.71611253196931,0.18334985055782038,50.0,,,0.49106865569602676,0.5352209298349436,0.5347584466815236,0.615095429199577,0.60243636751909,0.6678379633758079,0.5233405037876295,0.567927172385081,0.5752021948525445,0.7462031628615287,0.7293711904254899,0.8147938943455193
all,2,JPEGq10,715,1263.3496503496503,283.6538461538462,0.0027617110732120324,50.0,124/443,1.328087921801772e-37,281.40113397021776,0.0022641824695392985,55.93185974595804,79/633,3.8647697674990447e-84,20.239819000507538,0.1624978338507346,19.205661708803845,45/661,7.887730291656258e-108,555.0669669313737,0.0009788411915055218,205.88235294117646,92/600,1.6846734729022003e-81,728.5346097201767,0.0020240041442100383,300.0,76/601,9.634069440307276e-90,854.2199488491049,0.0006313477262737408,100.0,77/454,4.2731512032280485e-67,0.21334480545749673,0.1616299345047511,0.5295026418802642,0.25571708811742466,0.21498676399548255,0.38583934142551995,0.255368083040907,0.19294119796718676,0.6403252691364579,0.36909164501857705,0.3080046249916147,0.5655393738991025
all,2,JPEGq20,715,1607.5510489510489,430.893300248139,0.0006292807257092822,100.0,84/479,6.402394546696714e-59,190.6017785586514,-0.008982640409273091,36.38935454836676,122/579,6.84031414520403e-78,5.7788895978143255,0.5918087262619288,6.63134667405107,227/469,1.688488698362169e-23,386.15621666469127,-0.0041650506059366195,112.5,123/518,1.566961010076072e-66,356.25920471281296,-0.0012091007659087059,100.0,127/463,1.5971918588842724e-58,301.02301790281325,0.006880397422709565,66.66666666666666,90/285,8.581994232113297e-32,0.3284050961905088,0.2988358353348687,0.5261987740309418,0.3564837568824083,0.307740724432584,0.5473408593554624,0.35773353691427023,0.3242054684580971,0.592353796164985,0.4487269438689398,0.38559136800569604,0.7040931311478411
all,2,JPEGq30,715,2578.851748251748,7.133995037220844,0.1629563668744435,0.0,220/57,1.379137598785377e-25,-0.3714599877527518,0.6591783720702042,4.048094707773169,393/285,3.611785021678048e-12,4.652252426849668,0.8249756010799097,4.222296769396987,404/270,7.535517870480877e-07,-2.489036387341472,0.3641773082837467,23.076923076923077,288/211,2.6140015359094598e-08,-7.879234167893961,0.49509761450462486,40.0,252/199,2.5564198404545632e-05,-19.437340153452684,0.45304403003489985,50.0,123/70,7.433838456698553e-05,0.5174753049025063,0.5828498638114022,0.5263402836479759,0.6941335520671098,0.6995204001362734,0.7027867426006053,0.5503580532327637,0.618163212079296,0.56179003591591,0.8287863211732607,0.8342258262013396,0.8411710370163683
all,2,JPEGq5,715,1179.462937062937,96.80521091811416,0.00021036054091086128,20.0,174/301,6.578485002292216e-05,224.78635639057137,-0.0005496465562526607,33.157548675819264,135/574,5.282427415013277e-64,24.302958584899336,0.10572982636107546,22.6742488114441,40/664,5.724751665695869e-110,446.45016000948203,0.0004597663640383486,133.33333333333331,96/590,1.159697884636621e-74,726.5463917525773,-0.0009052766859405767,233.33333333333334,71/588,3.6130560916784535e-85,1507.4168797953962,-0.00046595857858254433,100.0,79/448,2.5205669828326275e-63,0.20105140435246419,0.15267265087654608,0.44800861531630765,0.25719629028317853,0.2247240995375388,0.3254584144773367,0.2558918398564052,0.1918540887764993,0.5882429575086918,0.4101435870935807,0.35792973585858046,0.5228683523387349
all,2,JPEGq50,715,4783.812587412587,-1.08560794044665,0.7854901615788394,0.0,255/20,7.131361842317881e-42,-5.101964014234267,0.8229338650053254,4.021830754460559,403/311,8.882797280966013e-13,4.186371342667224,0.8291759162917085,3.7972027106910327,461/248,8.203312806302267e-21,-17.494370036742918,0.6005089834047027,22.22222222222222,323/212,4.885243138455743e-13,-26.87776141384389,0.623474185015235,33.33333333333333,272/186,3.611260145766794e-10,-31.457800511508943,0.501191277271772,58.33333333333333,134/63,8.749010641118743e-08,0.5617389658942984,0.6706939525121344,0.5264140637916862,0.7529879598466804,0.7816713097451478,0.7318666863782044,0.5942926035215466,0.7108754376936196,0.5567177500044633,0.8775820228081657,0.9118821662363414,0.8525870289270124
all,2,JPEGq75,715,9206.188811188811,0.0620347394540943,0.7745532054435154,0.0,252/18,3.0807606864536677e-41,-5.26266389118823,0.8650814514396163,4.225383634306272,383/332,1.0384871587317877e-09,4.874351283642941,0.8391120471405499,4.200915100717246,432/277,3.678442464391365e-11,-19.09446485717672,0.599549246032668,22.22222222222222,311/227,9.195767277348921e-12,-30.265095729013254,0.6059059730830277,40.0,264/200,3.565331995125217e-08,-35.03836317135549,0.5410808088338239,50.0,138/55,7.9811464461348e-11,0.5761073878433132,0.7001037851037851,0.5305864570549885,0.7713989117755162,0.8046988983566415,0.7459551738768111,0.6029192598090095,0.7338333888333888,0.5552474526250749,0.8889372730421915,0.9273768966316975,0.8596623620677508
all,2,PRE7,715,,-1.3647642679900747,0.8113150767378877,0.0,254/16,3.924559371727906e-42,-5.663802372728676,0.845291830650997,4.4873005540182636,373/341,2.8470091248213335e-07,4.8412382261964195,0.8341328206352546,3.987910495303105,439/270,2.846301003794084e-13,-20.421950930425506,0.5739073056244985,22.22222222222222,302/234,4.786057902587811e-10,-31.369661266568485,0.598630584347644,40.0,252/203,1.203466865686426e-07,-36.57289002557545,0.514396643774902,50.0,144/54,1.0582243391887584e-10,0.5711998015792209,0.7019561751379934,0.5244891355730517,0.7716095626983953,0.8074073115969455,0.7446982626816029,0.6008656804548683,0.7427936709754891,0.5500564470494541,0.8892867432144651,0.9317672336347778,0.8575449301601092
all,2,SEG,715,365.8195804195804,-1.3647642679900747,0.8113150767378877,0.0,254/16,3.924559371727906e-42,-5.694988557984603,0.8446037303845457,4.519715613733111,373/342,4.968594008708312e-07,4.903860596951355,0.8324514408880583,4.043094982233933,431/278,1.2354725380215327e-13,-20.469361147327245,0.5742329449668452,22.22222222222222,300/234,4.217956440321574e-10,-31.369661266568485,0.598630584347644,40.0,252/203,1.203466865686426e-07,-36.57289002557545,0.514396643774902,50.0,144/54,1.0582243391887584e-10,0.5695469090172375,0.7002079233897416,0.5228907339746501,0.7714185178757714,0.8074170182849738,0.7443430623264026,0.6008656804548683,0.7427936709754891,0.5500564470494541,0.8891486551816401,0.931894379216469,0.8571897298049088
all,5,GRAPH6,715,2216.0013986013987,-2.2022332506203477,0.7662579875867552,0.0,251/23,7.349172650712147e-41,-8.432791912085882,0.7925331337193893,7.013694320729412,300/415,0.9486233377805116,2.638053745347173,0.8816375548034059,2.5709813318810317,505/204,3.153128812687924e-40,-17.469502658742574,0.6556857400577534,15.384615384615385,329/197,4.613479821229644e-16,-38.434982738780214,0.6021937331889475,42.857142857142854,241/202,0.000220114598898196,-44.75703324808184,0.507463960895947,50.0,141/46,2.1108219549193776e-12,0.6566813857105918,0.7853080253080255,0.6046911169638443,0.7998926532716522,0.8183625426632418,0.787205087065227,0.6868768778641259,0.8245987345987347,0.6310381033108305,0.917378079445478,0.939539535833242,0.9021324790205908
all,5,GRAPH7,715,172.34545454545454,-1.3647642679900747,0.8113150767378877,0.0,254/16,3.924559371727906e-42,-3.818167018060045,0.8692072983959058,3.054018367979839,442/273,1.1356147063421335e-25,4.175989993748078,0.8532822657339538,3.495402410679783,453/256,2.8940010745372026e-17,-10.071942446043165,0.7561379957685047,12.5,336/130,2.720532932445537e-29,-19.85040276179517,0.7375064172364519,33.33333333333333,252/128,8.520818383788904e-15,-36.57289002557545,0.514396643774902,50.0,144/54,1.0582243391887584e-10,0.6925437851147436,0.7576268176268176,0.6811631297994934,0.8030488311631674,0.8128737055485306,0.797333358172519,0.7169613683085505,0.7884559884559885,0.7033725870089507,0.9222545960636087,0.9346869486379975,0.9149270038430879
all,5,GRAPH7_eps0.5,715,195.30769230769232,-1.3647642679900747,0.8113150767378877,0.0,254/16,3.924559371727906e-42,-3.8181670180600435,0.8692072983959058,3.0540183679798254,442/273,1.1345293825071497e-25,4.10855300735693,0.8554327049700846,3.5390152453696846,446/263,2.8038208090473122e-18,-10.071942446043165,0.7561379957685047,12.5,336/130,2.720532932445537e-29,-19.85040276179517,0.7375064172364519,33.33333333333333,252/128,8.520818383788904e-15,-36.57289002557545,0.514396643774902,50.0,144/54,1.0582243391887584e-10,0.6925437851147436,0.7576268176268176,0.6811631297994934,0.8030488311631674,0.8128737055485306,0.797333358172519,0.7169613683085505,0.7884559884559885,0.7033725870089507,0.9222545960636087,0.9346869486379975,0.9149270038430879
all,5,GRAPH7_eps1.5,715,161.13986013986013,-1.3647642679900747,0.8113150767378877,0.0,254/16,3.924559371727906e-42,-3.818167018060045,0.8692072983959058,3.054018367979839,442/273,1.1356147063421335e-25,4.216132482935055,0.852362461749865,3.4951355292772974,448/261,9.351705774941788e-17,-10.071942446043165,0.7561379957685047,12.5,336/130,2.720532932445537e-29,-19.85040276179517,0.7375064172364519,33.33333333333333,252/128,8.520818383788904e-15,-36.57289002557545,0.514396643774902,50.0,144/54,1.0582243391887584e-10,0.6925437851147436,0.7576268176268176,0.6811631297994934,0.8030488311631674,0.8128737055485306,0.797333358172519,0.7169613683085505,0.7884559884559885,0.7033725870089507,0.9222545960636087,0.9346869486379975,0.9149270038430879
all,5,GRAPH7_eps3.0,715,155.07552447552447,-1.3647642679900747,0.8113150767378877,0.0,254/16,3.924559371727906e-42,-3.818167018060045,0.8692072983959057,3.054018367979839,442/273,1.1356147063421335e-25,4.195976429650109,0.8513316640685842,3.583100789303315,447/262,3.265597980807461e-17,-10.071942446043165,0.7561379957685047,12.5,336/130,2.720532932445537e-29,-19.85040276179517,0.7375064172364519,33.33333333333333,252/128,8.520818383788904e-15,-36.57289002557545,0.514396643774902,50.0,144/54,1.0582243391887584e-10,0.6925437851147436,0.7576268176268176,0.6811631297994934,0.8030488311631674,0.8128737055485306,0.797333358172519,0.7169613683085505,0.7884559884559885,0.7033725870089507,0.9222545960636087,0.9346869486379975,0.9149270038430879
all,5,GRAPH7p,715,180.1076923076923,-1.3647642679900747,0.8113150767378877,0.0,254/16,3.924559371727906e-42,-3.818167018060045,0.8692072983959058,3.054018367979839,442/273,1.1356147063421335e-25,18.778627835793344,0.3363402964867652,14.926397436163105,116/593,7.507279698871742e-89,-10.071942446043165,0.7561379957685047,12.5,336/130,2.720532932445537e-29,-19.85040276179517,0.7375064172364519,33.33333333333333,252/128,8.520818383788904e-15,-36.57289002557545,0.514396643774902,50.0,144/54,1.0582243391887584e-10,0.6925437851147436,0.7576268176268176,0.6811631297994934,0.8030488311631674,0.8128737055485306,0.797333358172519,0.7169613683085505,0.7884559884559885,0.7033725870089507,0.9222545960636087,0.9346869486379975,0.9149270038430879
all,5,JPEG,715,2147.7748251748253,68.98263027295286,-0.009225289928438303,0.0,,,24.164307082017626,-0.02511184537060016,4.788434911165643,,,4.337725513986823,0.8092588827284362,4.640156247741476,,,58.9302471066625,-0.01296433336076173,22.22222222222222,,,45.45454545454545,0.060952102204830966,33.33333333333333,,,20.71611253196931,0.18334985055782038,50.0,,,0.5807232508153425,0.5962886459610828,0.640710249346613,0.6282971947882323,0.6032971859117789,0.6921320831460691,0.6104334473786859,0.6263115012180517,0.6761181747545384,0.7668064729484235,0.7357015830669351,0.8478606785599793
all,5,JPEGq10,715,1263.3496503496503,283.6538461538462,0.0027617110732120324,50.0,124/443,1.328087921801772e-37,285.36332755047476,0.0022678388696263435,55.57936758943105,81/630,3.0661315602772805e-84,19.828689624946986,0.166459512078005,18.8521212350357,45/661,6.406504530051971e-108,640.7882389740382,0.0012264867804722443,211.11111111111111,84/609,1.3971408631088234e-83,971.4039125431532,0.0019880186826733612,307.1428571428571,56/603,3.2307088181495042e-93,854.2199488491049,0.0006313477262737408,100.0,77/454,4.2731512032280485e-67,0.2180991119564766,0.16425088435831028,0.5575289861653498,0.25410288848051765,0.2158959417685364,0.3730007327559775,0.2532459412142432,0.19007331151804271,0.656750925841835,0.3666304239041538,0.31022063770277053,0.5432120870582409
all,5,JPEGq20,715,1607.5510489510489,430.893300248139,0.0006292807257092822,100.0,84/479,6.402394546696714e-59,191.06471642256685,-0.00867582474740031,37.30125972282562,108/593,1.4435840992745213e-80,5.430873096830885,0.6014937760369428,6.437165653455655,209/487,2.473239098343389e-28,423.7253675320613,-0.003816012926674188,125.0,97/546,1.1866269183884274e-74,401.0932105868815,0.0012406112017063398,100.0,102/457,9.54409596533415e-62,301.02301790281325,0.006880397422709565,66.66666666666666,90/285,8.581994232113297e-32,0.38380183346753177,0.34288014913800285,0.6094231526049708,0.3580606230002673,0.30527108800970715,0.5540345901185062,0.4119687596813794,0.3685682367194495,0.6638304120122301,0.45411375957595695,0.3858056513132433,0.7141263786718333
all,5,JPEGq30,715,2578.851748251748,7.133995037220844,0.1629563668744435,0.0,220/57,1.379137598785377e-25,0.8081727852646184,0.6837372728620567,3.3132351917455463,414/261,1.9638422323461122e-19,4.128782628348366,0.8399091121462835,3.8979140920227353,390/284,1.074825863433131e-06,3.0497341257428836,0.5061762718076472,16.666666666666664,290/151,6.830251889504236e-18,-2.3590333716916,0.6481569549242275,33.33333333333333,223/146,2.2669160889882267e-08,-19.437340153452684,0.45304403003489985,50.0,123/70,7.433838456698553e-05,0.6298952350629157,0.6654802268438632,0.6567147498965681,0.7125661693460152,0.7041944542073861,0.7321688024485227,0.6635543886521392,0.7000906164542529,0.6934746566564749,0.8543601941600634,0.8439998825667921,0.8790589674505758
all,5,JPEGq5,715,1179.462937062937,96.80521091811416,0.00021036054091086128,20.0,174/301,6.578485002292216e-05,228.81881839990479,-0.0001161649447718654,32.98790397438614,131/578,2.415639701659007e-64,23.840275859153298,0.11034675409545777,22.441965073864985,40/664,1.9030477513734112e-110,522.4898342195808,0.0015460596526118162,135.71428571428572,94/586,1.0066547899927754e-73,1012.8308400460301,0.0004420054580597962,266.66666666666663,63/589,3.176476543186654e-88,1507.4168797953962,-0.00046595857858254433,100.0,79/448,2.5205669828326275e-63,0.20755524340999174,0.16056935254686122,0.4769954792682065,0.258666752241178,0.23265875241685016,0.31272884458199146,0.2558764822758647,0.19652682530735835,0.5978896860715043,0.4134398779690922,0.37190852030268834,0.5019437283772947
all,5,JPEGq50,715,4783.812587412587,-1.08560794044665,0.7854901615788394,0.0,255/20,7.131361842317881e-42,-3.4829867183709573,0.8425527414011281,2.8756041865104343,461/253,1.699163130676033e-30,3.5990091651453087,0.8461391118979766,3.38641295070416,454/255,5.0700035259577886e-20,-8.36721926806381,0.7789251613499291,12.5,348/139,6.941827059080231e-33,-16.915995397008057,0.7592168678627562,33.33333333333333,257/135,1.0293973985497739e-16,-31.457800511508943,0.501191277271772,58.33333333333333,134/63,8.749010641118743e-08,0.679912666975604,0.7325369075369076,0.6754482890846527,0.7799549144738359,0.7871440680531591,0.776958794895858,0.7084387174596966,0.7628965478965478,0.7034269770633407,0.9121738151608697,0.9212885017080822,0.9081078168141106
all,5,JPEGq75,715,9206.188811188811,0.0620347394540943,0.7745532054435154,0.0,252/18,3.0807606864536677e-41,-3.5098510890343886,0.8889629024113215,2.8716423723324382,475/240,2.067346070825583e-32,4.256744983870895,0.8592178630505228,3.6885279334547905,436/273,8.17050313463996e-14,-9.16484203941195,0.7816915321424246,12.5,338/134,4.43927158823792e-32,-19.677790563866516,0.7537959461850494,33.33333333333333,264/127,6.797732609868132e-17,-35.03836317135549,0.5410808088338239,50.0,138/55,7.9811464461348e-11,0.6942625364488796,0.7594239094239094,0.6798377884741521,0.7975482568193949,0.8057030398186301,0.7929647974403219,0.7195298254923923,0.7887767787767787,0.7041434827798464,0.9194837305285593,0.9292138433119511,0.9139989303625669
all,5,PRE7,715,,-1.3647642679900747,0.8113150767378877,0.0,254/16,3.924559371727906e-42,-3.8563160841084225,0.8689450365045316,3.040062745967614,440/273,1.7717678978799762e-25,4.233644396246693,0.8527998588348783,3.5467238548938718,441/268,2.485632819330089e-16,-10.071942446043165,0.7561379957685047,12.5,336/130,2.720532932445537e-29,-19.85040276179517,0.7375064172364519,33.33333333333333,252/128,8.520818383788904e-15,-36.57289002557545,0.514396643774902,50.0,144/54,1.0582243391887584e-10,0.6925437851147436,0.7576268176268176,0.6811631297994934,0.8030488311631674,0.8128737055485306,0.797333358172519,0.7169613683085505,0.7884559884559885,0.7033725870089507,0.9222545960636087,0.9346869486379975,0.9149270038430879
all,5,SEG,715,365.8195804195804,-1.3647642679900747,0.8113150767378877,0.0,254/16,3.924559371727906e-42,-3.8795722034949587,0.8683687121015922,3.040062745967614,440/274,3.026936110518213e-25,4.293125088438678,0.8513541252917312,3.6778862977895432,447/262,1.069593551599975e-16,-10.071942446043165,0.7561379957685047,12.5,336/130,2.720532932445537e-29,-19.85040276179517,0.7375064172364519,33.33333333333333,252/128,8.520818383788904e-15,-36.57289002557545,0.514396643774902,50.0,144/54,1.0582243391887584e-10,0.6920775846485432,0.7571606171606172,0.6806969293332931,0.8030488311631674,0.8128737055485306,0.797333358172519,0.7169613683085505,0.7884559884559885,0.7033725870089507,0.9222545960636087,0.9346869486379975,0.9149270038430879
all,10,GRAPH6,715,2216.0013986013987,-2.2022332506203477,0.7662579875867552,0.0,251/23,7.349172650712147e-41,-7.899590557809395,0.7989231172971186,6.3916679552230375,292/423,0.17103186723439356,2.461200489742284,0.8837286269919273,2.65180383691812,504/205,1.737964198402369e-40,-17.36516034985423,0.6249252608837862,12.5,266/190,4.5879637927956e-11,-42.779922779922785,0.5780145821648905,50.0,180/185,0.3510769437134931,-44.75703324808184,0.507463960895947,50.0,141/46,2.1108219549193776e-12,0.6598283534647171,0.7652547452547452,0.6161871461871461,0.7942315146600659,0.8120573831762643,0.7821686316791211,0.6823058759422396,0.7949750249750249,0.6356643356643357,0.9107102224086224,0.9315158074248984,0.8965141618288471
all,10,GRAPH7,715,172.34545454545454,-1.3647642679900747,0.8113150767378877,0.0,254/16,3.924559371727906e-42,-3.6911195290594403,0.8695114874234572,3.1940667039611603,427/288,2.2636756649647867e-16,3.855126759243987,0.8628595085183929,3.2649613381980824,468/241,9.540119377108462e-23,-11.00583090379009,0.7251256221923662,9.090909090909092,294/131,2.0176002435938704e-22,-25.945945945945944,0.6986264867614641,33.33333333333333,194/120,9.351152895269156e-07,-36.57289002557545,0.514396643774902,50.0,144/54,1.0582243391887584e-10,0.7020825949497278,0.7634132534132535,0.6867671217671217,0.797248641958667,0.8065988479275191,0.7918749432385797,0.7187060026220865,0.7847885447885448,0.7011211011211012,0.9142865514704666,0.9256647393011028,0.9076565586705447
all,10,GRAPH7_eps0.5,715,195.30769230769232,-1.3647642679900747,0.8113150767378877,0.0,254/16,3.924559371727906e-42,-3.691119529059439,0.8695261386243551,3.1940667039611603,426/289,3.5790745685973766e-16,3.7920115633458766,0.8650994557321992,3.339900020136329,460/249,1.7026093998630838e-23,-11.00583090379009,0.7254424961869067,9.090909090909092,294/131,2.3867754391262785e-22,-25.945945945945944,0.6985712270519718,33.33333333333333,193/119,9.929431904629258e-07,-36.57289002557545,0.514396643774902,50.0,144/54,1.0582243391887584e-10,0.701290054157187,0.7631801531801531,0.685951270951271,0.7971150404978344,0.8064473327760041,0.7917456785638606,0.7179134618295456,0.7845554445554445,0.7003052503052504,0.9141447710540865,0.9254937991301628,0.9075272939958255
all,10,GRAPH7_eps1.5,715,161.13986013986013,-1.3647642679900747,0.8113150767378877,0.0,254/16,3.924559371727906e-42,-3.685399964937283,0.8696696147724003,3.1940667039611603,427/288,2.052319084993995e-16,3.889906748647798,0.8619545741488676,3.27921303957695,459/250,1.6522840799345911e-22,-10.96938775510204,0.7278525549809257,9.090909090909092,294/131,1.2500701276879842e-22,-25.868725868725868,0.7007661899755635,33.33333333333333,194/119,7.544903706271097e-07,-36.57289002557545,0.514396643774902,50.0,144/54,1.0582243391887584e-10,0.7023156951828281,0.7634132534132535,0.6870002220002219,0.7973369746785787,0.8066182729469442,0.7920020888202708,0.7189391028551867,0.7847885447885448,0.7013542013542013,0.9143675231303856,0.9256647393011028,0.9077837042522359
all,10,GRAPH7_eps3.0,715,155.07552447552447,-1.3647642679900747,0.8113150767378877,0.0,254/16,3.924559371727906e-42,-3.6796804008151263,0.8695774947448445,3.1940667039611492,427/288,2.553440933564602e-16,3.8704379835893437,0.8610680017302567,3.2213986326949113,462/247,5.1136056759678985e-23,-10.932944606413995,0.7273270398501862,9.090909090909092,294/131,1.7349889648473198e-22,-25.79150579150579,0.7001927217307864,33.33333333333333,193/119,8.961527010618777e-07,-36.57289002557545,0.514396643774902,50.0,144/54,1.0582243391887584e-10,0.702129214996348,0.7631801531801531,0.6870002220002219,0.7972715430341997,0.8064939528226241,0.7920020888202708,0.7187526226687065,0.7845554445554445,0.7013542013542013,0.9142939125304592,0.9255248791612427,0.9077837042522359
all,10,GRAPH7p,715,180.1076923076923,-1.3647642679900747,0.8113150767378877,0.0,254/16,3.924559371727906e-42,-3.6911195290594403,0.8695114874234572,3.1940667039611603,427/288,2.2636756649647867e-16,17.55594552882931,0.34812650910806436,13.430085285037766,129/580,1.665031879611912e-82,-11.00583090379009,0.7251256221923662,9.090909090909092,294/131,2.0176002435938704e-22,-25.945945945945944,0.6986264867614641,33.33333333333333,194/120,9.351152895269156e-07,-36.57289002557545,0.514396643774902,50.0,144/54,1.0582243391887584e-10,0.7020825949497278,0.7634132534132535,0.6867671217671217,0.797248641958667,0.8065988479275191,0.7918749432385797,0.7187060026220865,0.7847885447885448,0.7011211011211012,0.9142865514704666,0.9256647393011028,0.9076565586705447
all,10,JPEG,715,2147.7748251748253,68.98263027295286,-0.009225289928438303,0.0,,,21.24821144890703,-0.023506160586377993,4.205675927012731,,,4.490058598813578,0.8107194982933691,4.678758195997523,,,49.107142857142854,-0.017698533716901364,18.181818181818183,,,20.308880308880305,0.11713768669137944,33.33333333333333,,,20.71611253196931,0.18334985055782038,50.0,,,0.608634764842087,0.6467983179611086,0.6274730824730824,0.6310563721210889,0.6129613622533684,0.6858916685490112,0.6321434240150818,0.6723903925531832,0.6527361527361527,0.7689280052650156,0.7463204157198428,0.8391695173513355
all,10,JPEGq10,715,1263.3496503496503,283.6538461538462,0.0027617110732120324,50.0,124/443,1.328087921801772e-37,257.6332085731085,0.002846347372199999,43.932995849641024,95/617,5.0188381426875684e-77,20.472568590689285,0.1668867927325596,19.796607557157486,43/663,3.3123686878063156e-109,527.7514577259476,0.003678990163841663,140.0,114/553,1.4995782274970405e-68,863.011583011583,0.0048397796032227,200.0,73/545,5.9555007451419346e-83,854.2199488491049,0.0006313477262737408,100.0,77/454,4.2731512032280485e-67,0.2448999128651868,0.20908865794998352,0.49244033744033744,0.26433215294272566,0.2395246673386386,0.3491794452633613,0.2767274527898691,0.2331640930490908,0.573995448995449,0.37617210005145624,0.3401167570421597,0.5006663810160313
all,10,JPEGq20,715,1607.5510489510489,430.893300248139,0.0006292807257092822,100.0,84/479,6.402394546696714e-59,175.6904388618021,-0.008755443343053794,31.13202425649943,129/572,1.7354428305623823e-75,5.740050517213218,0.5999338339590903,6.538751681577436,209/487,5.475370555894656e-30,382.12463556851316,-0.005103781235095161,100.0,117/495,1.6295012202954337e-64,306.7181467181467,0.004237393861026112,66.66666666666666,104/373,2.0422868594786792e-45,301.02301790281325,0.006880397422709565,66.66666666666666,90/285,8.581994232113297e-32,0.4272271841823631,0.4166740083938384,0.5682500832500832,0.35945666342368027,0.31473200116261085,0.5372102334340095,0.45230577816780654,0.44016663774972487,0.6143623043623043,0.45648067875683707,0.3985549040819723,0.6902678362818223
all,10,JPEGq30,715,2578.851748251748,7.133995037220844,0.1629563668744435,0.0,220/57,1.379137598785377e-25,-0.19233317652270698,0.7174702340427713,3.4756108457351984,388/287,3.5147197817792517e-12,4.15872981797209,0.8413275214316538,3.9359912313113408,398/276,1.7409371005991308e-07,-1.2755102040816326,0.5417795854140282,14.285714285714285,264/139,6.033204742945379e-16,-13.976833976833975,0.6790490371292196,33.33333333333333,169/119,0.00018839100690880382,-19.437340153452684,0.45304403003489985,50.0,123/70,7.433838456698553e-05,0.6632418940810549,0.7069247419247419,0.6690881340881341,0.7113888778703603,0.7066349582350547,0.7262860915308469,0.6886767622431959,0.7343140193140193,0.696061161061161,0.8510780873698095,0.8450970485268607,0.8700070946924096
all,10,JPEGq5,715,1179.462937062937,96.80521091811416,0.00021036054091086128,20.0,174/301,6.578485002292216e-05,211.74182083044306,-0.0004583878741948188,22.53151378156313,154/555,6.488620740912361e-57,24.599793521866502,0.11044080435267047,22.76296363995795,37/667,4.04546380334775e-111,461.3520408163265,0.0016863816961310656,75.0,140/491,1.380843089264994e-46,1059.0733590733591,0.0005577273762937375,150.0,94/484,3.395215330317783e-66,1507.4168797953962,-0.00046595857858254433,100.0,79/448,2.5205669828326275e-63,0.2631649972044815,0.23845448377421785,0.4437579087579087,0.26650731994589905,0.2656813123194555,0.28378431979830576,0.3110542132374756,0.2773472316812077,0.5454273504273505,0.42135873994929796,0.42214764143389427,0.45010966112364714
all,10,JPEGq50,715,4783.812587412587,-1.08560794044665,0.7854901615788394,0.0,255/20,7.131361842317881e-42,-3.34060154993278,0.8441841971133681,2.846440600963124,438/277,4.238949215736512e-20,3.3992988261963744,0.8571783732017391,3.2720395700416858,459/250,6.125657025189081e-25,-9.074344023323617,0.7561225974361877,9.090909090909092,298/127,1.749287799826872e-27,-21.93050193050193,0.7245191996373761,28.57142857142857,199/112,5.45381402311117e-08,-31.457800511508943,0.501191277271772,58.33333333333333,134/63,8.749010641118743e-08,0.6894613923943418,0.7460705960705961,0.6751459651459651,0.7730429435463504,0.7793295864974187,0.7705217082839462,0.7156086794507198,0.7752014652014652,0.7025518925518927,0.9043675570485605,0.9124386181029537,0.9008664528944249
all,10,JPEGq75,715,9206.188811188811,0.0620347394540943,0.7745532054435154,0.0,252/18,3.0807606864536677e-41,-3.226084239118815,0.8885228772600909,2.8537484814753933,443/269,8.169348658830611e-21,4.024830230211707,0.8735198546625385,3.489310039532987,455/254,1.0079156509296732e-18,-9.602769679300293,0.7505975040949148,6.25,296/122,4.190911495881871e-25,-24.864864864864863,0.710264732937024,33.33333333333333,191/112,3.2746604390309504e-07,-35.03836317135549,0.5410808088338239,50.0,138/55,7.9811464461348e-11,0.7030265296657728,0.764017649017649,0.687015207015207,0.79335899101758,0.8006490503730105,0.7893923558958523,0.7211696996271246,0.7854045954045954,0.7042246642246642,0.9129092907751237,0.9213392343149428,0.9083612968228354
all,10,PRE7,715,,-1.3647642679900747,0.8113150767378877,0.0,254/16,3.924559371727906e-42,-3.7201049490534093,0.8693533342670625,3.1831493165403693,428/286,2.4354538999888694e-16,3.913745772995392,0.8624875704819082,3.325765152046977,456/253,9.611727042492107e-22,-10.951166180758017,0.7274323124236515,9.090909090909092,294/130,1.4335167398736355e-22,-25.79150579150579,0.7001927217307864,33.33333333333333,193/119,8.961527010618777e-07,-36.57289002557545,0.514396643774902,50.0,144/54,1.0582243391887584e-10,0.702129214996348,0.7631801531801531,0.6870002220002219,0.7973212956531224,0.8065893120088925,0.7920020888202708,0.7187526226687065,0.7845554445554445,0.7013542013542013,0.9143436651493818,0.9256202383475111,0.9077837042522359
all,10,SEG,715,365.8195804195804,-1.3647642679900747,0.8113150767378877,0.0,254/16,3.924559371727906e-42,-3.7416324608748437,0.8687775552559047,3.188719459111776,429/286,3.0877860967300534e-16,3.996387623129171,0.8606803161400537,3.3986461716285916,462/247,3.7815992431546983e-22,-10.951166180758017,0.7274323124236515,9.090909090909092,294/130,1.4335167398736355e-22,-25.79150579150579,0.7001927217307864,33.33333333333333,193/119,8.961527010618777e-07,-36.57289002557545,0.514396643774902,50.0,144/54,1.0582243391887584e-10,0.702129214996348,0.7631801531801531,0.6870002220002219,0.7973212956531224,0.8065893120088925,0.7920020888202708,0.7178202217363057,0.7831568431568431,0.7006549006549007,0.9143436651493818,0.9256202383475111,0.9077837042522359
heldout,0,GRAPH6,105,2244.638095238095,-3.7656903765690375,0.7243436754176612,0.0,36/5,4.016752876543107e-07,-11.669474646915528,0.7567976692114602,10.99368126464935,35/70,0.016430676006948218,2.787132237456344,0.918482179678102,2.8003185489306244,81/24,5.805366382348462e-11,-45.83620096352374,0.2627875848307336,45.45454545454545,26/71,0.015713843629327658,-66.66666666666667,0.2906145919325913,66.66666666666666,18/66,0.0003564169208794153,-43.548387096774185,0.43086816720257226,83.33333333333333,18/7,0.07440607508965942,0.4055673862396551,0.7262585034013607,0.3007758643472929,0.7233859086574156,0.8300491043348187,0.6477308238553263,0.42562029629256515,0.7630839002267574,0.31500866858009713,0.8364355168425266,0.9621492792921365,0.7473603350881104
heldout,0,GRAPH7,105,176.8761904761905,-2.301255230125523,0.7531624314340085,0.0,35/2,3.020415394119645e-07,-5.67406099715072,0.8742954467271234,5.0252531694167235,57/48,0.04801598587124047,4.536504427876676,0.8809432179880279,3.842219676273409,66/39,0.00037589853808150486,-26.772195457673778,0.4668449884947379,30.0,41/40,0.23705556462464927,-36.94779116465863,0.5251988404073441,42.857142857142854,39/31,0.27235003351014153,-29.032258064516128,0.4718879109035387,58.33333333333333,19/8,0.09744011449456887,0.5164370543539053,0.6685971964543395,0.4590082932940076,0.7499472070317074,0.8099503010217296,0.7056864812338053,0.5363831213587958,0.6980529787672645,0.4749720121148693,0.8561062794189702,0.926164985807843,0.804562639843489
heldout,0,GRAPH7_eps0.5,105,200.43809523809523,-2.301255230125523,0.7531624314340085,0.0,35/2,3.020415394119645e-07,-5.674060997150718,0.8742954467271234,5.0252531694167235,57/48,0.04801598587124047,4.443723664534585,0.8842502333213642,3.9642289644908817,66/39,0.000145041813062534,-26.772195457673778,0.4668449884947379,30.0,41/40,0.23705556462464927,-36.94779116465863,0.5251988404073441,42.857142857142854,39/31,0.27235003351014153,-29.032258064516128,0.4718879109035387,58.33333333333333,19/8,0.09744011449456887,0.5164370543539053,0.6685971964543395,0.4590082932940076,0.7499472070317074,0.8099503010217296,0.7056864812338053,0.5363831213587958,0.6980529787672645,0.4749720121148693,0.8561062794189702,0.926164985807843,0.804562639843489
heldout,0,GRAPH7_eps1.5,105,165.02857142857144,-2.301255230125523,0.7531624314340085,0.0,35/2,3.020415394119645e-07,-5.674060997150718,0.8742954467271234,5.025253169416704,57/48,0.04801598587124047,4.471555283669916,0.8847622970186931,3.8468383183366366,67/38,0.00022931094130141985,-26.772195457673778,0.4668449884947379,30.0,41/40,0.23705556462464927,-36.94779116465863,0.5251988404073441,42.857142857142854,39/31,0.27235003351014153,-29.032258064516128,0.4718879109035387,58.33333333333333,19/8,0.09744011449456887,0.5164370543539053,0.6685971964543395,0.4590082932940076,0.7499472070317074,0.8099503010217296,0.7056864812338053,0.5363831213587958,0.6980529787672645,0.4749720121148693,0.8561062794189702,0.926164985807843,0.804562639843489
heldout,0,GRAPH7_eps3.0,105,159.0952380952381,-2.301255230125523,0.7531624314340085,0.0,35/2,3.020415394119645e-07,-5.67406099715072,0.8742954467271234,5.0252531694167235,57/48,0.04801598587124047,4.5067706856931435,0.8834781850713506,3.864939414743751,66/39,0.00029054876373255177,-26.772195457673778,0.4668449884947379,30.0,41/40,0.23705556462464927,-36.94779116465863,0.5251988404073441,42.857142857142854,39/31,0.27235003351014153,-29.032258064516128,0.4718879109035387,58.33333333333333,19/8,0.09744011449456887,0.5164370543539053,0.6685971964543395,0.4590082932940076,0.7499472070317074,0.8099503010217296,0.7056864812338053,0.5363831213587958,0.6980529787672645,0.4749720121148693,0.8561062794189702,0.926164985807843,0.804562639843489
heldout,0,GRAPH7p,105,185.36190476190475,-2.301255230125523,0.7531624314340085,0.0,35/2,3.020415394119645e-07,-5.67406099715072,0.8742954467271234,5.0252531694167235,57/48,0.04801598587124047,23.000086867074835,0.27622896717396384,17.522805374148202,14/91,5.535912613597199e-16,-26.772195457673778,0.4668449884947379,30.0,41/40,0.23705556462464927,-36.94779116465863,0.5251988404073441,42.857142857142854,39/31,0.27235003351014153,-29.032258064516128,0.4718879109035387,58.33333333333333,19/8,0.09744011449456887,0.5164370543539053,0.6685971964543395,0.4590082932940076,0.7499472070317074,0.8099503010217296,0.7056864812338053,0.5363831213587958,0.6980529787672645,0.4749720121148693,0.8561062794189702,0.926164985807843,0.804562639843489
heldout,0,JPEG,105,2168.5904761904762,41.21338912133891,-0.005242020714436696,0.0,,,8.18383393729873,0.30803666188357237,5.6411359469425735,,,5.216835391934807,0.7843557108544179,5.419439441559416,,,12.18169304886442,0.09925148285316159,27.27272727272727,,,-0.20080321285140562,0.3632762437376209,50.0,,,6.451612903225807,0.4402132520944401,50.0,,,0.44740852173442597,0.5087816944959802,0.47973838330981183,0.5998995530529545,0.6028037977479913,0.6412566797462861,0.47712506414004396,0.5385284820999107,0.5124821474821474,0.7325201001518463,0.7322162164758541,0.7874891826439814
heldout,0,JPEGq10,105,1261.6666666666667,261.5062761506276,0.0009520790439077081,50.0,22/65,5.275994425318115e-07,238.36838699340888,0.011668779828951247,57.6729291868859,10/95,1.4534558585551519e-15,19.460893858198954,0.17349526603733112,20.48583144408032,8/97,3.803637826320355e-17,416.58637302133513,0.008126741552513587,163.63636363636365,13/90,1.9804445697791858e-14,503.0120481927711,0.009565834070671868,300.0,11/85,2.553442107611e-15,603.2258064516128,0.026998218684130926,100.0,15/65,4.010179761085069e-11,0.2168245399134959,0.1613035971887904,0.4796957804100661,0.2507041944693504,0.21244941440084597,0.3704492070005117,0.2587844676277167,0.19347859825312802,0.5764497143068572,0.35928554083547215,0.3018890042118482,0.5341954762111772
heldout,0,JPEGq20,105,1619.2952380952381,448.32635983263594,-0.0010633066750770327,120.0,11/79,2.343887250049904e-12,201.30833031375437,-0.012349171801880169,37.122956081284805,16/88,7.932898696356888e-14,6.495798191691498,0.6557530171539311,7.057739929505261,34/69,0.00029210758008304464,351.20440467997247,-0.004967660958752261,125.0,22/78,1.148061153603472e-10,306.0240963855421,0.0011685434279716368,100.0,24/63,3.817182935544799e-09,258.06451612903226,0.0763648358898235,50.0,19/42,3.1668339244221184e-05,0.30658373471102074,0.2954080113677882,0.47611370111370105,0.346247542906839,0.30136877331216166,0.5214352430949069,0.3358514593946041,0.3200135534070794,0.5301040493897636,0.42596972097553,0.3682275929565683,0.6608330200358065
heldout,0,JPEGq30,105,2602.7238095238095,3.7656903765690375,0.32305098194802623,0.0,30/9,0.00013896065247629924,-0.8590238224141397,0.8063364694355958,3.990535581116922,56/38,0.006402978546798287,5.2931526842840855,0.8465911390402409,3.865845381010919,65/30,0.00015076349590291882,-10.461114934618031,0.44317129143978545,28.57142857142857,35/42,0.46165040593311946,-15.863453815261044,0.4945147377275085,50.0,29/34,0.7193218642751673,-6.451612903225807,0.3532177014102772,50.0,16/13,0.8786901472093172,0.46771275367952486,0.5629433793719508,0.4540395583252726,0.6725840057508066,0.6966815867965801,0.6637204201191375,0.5043146683177065,0.6056909228337799,0.4924446981589839,0.8113491250111632,0.8386022590445412,0.8022865677985095
heldout,0,JPEGq5,105,1180.3428571428572,80.7531380753138,0.013553584916216749,20.0,23/44,0.05695103971841273,272.47854722548277,-0.0004739820306041784,37.71457194316158,16/89,9.550930037334637e-14,25.747922374085388,0.07925443980869669,24.15909692867923,6/98,2.5896478462871768e-17,469.029593943565,-0.0022506522638567872,133.33333333333331,14/89,1.4926477412519705e-13,738.3534136546185,-0.0012378154041962713,183.33333333333331,11/83,7.450674874810683e-15,1788.7096774193546,0.0024999052444684496,200.0,8/72,1.1938692511577215e-12,0.19107935859144495,0.1514301315188567,0.40738663452949164,0.2291889412571247,0.20360478780323002,0.2915005307729766,0.25383997748028037,0.19604735914847293,0.5796908382622669,0.3721329904827689,0.3291379548895699,0.4768931361036624
heldout,0,JPEGq50,105,4817.380952380952,-1.8828451882845187,0.8232521602513745,0.0,35/1,2.4629624529739826e-07,-5.002328347100957,0.8846989113384586,4.530818393219752,62/43,0.009930773718275243,3.843796218836699,0.8996415095857844,3.6242954562393312,74/31,2.510161908837177e-06,-24.019270474879562,0.5294823235465391,25.0,42/38,0.04138849929505252,-32.93172690763053,0.570269677702258,40.0,39/28,0.054643739626886824,-16.129032258064516,0.4799037645060856,100.0,16/11,0.5453252356156678,0.5130406770322736,0.6611111111111112,0.45845331916760484,0.7218869427975674,0.778445152730867,0.6800194403611034,0.5494178945859618,0.7006916099773244,0.49372920730063585,0.8480527266985368,0.9139915111343684,0.7991283738784845
heldout,0,JPEGq75,105,9272.819047619048,-1.2552301255230127,0.7721444071809036,0.0,35/4,4.817006462313206e-07,-5.367584380691934,0.8990454159113004,4.547743170256533,58/47,0.03472973278576572,4.82847076621628,0.8683953748913411,4.381131468283006,65/40,0.0032205779921292204,-27.6668960770819,0.4696897162514275,30.0,39/44,0.2488353020604962,-39.3574297188755,0.5070609169727027,42.857142857142854,37/34,0.35507354619269926,-29.032258064516128,0.4261283497884344,66.66666666666666,17/10,0.3174570869872828,0.5241943394950913,0.6953514739229024,0.45930331573188715,0.7470328089485739,0.8100244052554978,0.6998441749823883,0.549246605524801,0.7333786848072562,0.4806557199414342,0.8652166395467527,0.9373056067803968,0.8113206789279324
heldout,0,PRE7,105,,-2.301255230125523,0.7531624314340085,0.0,35/2,3.020415394119645e-07,-5.736575280460746,0.8734380770016089,5.057852688559091,57/48,0.052517603277105446,4.566631144248199,0.8811432706388423,3.9878745107926528,68/37,0.0002503068861098983,-26.772195457673778,0.4668449884947379,30.0,41/40,0.23705556462464927,-36.94779116465863,0.5251988404073441,42.857142857142854,39/31,0.27235003351014153,-29.032258064516128,0.4718879109035387,58.33333333333333,19/8,0.09744011449456887,0.5164370543539053,0.6685971964543395,0.4590082932940076,0.7499472070317074,0.8099503010217296,0.7056864812338053,0.5363831213587958,0.6980529787672645,0.4749720121148693,0.8561062794189702,0.926164985807843,0.804562639843489
heldout,0,SEG,105,369.77142857142854,-2.301255230125523,0.7531624314340085,0.0,35/2,3.020415394119645e-07,-5.782543801353946,0.8730275878773481,5.18035823638886,56/49,0.059278914594420876,4.6194451440411575,0.8815305993717555,3.9547351315740107,66/39,0.0002410969518682761,-26.772195457673778,0.4668449884947379,30.0,41/40,0.23705556462464927,-36.94779116465863,0.5251988404073441,42.857142857142854,39/31,0.27235003351014153,-29.032258064516128,0.4718879109035387,58.33333333333333,19/8,0.09744011449456887,0.5164370543539053,0.6685971964543395,0.4590082932940076,0.7499472070317074,0.8099503010217296,0.7056864812338053,0.5363831213587958,0.6980529787672645,0.4749720121148693,0.8561062794189702,0.926164985807843,0.804562639843489
heldout,2,GRAPH6,105,2244.638095238095,-3.7656903765690375,0.7243436754176612,0.0,36/5,4.016752876543107e-07,-11.310388172378772,0.7644986307082956,10.585926815542193,36/69,0.028653844924641046,2.684426787535982,0.919580767137907,2.559064552895323,82/23,8.16569481535716e-11,-39.1337973704563,0.3261739197513857,40.0,30/64,0.2857736541303616,-60.94117647058824,0.35261853626301004,66.66666666666666,25/60,0.014547812399691053,-43.548387096774185,0.43086816720257226,83.33333333333333,18/7,0.07440607508965942,0.46383991669705954,0.7357823129251702,0.36588057445200295,0.7347968686533525,0.8150594114879828,0.675496820328753,0.48637959923674207,0.7726077097505669,0.3824943310657596,0.8598191639425662,0.9561704433133005,0.7888272488482572
heldout,2,GRAPH7,105,176.8761904761905,-2.301255230125523,0.7531624314340085,0.0,35/2,3.020415394119645e-07,-5.3678640699647655,0.878371761999481,4.8167291220810755,59/46,0.023516373258964853,4.420399967521352,0.8830908606485559,3.842219676273409,67/38,0.00033679120670877485,-19.953596287703014,0.5840905913602684,20.0,51/32,0.0025235812931627567,-29.411764705882355,0.6295451818072725,33.33333333333333,41/23,0.004037441288835442,-29.032258064516128,0.4718879109035387,58.33333333333333,19/8,0.09744011449456887,0.5820479582664457,0.6945269016697588,0.5398185941043083,0.7605709823149622,0.8002595420452563,0.7313635500820375,0.5979343812116921,0.7189033189033189,0.5521995464852608,0.8769769400796222,0.9245495906210192,0.8420635402568174
heldout,2,GRAPH7_eps0.5,105,200.43809523809523,-2.301255230125523,0.7531624314340085,0.0,35/2,3.020415394119645e-07,-5.3678640699647655,0.878371761999481,4.8167291220810755,59/46,0.023516373258964853,4.3268325355085135,0.8864070503160468,3.8172254814320317,66/39,0.00012415654598351504,-19.953596287703014,0.5840905913602684,20.0,51/32,0.0025235812931627567,-29.411764705882355,0.6295451818072725,33.33333333333333,41/23,0.004037441288835442,-29.032258064516128,0.4718879109035387,58.33333333333333,19/8,0.09744011449456887,0.5820479582664457,0.6945269016697588,0.5398185941043083,0.7605709823149622,0.8002595420452563,0.7313635500820375,0.5979343812116921,0.7189033189033189,0.5521995464852608,0.8769769400796222,0.9245495906210192,0.8420635402568174
heldout,2,GRAPH7_eps1.5,105,165.02857142857144,-2.301255230125523,0.7531624314340085,0.0,35/2,3.020415394119645e-07,-5.3678640699647655,0.878371761999481,4.8167291220810755,59/46,0.023516373258964853,4.355782397749877,0.8869105013724481,3.8541623156539355,66/39,0.00018736315598655897,-19.953596287703014,0.5840905913602684,20.0,51/32,0.0025235812931627567,-29.411764705882355,0.6295451818072725,33.33333333333333,41/23,0.004037441288835442,-29.032258064516128,0.4718879109035387,58.33333333333333,19/8,0.09744011449456887,0.5820479582664457,0.6945269016697588,0.5398185941043083,0.7605709823149622,0.8002595420452563,0.7313635500820375,0.5979343812116921,0.7189033189033189,0.5521995464852608,0.8769769400796222,0.9245495906210192,0.8420635402568174
heldout,2,GRAPH7_eps3.0,105,159.0952380952381,-2.301255230125523,0.7531624314340085,0.0,35/2,3.020415394119645e-07,-5.3678640699647655,0.878371761999481,4.8167291220810755,59/46,0.023516373258964853,4.391167688182386,0.8856003778740241,3.764114729140973,66/39,0.00020734286057737822,-19.953596287703014,0.5840905913602684,20.0,51/32,0.0025235812931627567,-29.411764705882355,0.6295451818072725,33.33333333333333,41/23,0.004037441288835442,-29.032258064516128,0.4718879109035387,58.33333333333333,19/8,0.09744011449456887,0.5820479582664457,0.6945269016697588,0.5398185941043083,0.7605709823149622,0.8002595420452563,0.7313635500820375,0.5979343812116921,0.7189033189033189,0.5521995464852608,0.8769769400796222,0.9245495906210192,0.8420635402568174
heldout,2,GRAPH7p,105,185.36190476190475,-2.301255230125523,0.7531624314340085,0.0,35/2,3.020415394119645e-07,-5.3678640699647655,0.878371761999481,4.8167291220810755,59/46,0.023516373258964853,22.816286309246184,0.2758719053272955,17.333780595471115,14/91,4.983220893824341e-16,-19.953596287703014,0.5840905913602684,20.0,51/32,0.0025235812931627567,-29.411764705882355,0.6295451818072725,33.33333333333333,41/23,0.004037441288835442,-29.032258064516128,0.4718879109035387,58.33333333333333,19/8,0.09744011449456887,0.5820479582664457,0.6945269016697588,0.5398185941043083,0.7605709823149622,0.8002595420452563,0.7313635500820375,0.5979343812116921,0.7189033189033189,0.5521995464852608,0.8769769400796222,0.9245495906210192,0.8420635402568174
heldout,2,JPEG,105,2168.5904761904762,41.21338912133891,-0.005242020714436696,0.0,,,8.450475944947279,0.310082344020733,5.599220259696625,,,5.116262953416018,0.7870400799024045,5.419439441559416,,,20.959010054137668,0.14091674846609178,25.0,,,9.647058823529413,0.4368074514212302,40.0,,,6.451612903225807,0.4402132520944401,50.0,,,0.48979950627451724,0.5312780869923727,0.5328835978835978,0.6099821152269341,0.6004349144746169,0.6642912557408356,0.5217147572233817,0.559906204906205,0.5767309145880574,0.7450122725794103,0.730769577258221,0.8145900613547672
heldout,2,JPEGq10,105,1261.6666666666667,261.5062761506276,0.0009520790439077081,50.0,22/65,5.275994425318115e-07,239.17268327861487,0.011524767448146973,59.56134044059056,10/95,1.654218338916069e-15,19.389429918010183,0.173774386809118,20.457618756677146,7/98,3.141592562671233e-17,462.49033255993805,0.005048067931714245,190.0,12/91,1.2327755152006152e-14,580.9411764705883,0.006049186474258617,300.0,9/91,3.981390615561342e-16,603.2258064516128,0.026998218684130926,100.0,15/65,4.010179761085069e-11,0.22078205726544242,0.1610319995739473,0.5217573696145125,0.25231097090344173,0.2135078274624145,0.3795612238679465,0.2571000611947134,0.18814496177729934,0.6135638699924415,0.363434745485084,0.3040797374309121,0.5513381117792882
heldout,2,JPEGq20,105,1619.2952380952381,448.32635983263594,-0.0010633066750770327,120.0,11/79,2.343887250049904e-12,202.0592505268209,-0.012341329476114025,37.122956081284805,16/88,4.9571792180879176e-14,6.395455663232155,0.658694115555697,7.056059223984013,36/67,0.0002740708881095524,392.6527455529776,-0.003977732184745345,150.0,20/79,5.3841994543032756e-12,355.29411764705884,0.00452559566578016,100.0,22/68,1.8156489354428168e-10,258.06451612903226,0.0763648358898235,50.0,19/42,3.1668339244221184e-05,0.3217490774285285,0.2917678310087151,0.5292630385487528,0.35098402056841005,0.2988187961450352,0.5422240916568648,0.3476629257152249,0.3119941365098745,0.5815986394557823,0.4346110905142175,0.36797818810592053,0.6901745748804573
heldout,2,JPEGq30,105,2602.7238095238095,3.7656903765690375,0.32305098194802623,0.0,30/9,0.00013896065247629924,-0.5812991964035713,0.8081721693343937,3.990535581116922,58/36,0.0028561104710232393,5.183966736838192,0.8489211239976296,3.8642830216802175,65/30,0.0001378024750529259,-3.17092034029389,0.502140706402575,25.0,38/41,0.17154793656734912,-6.588235294117648,0.5566247755834831,40.0,34/34,0.2841772221542347,-6.451612903225807,0.3532177014102772,50.0,16/13,0.8786901472093172,0.5150768973192679,0.5741926063354634,0.521084656084656,0.6810958966596322,0.6898436451012744,0.6860836354743918,0.5529127278441741,0.6177832749261322,0.5612509448223734,0.8243780666766013,0.8341231519393837,0.8313735688525604
heldout,2,JPEGq5,105,1180.3428571428572,80.7531380753138,0.013553584916216749,20.0,23/44,0.05695103971841273,273.1225807466328,-0.0003863713945928464,39.42148974360621,16/89,8.668292381732812e-14,25.708625157818933,0.07895645741113592,24.00997339708395,6/98,2.19113327992683e-17,510.98221191028614,0.000917360112819396,153.33333333333334,12/90,2.35337111843603e-14,841.6470588235295,0.0011025625770651158,241.66666666666669,9/87,1.0808584859786132e-15,1788.7096774193546,0.0024999052444684496,200.0,8/72,1.1938692511577215e-12,0.18790272027178356,0.14417902017611167,0.42400982615268323,0.23295285654111805,0.2043418811073777,0.29782972785073625,0.24555798923922417,0.18437272270530702,0.5910544217687075,0.37768813657977895,0.3298783124696988,0.4866630210747859
heldout,2,JPEGq50,105,4817.380952380952,-1.8828451882845187,0.8232521602513745,0.0,35/1,2.4629624529739826e-07,-4.703767392482496,0.8881054472509636,4.381054838480506,60/45,0.00816031865806239,3.742218349801202,0.9012302295276589,3.55336911695563,74/31,2.2844142122229865e-06,-17.246713070378963,0.6264310171894996,20.0,53/30,0.0003389391865557593,-25.176470588235293,0.6555752212389381,33.33333333333333,43/22,0.0013171472727387297,-16.129032258064516,0.4799037645060856,100.0,16/11,0.5453252356156678,0.5664073917302577,0.6791609977324264,0.5262773998488284,0.732710290326668,0.770305686377115,0.7049172505054858,0.6019364922593582,0.7160997732426304,0.561832955404384,0.8670296881171488,0.9109684627541772,0.8347038286954255
heldout,2,JPEGq75,105,9272.819047619048,-1.2552301255230127,0.7721444071809036,0.0,35/4,4.817006462313206e-07,-5.019687070150888,0.9027455358501639,4.1995617867200945,58/47,0.013589294631060601,4.729456128777459,0.8709559404752193,4.1423668647003025,65/40,0.003058023116124538,-19.79891724671307,0.5934971182395065,20.0,51/34,0.0031188684843532896,-30.117647058823533,0.613817097415507,33.33333333333333,43/26,0.007466854576555833,-29.032258064516128,0.4261283497884344,66.66666666666666,17/10,0.3174570869872828,0.5769498893492702,0.6965419501133786,0.5288397581254723,0.7628814177733529,0.8029931972789117,0.7326079312844017,0.6045541105249199,0.7298072562358277,0.5547392290249433,0.8844099772912379,0.9309854563425991,0.849538376345099
heldout,2,PRE7,105,,-2.301255230125523,0.7531624314340085,0.0,35/2,3.020415394119645e-07,-5.4266248192078885,0.87759265663092,4.7444206487239615,59/46,0.027962776298890584,4.451391967319935,0.8832950512383908,3.8827718414432333,68/37,0.0002236228013418849,-19.953596287703014,0.5840905913602684,20.0,51/32,0.0025235812931627567,-29.411764705882355,0.6295451818072725,33.33333333333333,41/23,0.004037441288835442,-29.032258064516128,0.4718879109035387,58.33333333333333,19/8,0.09744011449456887,0.5820479582664457,0.6945269016697588,0.5398185941043083,0.7605709823149622,0.8002595420452563,0.7313635500820375,0.5979343812116921,0.7189033189033189,0.5521995464852608,0.8769769400796222,0.9245495906210192,0.8420635402568174
heldout,2,SEG,105,369.77142857142854,-2.301255230125523,0.7531624314340085,0.0,35/2,3.020415394119645e-07,-5.479967419391772,0.8771521390788364,4.7444206487239615,58/47,0.03472973278576572,4.50628086951626,0.8836732139554191,3.8679596553128714,67/38,0.0001996267821743176,-20.10827532869296,0.5834029401937856,20.0,49/32,0.0024753500961816085,-29.411764705882355,0.6295451818072725,33.33333333333333,41/23,0.004037441288835442,-29.032258064516128,0.4718879109035387,58.33333333333333,19/8,0.09744011449456887,0.5820479582664457,0.6945269016697588,0.5398185941043083,0.7603415197697102,0.8007477575334717,0.7306832779731941,0.5979343812116921,0.7189033189033189,0.5521995464852608,0.8769463079437269,0.9255212115926402,0.8413832681479739
heldout,5,GRAPH6,105,2244.638095238095,-3.7656903765690375,0.7243436754176612,0.0,36/5,4.016752876543107e-07,-8.430298462262508,0.8253224417192133,7.547327370707331,45/60,0.8092767726837251,2.1637047941300525,0.926766776712623,2.4313851357684344,78/27,5.093490081285164e-10,-19.527235354573484,0.6653412856196157,20.0,54/31,0.0011648656536842948,-39.926739926739934,0.6363395927003439,40.0,35/33,0.43903590242475155,-43.548387096774185,0.43086816720257226,83.33333333333333,18/7,0.07440607508965942,0.6535509464080893,0.789750566893424,0.5917006802721088,0.7777614909636077,0.8050146414432129,0.7582330896616613,0.6753418539132824,0.8234013605442176,0.6086848072562357,0.9055710514764737,0.9374800331943189,0.8828426864141149
heldout,5,GRAPH7,105,176.8761904761905,-2.301255230125523,0.7531624314340085,0.0,35/2,3.020415394119645e-07,-3.5178132347897257,0.9013914933217453,3.048270809043101,70/35,1.6735987116428766e-05,3.858278387632872,0.8942207530728798,3.363010547687094,68/37,5.5876865140292195e-05,-10.27749229188078,0.7540705563093625,14.285714285714285,55/16,8.596987192455423e-07,-18.315018315018314,0.7454448017148982,25.0,39/17,0.005181519795119028,-29.032258064516128,0.4718879109035387,58.33333333333333,19/8,0.09744011449456887,0.6931514797061015,0.7540476190476192,0.6837226001511716,0.7868538464678303,0.8025696129267559,0.7770808027950885,0.7032284397830616,0.7675396825396825,0.6922940287226,0.9119302493691857,0.931476010761725,0.8995998710284425
heldout,5,GRAPH7_eps0.5,105,200.43809523809523,-2.301255230125523,0.7531624314340085,0.0,35/2,3.020415394119645e-07,-3.5178132347897257,0.9013914933217452,3.048270809043101,70/35,1.6735987116428766e-05,3.7667814334062166,0.8977260380374568,3.41559229785319,66/39,3.263498441916247e-05,-10.27749229188078,0.7540705563093625,14.285714285714285,55/16,8.596987192455423e-07,-18.315018315018314,0.7454448017148982,25.0,39/17,0.005181519795119028,-29.032258064516128,0.4718879109035387,58.33333333333333,19/8,0.09744011449456887,0.6931514797061015,0.7540476190476192,0.6837226001511716,0.7868538464678303,0.8025696129267559,0.7770808027950885,0.7032284397830616,0.7675396825396825,0.6922940287226,0.9119302493691857,0.931476010761725,0.8995998710284425
heldout,5,GRAPH7_eps1.5,105,165.02857142857144,-2.301255230125523,0.7531624314340085,0.0,35/2,3.020415394119645e-07,-3.5178132347897257,0.9013914933217452,3.0482708090431156,70/35,1.6735987116428766e-05,3.7934922368106334,0.8976958491286887,3.391819000424644,72/33,1.386027411392873e-05,-10.27749229188078,0.7540705563093625,14.285714285714285,55/16,8.596987192455423e-07,-18.315018315018314,0.7454448017148982,25.0,39/17,0.005181519795119028,-29.032258064516128,0.4718879109035387,58.33333333333333,19/8,0.09744011449456887,0.6931514797061015,0.7540476190476192,0.6837226001511716,0.7868538464678303,0.8025696129267559,0.7770808027950885,0.7032284397830616,0.7675396825396825,0.6922940287226,0.9119302493691857,0.931476010761725,0.8995998710284425
heldout,5,GRAPH7_eps3.0,105,159.0952380952381,-2.301255230125523,0.7531624314340085,0.0,35/2,3.020415394119645e-07,-3.5178132347897257,0.9013914933217453,3.048270809043101,70/35,1.6735987116428766e-05,3.832684962883118,0.8966136208418528,3.3930076041164643,70/35,3.0004086786442415e-05,-10.27749229188078,0.7540705563093625,14.285714285714285,55/16,8.596987192455423e-07,-18.315018315018314,0.7454448017148982,25.0,39/17,0.005181519795119028,-29.032258064516128,0.4718879109035387,58.33333333333333,19/8,0.09744011449456887,0.6931514797061015,0.7540476190476192,0.6837226001511716,0.7868538464678303,0.8025696129267559,0.7770808027950885,0.7032284397830616,0.7675396825396825,0.6922940287226,0.9119302493691857,0.931476010761725,0.8995998710284425
heldout,5,GRAPH7p,105,185.36190476190475,-2.301255230125523,0.7531624314340085,0.0,35/2,3.020415394119645e-07,-3.5178132347897257,0.9013914933217453,3.048270809043101,70/35,1.6735987116428766e-05,21.652975172769874,0.28260190635943866,16.80476304894517,14/91,8.869082218036218e-16,-10.27749229188078,0.7540705563093625,14.285714285714285,55/16,8.596987192455423e-07,-18.315018315018314,0.7454448017148982,25.0,39/17,0.005181519795119028,-29.032258064516128,0.4718879109035387,58.33333333333333,19/8,0.09744011449456887,0.6931514797061015,0.7540476190476192,0.6837226001511716,0.7868538464678303,0.8025696129267559,0.7770808027950885,0.7032284397830616,0.7675396825396825,0.6922940287226,0.9119302493691857,0.931476010761725,0.8995998710284425
heldout,5,JPEG,105,2168.5904761904762,41.21338912133891,-0.005242020714436696,0.0,,,9.3548586964262,0.3472126662473423,4.965017407649185,,,4.588410600392452,0.7972255945395199,5.034493636179193,,,28.674203494347378,0.18624833740531466,28.57142857142857,,,14.285714285714286,0.6135930552614863,38.75,,,6.451612903225807,0.4402132520944401,50.0,,,0.5839526890787395,0.6006424792139078,0.6463567649281935,0.6234984183769855,0.6028873855490673,0.6870611663468806,0.6080636046182265,0.6258503401360543,0.6711980347694635,0.7678243155177927,0.7418667636512,0.8480992552421125
heldout,5,JPEGq10,105,1261.6666666666667,261.5062761506276,0.0009520790439077081,50.0,22/65,5.275994425318115e-07,242.79003880983186,0.011845793671201399,56.43623152160709,10/95,7.989408995962592e-16,18.89903783442527,0.1834242427962743,19.030039367761102,8/97,4.479333847865149e-17,533.1963001027749,0.007736774480633272,214.28571428571428,9/94,1.3025328256769e-15,758.974358974359,0.009678409059214013,300.0,9/91,5.129111851263858e-17,603.2258064516128,0.026998218684130926,100.0,15/65,4.010179761085069e-11,0.2058276634751756,0.14536628992637265,0.5460657596371882,0.24226588210973835,0.20565233710769645,0.3560546331974903,0.23421187061221807,0.16668965950620002,0.6345162509448224,0.359816695817515,0.30508305472931313,0.5295602809888524
heldout,5,JPEGq20,105,1619.2952380952381,448.32635983263594,-0.0010633066750770327,120.0,11/79,2.343887250049904e-12,202.80371869460197,-0.012323175376002802,38.87767617884563,11/93,7.470470177001594e-15,6.028518238916934,0.6639560619358118,6.612326528180996,33/70,9.290038548726476e-05,432.47687564234326,-0.005119259278757148,140.0,9/86,5.86571612408519e-14,395.970695970696,0.01000082044727331,100.0,12/69,7.572996486286626e-12,258.06451612903226,0.0763648358898235,50.0,19/42,3.1668339244221184e-05,0.3833342127487468,0.34073548597379727,0.6254837490551777,0.35295563059226337,0.298276734135619,0.5521463721463721,0.4093702749878166,0.3607217248762924,0.6793726379440665,0.4375122514482234,0.3674784139135325,0.7018438439867011
heldout,5,JPEGq30,105,2602.7238095238095,3.7656903765690375,0.32305098194802623,0.0,30/9,0.00013896065247629924,0.7235279802515422,0.8199664711934859,3.110046342431622,58/36,0.0008233454738843723,4.610497911566541,0.8634875233659665,3.66927042632074,67/28,1.6364716476494424e-05,2.2610483042137717,0.6001877053026748,14.285714285714285,43/22,0.002181079167559718,-0.7326007326007327,0.6701471286188894,33.33333333333333,31/23,0.20690302541244177,-6.451612903225807,0.3532177014102772,50.0,16/13,0.8786901472093172,0.6050083281175717,0.6358654572940288,0.6381557067271354,0.6908509380861894,0.6882188608154994,0.7067480667480668,0.6427611044417767,0.6758767951625094,0.6811715797430083,0.8483186581478321,0.8436492436912604,0.8698045605188462
heldout,5,JPEGq5,105,1180.3428571428572,80.7531380753138,0.013553584916216749,20.0,23/44,0.05695103971841273,278.8823086965429,-0.0002831981691935701,38.713382160304796,15/90,7.312556923293241e-14,25.155604823107183,0.08311347243018447,22.927852778466523,6/98,1.6571237390628336e-17,609.3525179856115,1.5456708209116645e-05,172.72727272727272,11/91,4.430477385048623e-15,1184.6153846153845,0.0018303379561421264,316.6666666666667,7/87,3.199524796749476e-16,1788.7096774193546,0.0024999052444684496,200.0,8/72,1.1938692511577215e-12,0.20073256555358127,0.1536370308878851,0.4940173847316704,0.23153454583596228,0.208005330665519,0.2843889708175423,0.25678070065434794,0.19643333768168514,0.6300037792894936,0.3771082809136273,0.33816788427989164,0.46379001950430526
heldout,5,JPEGq50,105,4817.380952380952,-1.8828451882845187,0.8232521602513745,0.0,35/1,2.4629624529739826e-07,-2.9704020392772086,0.9082671337437302,3.156256152024765,72/33,3.1967633868087233e-06,3.1108093651949993,0.9108999544186874,3.1889234249175615,75/30,1.0961789957614404e-06,-7.297019527235354,0.8101875384574226,14.285714285714285,52/17,3.343117955470352e-07,-13.553113553113553,0.793776241047172,33.33333333333333,34/18,0.007989529186055432,-16.129032258064516,0.4799037645060856,100.0,16/11,0.5453252356156678,0.6320217348788777,0.6805971277399849,0.6316061980347695,0.7572779556563612,0.7713582185010756,0.7488517302803017,0.6637004265575694,0.7125472411186696,0.6639871504157219,0.9052920114605526,0.9210723403580547,0.8961609554466698
heldout,5,JPEGq75,105,9272.819047619048,-1.2552301255230127,0.7721444071809036,0.0,35/4,4.817006462313206e-07,-3.1007201621491105,0.9265284920596324,2.912183613353619,74/31,6.604582850360671e-07,4.0383437678977465,0.8869105443857047,3.7993278532294292,65/40,0.00047279937420443565,-9.455292908530318,0.7802136345841958,14.285714285714285,50/20,1.3789582045913102e-06,-18.68131868131868,0.7482389773023741,33.33333333333333,37/20,0.007243170629464265,-29.032258064516128,0.4261283497884344,66.66666666666666,17/10,0.3174570869872828,0.6724366918484564,0.7293990929705215,0.6650718065003779,0.7888186799194744,0.8025891413286371,0.7809317666460523,0.6930264724382371,0.7529818594104307,0.6855479969765684,0.9173127193321916,0.9338452529418917,0.9077467241752957
heldout,5,PRE7,105,,-2.301255230125523,0.7531624314340085,0.0,35/2,3.020415394119645e-07,-3.5661494533373146,0.9009464473589182,3.0345503060331853,70/35,2.0319295533021256e-05,3.886208547851694,0.8946535822621751,3.435931609169303,71/34,2.9585691643392585e-05,-10.27749229188078,0.7540705563093625,14.285714285714285,55/16,8.596987192455423e-07,-18.315018315018314,0.7454448017148982,25.0,39/17,0.005181519795119028,-29.032258064516128,0.4718879109035387,58.33333333333333,19/8,0.09744011449456887,0.6931514797061015,0.7540476190476192,0.6837226001511716,0.7868538464678303,0.8025696129267559,0.7770808027950885,0.7032284397830616,0.7675396825396825,0.6922940287226,0.9119302493691857,0.931476010761725,0.8995998710284425
heldout,5,SEG,105,369.77142857142854,-2.301255230125523,0.7531624314340085,0.0,35/2,3.020415394119645e-07,-3.601807700632037,0.9006233634251444,3.0345503060331853,70/35,2.1979508403721653e-05,3.9469943379631496,0.8953398836254299,3.5113021060391785,71/34,2.1668874436325063e-05,-10.27749229188078,0.7540705563093625,14.285714285714285,55/16,8.596987192455423e-07,-18.315018315018314,0.7454448017148982,25.0,39/17,0.005181519795119028,-29.032258064516128,0.4718879109035387,58.33333333333333,19/8,0.09744011449456887,0.6931514797061015,0.7540476190476192,0.6837226001511716,0.7868538464678303,0.8025696129267559,0.7770808027950885,0.7032284397830616,0.7675396825396825,0.6922940287226,0.9119302493691857,0.931476010761725,0.8995998710284425
heldout,10,GRAPH6,105,2244.638095238095,-3.7656903765690375,0.7243436754176612,0.0,36/5,4.016752876543107e-07,-7.697844406559104,0.8416064013811857,6.927614729753544,41/64,0.27076567200877943,1.95767019409252,0.9301891953496699,2.5706421189422026,80/25,1.8172863703328496e-10,-18.64406779661017,0.6557701832590392,15.384615384615385,38/30,0.051086152113462874,-43.28358208955224,0.6304843758289562,50.0,23/25,0.8049663238066451,-43.548387096774185,0.43086816720257226,83.33333333333333,18/7,0.07440607508965942,0.6839715839715841,0.7954648526077097,0.6370068027210884,0.784890317191492,0.8094749959035673,0.7669577248148677,0.6957176157176158,0.809750566893424,0.6473242630385487,0.9088213251476461,0.9368142968142968,0.8885973814545244
heldout,10,GRAPH7,105,176.8761904761905,-2.301255230125523,0.7531624314340085,0.0,35/2,3.020415394119645e-07,-3.327359317238892,0.9066211180423741,3.063052121531918,65/40,0.001918909516139742,3.535637076736323,0.9034195711163089,3.1185101291956747,74/31,5.597643430642726e-07,-11.501210653753027,0.7087318855453835,12.5,39/23,0.008097062497890033,-24.875621890547258,0.6930774785927989,42.857142857142854,24/19,0.5710890967081743,-29.032258064516128,0.4718879109035387,58.33333333333333,19/8,0.09744011449456887,0.7046353646353646,0.770861678004535,0.6952607709750567,0.7894939979772008,0.8061403147117432,0.7786936344079202,0.711589257303543,0.7811791383219954,0.7009070294784581,0.9138417674630587,0.9336147450433165,0.9010743753600896
heldout,10,GRAPH7_eps0.5,105,200.43809523809523,-2.301255230125523,0.7531624314340085,0.0,35/2,3.020415394119645e-07,-3.3273593172388907,0.9066211180423743,3.063052121531918,65/40,0.001918909516139742,3.4476215241287917,0.9070507600745457,3.187256572335128,71/34,3.274803436748348e-07,-11.501210653753027,0.7087318855453835,12.5,39/23,0.008097062497890033,-24.875621890547258,0.6930774785927989,42.857142857142854,24/19,0.5710890967081743,-29.032258064516128,0.4718879109035387,58.33333333333333,19/8,0.09744011449456887,0.7046353646353646,0.770861678004535,0.6952607709750567,0.7894939979772008,0.8061403147117432,0.7786936344079202,0.711589257303543,0.7811791383219954,0.7009070294784581,0.9138417674630587,0.9336147450433165,0.9010743753600896
heldout,10,GRAPH7_eps1.5,105,165.02857142857144,-2.301255230125523,0.7531624314340085,0.0,35/2,3.020415394119645e-07,-3.3273593172388907,0.9066211180423741,3.063052121531918,65/40,0.001918909516139742,3.4673007467527355,0.9067246525173505,3.1783527980875776,74/31,2.5382596437452617e-07,-11.501210653753027,0.7087318855453835,12.5,39/23,0.008097062497890033,-24.875621890547258,0.6930774785927989,42.857142857142854,24/19,0.5710890967081743,-29.032258064516128,0.4718879109035387,58.33333333333333,19/8,0.09744011449456887,0.7046353646353646,0.770861678004535,0.6952607709750567,0.7894939979772008,0.8061403147117432,0.7786936344079202,0.711589257303543,0.7811791383219954,0.7009070294784581,0.9138417674630587,0.9336147450433165,0.9010743753600896
heldout,10,GRAPH7_eps3.0,105,159.0952380952381,-2.301255230125523,0.7531624314340085,0.0,35/2,3.020415394119645e-07,-3.327359317238892,0.9066211180423741,3.063052121531918,65/40,0.001918909516139742,3.5012074077228545,0.9056564278279958,3.182444660892888,74/31,4.819136084081154e-07,-11.501210653753027,0.7087318855453835,12.5,39/23,0.008097062497890033,-24.875621890547258,0.6930774785927989,42.857142857142854,24/19,0.5710890967081743,-29.032258064516128,0.4718879109035387,58.33333333333333,19/8,0.09744011449456887,0.7046353646353646,0.770861678004535,0.6952607709750567,0.7894939979772008,0.8061403147117432,0.7786936344079202,0.711589257303543,0.7811791383219954,0.7009070294784581,0.9138417674630587,0.9336147450433165,0.9010743753600896
heldout,10,GRAPH7p,105,185.36190476190475,-2.301255230125523,0.7531624314340085,0.0,35/2,3.020415394119645e-07,-3.327359317238892,0.9066211180423741,3.063052121531918,65/40,0.001918909516139742,20.571747738909455,0.2963343317413438,16.50893252353543,19/86,2.4216858900036803e-14,-11.501210653753027,0.7087318855453835,12.5,39/23,0.008097062497890033,-24.875621890547258,0.6930774785927989,42.857142857142854,24/19,0.5710890967081743,-29.032258064516128,0.4718879109035387,58.33333333333333,19/8,0.09744011449456887,0.7046353646353646,0.770861678004535,0.6952607709750567,0.7894939979772008,0.8061403147117432,0.7786936344079202,0.711589257303543,0.7811791383219954,0.7009070294784581,0.9138417674630587,0.9336147450433165,0.9010743753600896
heldout,10,JPEG,105,2168.5904761904762,41.21338912133891,-0.005242020714436696,0.0,,,7.7831628374437125,0.352202934696572,3.8497074547935597,,,4.8684945781864934,0.7877542837514416,5.5925116620111766,,,23.002421307506054,0.16583600020985262,16.666666666666664,,,-1.9900497512437811,0.705772464038857,30.952380952380953,,,6.451612903225807,0.4402132520944401,50.0,,,0.6313570027855743,0.6682539682539682,0.6572789115646259,0.6379774144959812,0.6234258341777303,0.6966306709163853,0.6553479324907896,0.6925396825396826,0.6818140589569162,0.7808119215629562,0.762528109456678,0.8551701208844068
heldout,10,JPEGq10,105,1261.6666666666667,261.5062761506276,0.0009520790439077081,50.0,22/65,5.275994425318115e-07,217.53726380498102,0.013439419351298441,48.85464746891142,14/91,1.339331194801216e-13,19.730867185382323,0.1883245429552512,19.856588896068907,7/98,3.41011244630426e-17,434.9878934624698,0.00902652051280679,133.33333333333331,18/79,1.084782532431231e-11,653.731343283582,0.013523396673005067,183.33333333333334,9/77,1.193227158310692e-13,603.2258064516128,0.026998218684130926,100.0,15/65,4.010179761085069e-11,0.24669857442641574,0.20405961634942707,0.4925170068027211,0.2492614751264053,0.2276923956355682,0.33319981605695886,0.27551926122420756,0.22687166250409607,0.5815873015873015,0.367938383042061,0.3353373647473573,0.4907350850207993
heldout,10,JPEGq20,105,1619.2952380952381,448.32635983263594,-0.0010633066750770327,120.0,11/79,2.343887250049904e-12,187.09266603720818,-0.013595330006115534,30.878539827119113,13/91,2.1172866990730753e-14,6.4414249168664925,0.6596136821519747,6.744903030345055,36/67,0.00013546465904913443,393.46246973365623,-0.005814715155234321,116.66666666666667,16/79,2.1871394294593307e-12,304.47761194029846,0.02481326822987766,53.57142857142857,18/60,1.066089128438374e-08,258.06451612903226,0.0763648358898235,50.0,19/42,3.1668339244221184e-05,0.4261180613381016,0.41469260707452804,0.5787074829931973,0.3599432666614826,0.3144924040614186,0.5415176093747522,0.45230578895440066,0.4373760664231798,0.6161678004535147,0.4468947342494959,0.3883946157706811,0.6811146261146261
heldout,10,JPEGq30,105,2602.7238095238095,3.7656903765690375,0.32305098194802623,0.0,30/9,0.00013896065247629924,-0.374653024505601,0.8349893057684696,3.6693464213197093,55/39,0.044841236225828356,4.725650255424599,0.859693244076805,3.7846942667847996,68/27,1.4062983358861286e-05,-3.14769975786925,0.6938775510204082,14.285714285714285,35/25,0.03926073921599478,-12.437810945273629,0.709761893215654,33.33333333333333,22/22,0.8253316145617821,-6.451612903225807,0.3532177014102772,50.0,16/13,0.8786901472093172,0.6502046630618059,0.6912018140589569,0.6617233560090702,0.7024338406235989,0.7027588549017122,0.7122600944029517,0.7009378452235594,0.7439002267573698,0.7184807256235828,0.8514992744665073,0.8520734556448842,0.8635867043009902
heldout,10,JPEGq5,105,1180.3428571428572,80.7531380753138,0.013553584916216749,20.0,23/44,0.05695103971841273,261.5269059319938,-0.00039881495520017416,27.887212762638626,17/88,1.0236601210708735e-12,25.81411441863899,0.08514548605114347,23.948797134743298,6/98,9.71888497145454e-18,554.2372881355933,0.0003436912519683374,100.0,20/80,1.0803286156359262e-11,1288.0597014925372,0.0015807861151570103,200.0,14/79,8.803010346895107e-14,1788.7096774193546,0.0024999052444684496,200.0,8/72,1.1938692511577215e-12,0.21405054041019725,0.19216479009158952,0.4454875283446712,0.2349534940059193,0.23445779942300965,0.2546187146187146,0.259605353428522,0.22928873182523257,0.5413151927437642,0.3787407022497839,0.37773567553607423,0.41226347726347723
heldout,10,JPEGq50,105,4817.380952380952,-1.8828451882845187,0.8232521602513745,0.0,35/1,2.4629624529739826e-07,-2.659399621371748,0.9124781277867015,2.766322585757694,66/39,0.0005686067075943913,3.04381034210994,0.9121786836727569,3.228276364356514,72/33,4.7393795643678606e-07,-7.02179176755448,0.7948473282442748,11.11111111111111,40/22,0.00045616535331351036,-15.422885572139304,0.7670633956764636,33.33333333333333,23/20,0.4061689621357242,-16.129032258064516,0.4799037645060856,100.0,16/11,0.5453252356156678,0.698798767370196,0.7552607709750567,0.6914058956916099,0.7600556795074227,0.7720011998583428,0.7533064554493125,0.7278992964707253,0.7839455782312925,0.7270748299319728,0.902420911685935,0.9167010502724788,0.8943941772513202
heldout,10,JPEGq75,105,9272.819047619048,-1.2552301255230127,0.7721444071809036,0.0,35/4,4.817006462313206e-07,-2.963292474019305,0.9300661424479977,2.3097416618828412,73/32,5.184136703818952e-05,3.8725036503045662,0.8917244256087122,3.6465222631246337,69/36,1.988815025817257e-05,-10.53268765133172,0.7564516788679401,9.090909090909092,44/20,0.0006166040498311862,-24.378109452736314,0.7073908806483049,33.33333333333333,27/20,0.4565172942812673,-29.032258064516128,0.4261283497884344,66.66666666666666,17/10,0.3174570869872828,0.7194199451342309,0.7824489795918368,0.7098639455782312,0.7961736662966562,0.8113928663928663,0.7864809793381222,0.7356860071145787,0.8007029478458051,0.7263945578231292,0.920870040281402,0.9380133887276746,0.9101414458557316
heldout,10,PRE7,105,,-2.301255230125523,0.7531624314340085,0.0,35/2,3.020415394119645e-07,-3.371356115771869,0.9061977498424757,3.035841811385404,65/40,0.0021946142681027923,3.564139750494206,0.9038825238542649,3.236829249066254,76/29,1.9294953486379916e-07,-11.501210653753027,0.7087318855453835,12.5,39/23,0.008097062497890033,-24.875621890547258,0.6930774785927989,42.857142857142854,24/19,0.5710890967081743,-29.032258064516128,0.4718879109035387,58.33333333333333,19/8,0.09744011449456887,0.7046353646353646,0.770861678004535,0.6952607709750567,0.7894939979772008,0.8061403147117432,0.7786936344079202,0.711589257303543,0.7811791383219954,0.7009070294784581,0.9138417674630587,0.9336147450433165,0.9010743753600896
heldout,10,SEG,105,369.77142857142854,-2.301255230125523,0.7531624314340085,0.0,35/2,3.020415394119645e-07,-3.4017363120983672,0.9059884087418423,3.035841811385404,65/40,0.0022902240664201116,3.644171765727442,0.9050810380143605,3.2934189322555154,75/30,1.7099937488642706e-07,-11.501210653753027,0.7087318855453835,12.5,39/23,0.008097062497890033,-24.875621890547258,0.6930774785927989,42.857142857142854,24/19,0.5710890967081743,-29.032258064516128,0.4718879109035387,58.33333333333333,19/8,0.09744011449456887,0.7046353646353646,0.770861678004535,0.6952607709750567,0.7894939979772008,0.8061403147117432,0.7786936344079202,0.711589257303543,0.7811791383219954,0.7009070294784581,0.9138417674630587,0.9336147450433165,0.9010743753600896
