stem,ref_width,dt_none,profile_none,dt_dilate1,profile_dilate1,dt_dilate2,profile_dilate2,dt_erode1,profile_erode1
7250,5.584389645054271,5.943058738191544,9.047077223672389,7.468273560509268,7.961044307419656,9.834247185940994,8.700307845914812,4.248439968566559,8.540670562018306
7252,6.042279523837289,6.22840226227524,6.1868923551839154,8.077702413052375,6.565245817366359,10.075699529627515,6.174221349750001,4.5676902291962636,6.128277055835702
7254,5.271655834604259,5.2950448490673425,5.815227382310752,7.073545969714955,5.203355342543205,8.934395779623454,5.480231600685599,3.6175679497813604,5.765063607768781
7258,5.110189798590585,4.962927328238498,5.47223234701269,6.659758727295102,5.338598096236654,8.406017509631289,6.250378550603562,3.295395241119135,5.540541348327153
7262,6.860401984436519,6.624683264137187,6.3805659102528365,8.44051479415819,7.953443961393885,10.143809895174895,7.300995447906176,5.058257299881427,6.876807804119637
7266,6.424409346461063,6.442146804995742,7.023084631280768,8.161754872450455,7.086231493908064,9.870619104842039,7.19143089755042,4.803668411190503,7.259063377190048
7269,4.76051117065625,4.896061484181142,5.722313077943367,6.5210734820515395,5.71900822242569,8.702268798101262,6.943753080074012,3.293066498241966,5.311920728794406
7273,7.581310009280948,9.024128902629807,9.885229759947173,10.738363704451567,7.939491007885362,12.676418699163978,10.539849331873697,7.236299983703594,9.036985034626863
7283,6.294544021865964,6.390911355061098,8.0587075348973,8.014194255926569,7.320770435426475,9.914112104561323,6.850511192452022,4.691092914658776,7.06866228460542
7285,6.565354675963046,6.9162444720183345,6.947285597983111,8.652592806312766,7.075348747115043,10.422999404221182,7.15149749243254,5.241094604811252,7.070808085279662
7287,5.063250295294775,5.010637903458917,6.0671135581612115,6.8478293653615845,5.967260487430557,8.650817177641075,6.104208816023934,3.2855344306172176,5.804923551309977
7291,5.093539558505114,5.1017975919687855,6.0531977948501146,6.984064525817932,6.84435622333674,8.363294462745536,6.921711561467277,3.4929540553921394,6.191661551548525
7294,6.4190707947647825,6.603258060952331,6.861410658737308,8.285036831137678,6.983856268862272,10.041198134968127,6.8284943239493545,4.904985149598225,6.604685063764933
7298,5.508926617595068,5.916135344734739,6.158155218112387,7.785442313792525,5.215281178653804,9.522723764001588,6.87878524531644,4.303917546579026,6.131788239690123
7300,5.702033076705433,5.840691035940825,5.1571345565875895,7.55907991767527,5.162885725413511,9.033060128151694,5.48689990127226,4.222283642566126,5.237877175078198
7306,6.824584061240177,7.255440139321762,8.876792895609444,9.02108636830207,11.313230285072597,11.615752771008113,9.728773588040314,5.574385739544786,8.57317096500321
7308,6.684857342866573,6.8113885334083575,7.789477262431227,8.558647709579905,8.949969925020731,10.548002615639655,8.072446581197722,5.184284172342887,8.475779038363864
7315,5.98448014793485,5.993215479472576,8.026477735046454,8.007623791078085,7.048896549229749,9.9110892527733,6.646603561463229,4.361512638409465,7.621951148031986
7327,5.165004062973208,5.313045441408943,7.367818246130318,7.183659267526633,7.920883399667097,9.060419132215241,6.587906621487886,3.755110970634483,6.62906496147056
7329,5.495732366675097,5.8296015471581875,8.25886131372922,7.263475743378224,8.461104262717084,9.466574874820532,10.05580336814782,4.145037859482177,8.755397659575562
7339,5.260815526104675,5.547991509925147,6.311084469536362,7.384328608335712,6.501711022194223,9.120779709084047,6.4235588983491185,3.8231240366272092,5.994592904952512
7355,5.374145274311962,5.3538188032528735,6.226048902550112,7.309088340466116,6.0649590527688675,9.03844740498414,6.868717539870663,3.66582373389815,6.30501703219167
7356,5.213390323744062,5.498294986473755,7.713876227514306,7.112472203263722,7.7267522956449675,9.37048520573663,8.40580381726088,3.923876517583054,7.36177329959202
7359,5.893625282385353,5.961461039994979,5.171867099585329,7.631264017108394,5.454282846157537,9.509880657859307,5.766462473771137,4.376143338145774,5.584431020715393
7393,5.203714279202955,4.952846158890168,7.956029453989907,6.787856564324605,8.138407571743494,8.507186890280598,9.699456037429082,3.3917024333420156,6.969665230811827
7396,5.203304555913837,5.315441528476901,5.929710339029526,7.421156831550384,6.509131802411763,9.37533245384042,7.853110346553026,3.6356616241658566,5.7483135053835985
7407,5.646029439435715,5.809220999771313,5.958724890763195,7.625546390186543,5.904592275545156,9.34485929982547,5.735418518027479,4.122383008137478,6.241286884522257
7412,5.0586200689753404,5.0593539088754085,5.1631520851884325,6.901296135220719,4.917023998899377,8.755006211425401,4.756815305542583,3.329213554895761,4.940949224417835
7416,6.165945537687246,6.5605966561048135,10.165129554019984,8.437272049413997,10.636722408260692,10.840935162599528,8.902490029006369,4.8598991061990855,9.048138322931711
7418,5.950491903737898,5.889994074944177,7.148685911104304,7.527909112541692,7.274917099887696,9.337997914619015,7.065193688191518,4.300295436045807,6.6913780415304105
7421,6.9100575455299005,7.150895351945714,8.29971349900461,9.040160379806927,7.675470311860433,10.695521181508177,7.988830766652603,5.554016199901446,7.887198105869458
7423,6.665281599775273,6.799562181591826,7.09290914032084,8.628130831770187,6.952381965932913,10.308248405193412,6.89347878799946,5.174425160396196,7.202576797371355
7432,5.326668452892068,5.694230176383717,6.140876779409036,7.588432813867735,6.354716379737401,8.948137646654468,6.386946042251429,4.039011583863496,6.237302476995872
7434,5.234020882718466,7.2475206226343225,8.26960424080101,9.293021054245289,8.326006412390305,11.20198296317534,8.231446717961813,5.804568263903096,8.643040026295955
7440,5.245336908035301,5.278405419166923,5.745130903027368,7.112753188595578,5.937598733891861,8.904774533174292,6.0428266687419825,3.6437516649726414,5.709081767174763
7458,4.445441105468683,4.677249252521411,5.951034884529045,6.7671290782960165,5.807090045188078,9.151266678894942,6.164151708955494,3.01169947251517,5.481732429725955
7467,5.555227447311261,5.3316220420586875,5.547219964200375,7.055636023175519,5.655513809573294,8.967701653519246,6.613220500055818,3.711389352123974,5.926972721265543
7469,6.548844337993695,6.781113762349184,7.309813605471252,8.580432724757502,8.01267367103823,10.41608424321926,8.441049410416174,5.093136325055073,7.187948717761385
7471,5.420983871490147,5.665204098896992,6.341971607817565,7.4422313862110085,6.898449027471945,9.372466297755642,7.0097136369774296,4.035249151494805,6.059130240138301
7475,6.1279145238174,5.89627056027846,5.843526606882823,7.739495412516178,5.837440922999034,9.493368444808306,5.798767119790361,4.229523681932825,5.797619275340967
7481,5.803759581623667,5.546356160589537,5.613597544266019,7.630676529062663,6.081165604273237,9.375058580583188,6.3162245527514855,4.188673279184246,6.55625588550805
7487,5.928035030470717,6.439974691629916,7.795567146067189,8.276077740683043,8.565462702945785,9.565306307128445,7.4796504634552505,4.898629280727965,7.203719475310031
7491,5.87627078191505,6.14853935078454,7.3165294584003,7.9140293005057645,7.027068540461988,9.693188376255513,7.018180798067325,4.551006754751248,7.026379436549806
7493,4.961979505649622,5.155199395851966,5.718676121545482,6.976537442975038,5.609569904152385,8.723088482533896,5.953546622762052,3.495712899209893,4.6784305391393115
7497,4.625195126988333,4.96171612764637,4.959859596731956,6.543519916432577,4.986304299839497,8.88185947887918,5.3362627288034385,3.2300985021791235,4.773525438181723
7499,5.513670926581324,5.7629507589775075,6.371064730408562,7.688899449793399,6.112308777590079,9.740765984161522,7.159414101144872,4.126643544062181,6.324296678359261
7505,5.365729154789246,5.909890129381933,6.106741283743552,7.607716794329461,6.33536963300175,9.327698730640353,6.340405717922134,4.27233288061141,5.992992683630223
7511,5.7441451049417465,5.995143118552828,6.534051553568667,7.756394947779752,6.46108642944468,9.505144312410307,6.3124941663631455,4.460035241909783,6.412826024083066
7517,6.913208022143014,7.6089467760816305,8.129449379925456,9.233035058731918,8.816232462352572,11.276891505016993,9.219511040073385,6.056128095239206,8.605871297908275
7528,6.847096856179329,7.25699051064123,8.881779625650717,9.148826539500796,11.141043512455772,11.440874674949109,9.507211109995048,5.61920511218142,8.693125282153314
7531,5.366326381595198,5.938421344925758,6.364178877718912,7.825468267793517,7.7179847954632,9.9658715605443,8.66679543415691,4.375322052875975,6.341454417367081
7540,5.2803612603028,5.866833995963502,5.646913246591817,7.625278241491239,6.158531173791885,9.091352649870332,5.635420338681238,4.249816685043562,6.098848274978377
7547,5.0644439162938415,5.166206774310017,5.844265940472182,6.869890450574691,5.442461603182277,8.6719545756784,5.947415835174817,3.4838315126920683,5.856213734199539
7554,6.619873360099869,6.743013021319626,8.021486430167235,8.45051739542033,8.745742795699046,10.165353171081035,8.32023478022328,5.136544652101966,8.528305414035263
7555,7.243450798908452,7.59752157636831,7.667100261134298,9.376785813423181,7.690547225747195,11.222379055203314,9.33360114738367,5.89409761207423,7.831972813560166
7569,5.938183616941285,6.02723701598334,7.224878232103225,7.775379668251828,7.220625451220891,9.223248267290124,7.0680776662848865,4.4845106576338365,6.934704805264741
7575,5.337057924831664,5.559819794039906,8.538482911912174,7.38195936073389,8.548543210568543,9.710988828785949,7.750739427399621,3.866568300247727,6.565144477749631
7577,5.5198738206606865,5.392705886007598,5.957309608306038,7.207623086028855,6.063411380650329,9.1439046906937,6.264111452130864,3.7076088855626175,5.541270647999707
7583,5.963728737201305,5.790738262181581,7.50863678939041,7.552670768679339,7.7510155808069445,9.838814370777497,10.619218609716214,4.1054430104735316,6.802758578806368
7588,4.789763400681806,4.925902853416354,4.512824528912255,6.56170573102671,4.46024208900531,8.269454792212757,4.6958108333189745,3.263643424044247,4.7282785575737165
7592,6.323279072812605,6.407334237926406,6.3410322018560255,7.929176069552742,6.664297961678132,10.044089871855162,8.095636033717716,4.772228394750566,7.8116719149611455
7594,4.9919704835413725,5.243091833867205,5.937994060412925,6.9788388807602235,6.596490926566335,8.726278387426552,6.012501370654671,3.5945884077689367,5.2043889010287705
7595,6.013102913559205,6.021261228378502,6.620457736438454,7.771822361745447,5.711903423830835,9.593549606988391,7.068137304051803,4.367227918745098,6.727411052597565
7601,6.171415849920484,6.394556890025308,5.968544639633025,8.18125784342434,5.628813846686931,10.060643688258008,5.99492277509519,4.7593522681557765,6.488099476710858
7604,5.584507439011519,5.51176944962336,5.226774440479974,7.323753213072898,5.111066064948048,8.450280322967028,5.378147636897361,3.9698286993847867,5.160775295993238
7610,6.788692390604829,7.1805368586452945,8.59216097652802,8.992967249198793,7.692418720325845,10.87226268937222,7.5812626510510945,5.526260227177646,8.33279515026968
7621,5.79658047733401,5.782701148084925,5.908359201702182,7.6940190133710225,6.031403832340628,9.868642301685492,6.318599513779613,4.198757809778672,6.006519874429583
7626,5.536197810036267,5.349893447041867,5.9726489316247875,7.106184831561006,5.345334930517105,8.833759115134987,5.598070541084933,3.5414089808627844,5.860109769187073
7629,4.76609423423099,4.90272300814747,4.5915422440337545,6.677351827710714,4.467368724355808,8.527343990867633,4.536108277844089,3.179822380433563,4.360816001392928
7632,6.598782869130926,6.8087334109616044,7.564129778956235,8.912653632244202,7.199079749652378,10.689817040608641,7.1957480767130795,5.121780548631707,7.653665218086542
7636,5.200089085559719,5.256451826195401,6.838476265125542,6.89040588113971,6.858909230112019,8.954902353699667,7.125399682731395,3.7108222596988862,6.441646419058787
7638,5.826456024468072,5.965633594631504,6.470124235379109,7.61361125066249,6.631511956519148,9.407324225982414,7.21568983718778,4.319896058631527,6.704497151584581
7640,4.7827120030506505,5.066265825102277,5.5203331331392755,6.954986015233629,5.769377996106314,8.268210416730298,5.176760553742306,3.41470947824917,4.83587403014342
7645,5.474853658178361,5.63127468956139,6.408973005508673,7.4047337715718236,7.265910725118125,9.831840458161855,9.24486206611007,3.96133063899748,6.882255334638929
7649,5.392965977668054,5.867728500588275,6.155225215602886,7.724499952433599,6.346256880704698,9.09641876459048,6.587413768084769,4.240289446007891,5.455035712070619
7657,4.989843304885208,5.417612699109133,5.152551575579527,7.138589427117853,5.198492510493349,9.044680903899907,5.3143221521083435,3.682065184845007,5.300167225806302
7658,6.886146774194168,7.195729084838089,7.575887467498205,9.108482171431847,7.327036816424729,11.080484868745003,10.07372097235366,5.518282960554056,7.658331278326046
7661,6.105368300658547,6.352794825381177,6.7139156969278755,8.021610189455952,7.630295347388509,9.655636259794706,7.750825401918195,4.760605460742125,6.659556683112044
7665,5.856631156063059,6.06515360309271,5.6058040942660385,7.8464160798025695,5.786138765990875,9.575674988795752,5.972206787775677,4.446622725336883,5.607637268182412
7667,5.239524738072518,5.374987956011567,5.50964104290316,6.961564530433566,7.1757091374264315,8.924844588529245,5.943238942429813,3.6535886186479813,5.7798153887218495
7672,5.586598883691737,5.567988629331824,6.696979141226471,7.377376148663245,6.08689338032711,9.227069475278164,6.60804523138254,4.038429396042962,5.273950330845808
7677,6.647711599197144,7.0620120598774525,8.324150624886999,8.983061386985169,9.5253594910255,10.96940716450285,9.550288889496931,5.566729443119871,10.548980970596746
7681,5.367714742703503,5.36737753283405,5.321060933162102,7.241251263225273,5.732930330800318,9.389883710235667,6.59319378070035,3.669279905603815,5.457596527147279
7682,5.790362792176927,5.892538709697652,6.488938964346141,7.556582030504591,7.312430985890441,10.17919630403621,7.599500960889803,4.153759505658644,6.972857491194832
7697,5.539871193649483,5.63741916967579,6.265716056408627,7.51315586473191,5.935796252241103,9.36220599403281,6.017219431123569,4.026676616403288,6.502952207691344
7700,6.391940211511549,6.516419521625334,7.9348027790433715,8.309646106549472,7.280197781810185,9.871419572403843,7.932640417995155,5.117639266299019,7.7846648572994255
7704,5.273834215835147,5.4191601087626475,4.7997870190401635,7.146103073844064,4.471056557462481,9.162830467457303,5.154666366146579,3.7685896168416337,5.47501710553161
7705,5.717914685547162,5.8293243021598915,7.4591697273575495,7.602030288377731,7.840013220078538,9.337424049601195,7.085376089730664,4.256398173835293,7.22166871297506
7707,5.580435156320131,5.583411854217481,6.055959226624385,7.428611909842208,6.054565437296385,9.114294108620419,6.238184923607682,3.9721737371071244,6.3156350354293975
7708,4.890354094375373,4.78949525576259,4.906818613646405,6.630367897612632,5.220609360915189,8.414689098914847,5.070765552021198,3.1221824324258236,4.988246164181183
7715,5.560422912537622,5.694901789729297,5.981370669266668,7.32425770938557,6.617102573128159,9.55196663746231,7.25764164169395,4.021620341256188,6.032124212407822
7717,5.942706698986518,5.834628638696533,7.122095799970528,7.42293569563071,7.057846846262968,9.493955809600607,7.115854676363271,4.206146334327041,7.630478615220155
7721,4.9522068583656,4.9826977871689975,5.961021552272591,6.779683879897679,5.49747626043795,8.503322041266296,5.362714445334628,3.4121593912937014,5.354764201449208
7725,5.823726500274162,5.687445072037044,6.537824513023121,7.544122952012018,7.213709993357297,9.246792355273277,6.694161770860503,4.077517990363382,6.824882952164793
7728,6.166387803010994,6.471473408215553,7.0318748173334455,8.041685510105625,6.897799579415573,10.351295231463448,7.747431965378331,4.771752233255514,7.104574696299905
7730,6.318967705376422,6.41586011713133,6.268720998073995,8.155421533742423,7.595550709414665,9.87000135044253,9.676794335653698,4.799806535681693,5.935698942633857
7733,6.954527205207515,7.151095990154094,8.168321849414184,9.280466129311588,8.512534803169405,11.225501903315653,8.903358856946756,5.589411361836721,8.993975675538154
7741,5.832072883380747,6.52780037416215,5.659663327068343,8.409534468788484,6.792208805321188,8.8213608491589,5.688721139530303,4.921145251977294,5.724573531893874
7743,7.107323226133427,7.007464397866157,9.111130776462876,9.093130105544288,6.868414829971952,10.888815089321527,7.063472234661093,5.302554514199705,7.963454178364811
7746,5.52221836816692,5.475556914220095,6.795170012184436,7.259764919937192,7.9264481644618785,8.640243502605703,7.485392572729306,3.8794922241480827,6.546250213417694
7755,5.18453881695879,5.25257800045742,5.589940840719451,7.031650719272595,6.850194813001462,8.735888711556626,5.562567628527076,3.60610640430427,5.2091324181109515
7756,6.247004705990953,6.529397001913307,6.645056270114358,8.755809875388891,6.672246713449376,10.702490467655478,7.1911769432682355,4.88638208026646,5.97678262149952
7758,6.681106616015476,6.861070090356478,7.342378667540885,8.635475704926794,8.504025219886778,10.591069753974269,8.933602674626666,5.228744625490551,7.714364288570921
7773,4.871148569085335,5.216001502386831,4.980549554499299,7.1862796034246506,5.844774152472532,8.881675916993938,5.278763855722867,3.5416559462403563,5.348619656683882
7775,5.364740145039099,5.976142442953759,5.616221935237104,8.181406319162386,5.969496605060479,9.72544961259892,5.694989646965307,4.319426669034236,5.615068429465552
7781,6.903787104706793,7.089678234978997,9.564287652606845,8.864769091301598,8.70881146049808,11.333600539585927,10.123262657431905,5.530915575843573,8.672737048313781
7784,5.7155888973648805,5.6514529404592615,7.713220360354536,7.472190340738924,8.661545841793648,9.27275341242491,8.133655228715954,3.9917495632538214,6.374780473508462
7794,5.741684697812638,5.9997180986824254,5.981154369789224,7.853878574624521,6.138502982208892,9.61711835301794,6.337112912066466,4.360570771883537,6.272939962177969
7801,5.088073565435674,5.267739198239692,6.645205957560182,7.003950973753457,7.626517652027766,8.699065164554591,6.921854031542639,3.5863931299895944,5.929103573979653
7803,5.268089515255103,5.539144107037631,8.494636135901303,7.203912759224373,9.132185249156883,9.065199459845232,9.210405971550477,3.9148897567325163,8.001304543457342
7804,5.409519981788574,5.497353108971939,5.737970267050731,7.275804903648444,5.8866786188703255,8.918201033273025,5.904075374596546,3.8884735454931962,5.6104626808262354
7807,7.075740373907809,7.199465791932644,8.736800551068827,8.709441422341195,7.747137222999492,11.36832044891367,7.715416785007605,5.566767124767021,8.4027477297129
7813,6.5681759439870016,6.587985751145683,7.425609866887144,8.201000721121671,7.2209099161102355,9.67652650860677,6.67622456697804,5.0626441990071545,6.905385607154207
7817,5.696297693823256,5.645565778548086,5.351429619671928,7.400306287825137,5.284695620037714,9.272669627547725,6.1686685075513426,4.042197970602856,5.631254728679431
7819,5.313198074025721,5.45800149641789,5.737476465281246,7.404130597940443,5.506130096932629,9.196653873501946,5.849754357937043,3.7862669758460403,5.617057014686806
7825,4.975177822565123,5.10138869511045,6.658116957958391,7.037682367875956,6.373379180030652,8.878868437559632,6.824840508822571,3.4765156422819916,5.780153184703845
7828,5.805824327178123,5.949657408145585,7.919740399511314,7.562196150790713,6.9223404062428555,9.84279943102646,6.927681698342235,4.273188551487832,7.295778997364751
7830,5.144820796205593,5.427043969568577,5.245415888043767,7.246318307993496,5.170040511467554,9.229454751813975,7.456635350519702,3.7103101940579224,5.61160510819842
7842,5.635187750832024,5.546174162067203,5.442479136688879,7.350728843511197,5.967886509704027,9.090820859549476,6.1794886559603075,3.8756006397010134,5.9193296513179705
7848,6.064158680518132,10.4195267747435,10.24400183391845,13.135339947584932,10.312649994108291,15.51633803752118,10.380216995371667,9.993206585493583,12.400788400917481
7862,5.9419883989086415,5.922874028775958,5.854555107805671,7.816240091138563,6.102663660639134,9.718898892519308,8.348742535628388,4.313359499590679,5.780722035335521
7864,5.569941194254857,5.660039841637899,5.789419568372185,7.375164686415618,6.689798396512137,9.981679339413944,8.008654048475691,4.145388349564028,5.492182073014802
7867,6.198407703614278,6.403448901500987,8.086113358881104,8.555917119948745,7.6586205117625745,10.318767803245668,7.481121195161223,4.7473700106215855,7.981778993197566
7873,5.370536294046389,5.523069899741072,6.178384647050693,7.3637015997787465,7.3507946139411295,9.047920158325153,6.415616912783692,3.8880950161829646,6.103574597494664
7881,5.396710773018869,5.1460907207333975,8.29500403697514,6.898112671218323,8.595343493154383,8.642914088273319,7.087744585041764,3.3836617994375175,6.116135941498779
7885,5.59099831187878,6.233866845708889,7.1668206996563,8.135030220965723,7.163192467413244,10.04297270065656,7.373098530952953,4.602029391784676,6.315949284479144
7889,5.985490522733109,6.213623199324501,6.690526107625057,8.094748493558516,6.73536034330334,10.294373492453454,6.915275249479143,4.574116898262392,6.710515155683777
7890,6.732873737600366,7.13389090395711,7.806606887830426,8.965384637046803,7.276871450335517,11.385520122887716,8.157940560639977,5.476068895121022,8.583683930363279
7899,6.507242321431723,6.248017279325449,6.584573056119672,8.035235369934426,6.940413281440996,9.85485884815947,6.462319600612975,4.758412443413266,6.471297548873803
7902,5.873623510341042,7.158665510140818,7.637017792267166,8.860769614925104,6.905113167339885,10.303597081031963,6.732790897141294,6.005475204067916,8.955372094981279
7903,5.628464053987053,5.953713046885374,6.763448029071976,7.667951530989974,6.737221409783648,9.7446539910993,7.152652645836347,4.233374154182434,6.9155908774528205
7904,5.811921915364848,5.60186551310867,6.793063273686485,7.383485689840695,6.024885771270293,8.974474988593398,6.391265734321186,4.042420158895778,6.658279697679616
7908,4.663105787729405,4.53926228593605,4.3750833410120205,6.293835881704744,4.4799340238701735,8.07475330557464,4.647873009655055,2.7838224445484787,4.434851799882747
7910,7.571483556075567,7.707258567018505,8.273867861198449,9.309034232350069,8.906262189825467,11.618794374716176,8.521812074022055,6.042772033098549,8.22966246339721
7934,5.539012513587521,5.936875376879661,6.466373349252101,7.407893062871366,6.594187884648578,9.256539107804128,6.79777145744958,4.2642983494377305,6.233724870506831
7935,5.903833894153018,6.025292198149647,5.308707830387816,7.860348695387032,7.212469511411894,9.992267292636091,7.036195350295181,4.403536848496894,5.85918195742446
7937,5.5204673741106935,5.695636738735867,8.7558359679161,7.477314682519924,9.939282844120129,9.532980042052403,11.447540035898786,3.9924172784120184,9.426051947342238
7939,5.813981459110188,5.713011627721211,6.167711479402503,7.361253702764232,6.450932104493907,9.071357430544413,8.044216075652793,4.062339992980223,6.016260689637487
7942,5.3478696150850995,5.664021910483588,7.371673638360264,7.441067535645239,8.0885259122491,9.268021754606428,7.7097888686519935,4.031842670235252,5.783706119955331
7954,4.578819377977166,4.722424798650641,4.676636626955922,6.317264921658256,4.4053895780753365,8.205574097779348,4.668102217093688,3.0673544631344005,4.5317244807997765
7964,6.617384292934484,6.830837211588742,10.321623454815201,9.09758507512898,8.596716260837425,10.536395891551235,10.64801932222076,5.2054664707199105,9.458564262673972
7966,5.182641315433763,5.213127481120589,5.729891577753622,6.9738707316432995,5.633268323712829,8.86285505406625,5.792836543095615,3.4983509067206877,5.915937838414865
7967,5.748885146988736,5.934966742921693,6.738443332211928,7.678206391669007,6.680760821941834,9.6370060425138,6.8899652102621,4.371643926502074,6.4899693059042765
7970,5.066215075965421,5.783733438761634,7.18794760911962,7.788988306654263,7.6387918105329575,9.866762966834086,7.2709545515752305,4.149812744113978,5.264522972746793
7981,5.680533484237767,5.915473911899276,8.213661877400154,7.723533141953817,8.406520854521826,10.094445741348396,8.930410815578696,4.28881718999312,7.560781109720707
7984,4.608425028636353,4.906036740911875,6.90360578097799,6.764651373860099,6.89092706546631,8.506089867828269,6.820160673716542,3.1726423287039283,6.605891625277336
7985,4.3883125250926245,4.505428101370389,4.620690437192655,6.305024697467003,5.378956619636765,8.310909256738777,5.555096379455561,2.8456368526379343,4.931624136462253
7987,5.5882556923572615,8.557075831851666,13.347968375922086,10.92343721249558,15.330107912009577,12.619817539148325,18.540441932146603,7.394696958802847,14.227075631571568
7994,5.279032670875497,5.719823056638732,6.044055145519513,7.669661072169694,7.445340892585679,10.422761501609273,7.041841760979594,3.9794263386831292,6.507027078411315
7998,6.183525311795897,6.1629461509207895,6.211422697462588,7.918483746183353,5.420643178030504,9.719621348639135,5.341341615297581,4.567619828678316,6.647006814652068
