stem,seg_iou,precision,recall,precision_dil20,tp,fp,fn
M1_001_y0x0,0.089885,0.195971,0.142399,0.280759,1109,4550,6679
M1_001_y0x256,0.044802,0.079319,0.093344,0.138236,359,4167,3487
M1_001_y0x512,0.099323,0.108108,0.550000,0.226105,660,5445,540
M1_001_y256x0,0.161643,0.297138,0.261709,0.351079,1464,3463,4130
M1_001_y256x512,0.215736,0.358809,0.351087,0.499536,3230,5772,5970
M1_001_y256x768,0.215108,0.406255,0.313744,0.472626,2728,3987,5967
M1_001_y512x512,0.145628,0.271543,0.238996,0.377320,1667,4472,5308
M1_002_y256x512,0.174813,0.237320,0.398932,0.244949,1867,6000,2813
M1_002_y256x768,0.063026,0.157592,0.095049,0.160927,958,5121,9121
M1_002_y768x256,0.141424,0.153834,0.636768,0.398012,1001,5506,571
M1_002_y768x768,0.042043,0.069702,0.095800,0.229003,349,4658,3294
M1_003_y256x256,0.202452,0.217367,0.746872,0.240248,776,2794,263
M1_003_y256x512,0.101519,0.171529,0.199185,0.190278,1417,6844,5697
M1_003_y512x256,0.195161,0.220450,0.629806,0.315215,1589,5619,934
M1_003_y512x768,0.135600,0.171517,0.393036,0.223753,1332,6434,2057
M1_003_y768x512,0.195777,0.336533,0.318841,0.398579,2244,4424,4794
M1_003_y768x768,0.119976,0.193486,0.240000,0.278137,1206,5027,3819
M1_004_y256x256,0.172229,0.183680,0.734220,0.338844,2152,9564,779
M1_004_y256x512,0.139482,0.151859,0.631195,0.363764,1299,7255,759
M1_004_y512x0,0.181307,0.183141,0.947658,0.270086,1032,4603,57
M1_004_y768x0,0.114266,0.115985,0.885193,0.197984,825,6288,107
M1_004_y768x512,0.163503,0.203441,0.454408,0.345691,1809,7083,2172
M1_004_y768x768,0.209461,0.244532,0.593576,0.315998,2236,6908,1531
M1_005_y256x512,0.225961,0.291348,0.501698,0.423656,2364,5750,2348
M1_005_y512x0,0.212581,0.215429,0.941463,0.325891,1737,6326,108
M1_005_y512x768,0.281597,0.338321,0.626799,0.429650,3527,6898,2100
M1_005_y768x0,0.077200,0.081928,0.572230,0.177778,408,4572,305
M1_005_y768x256,0.183410,0.284712,0.340143,0.527174,2231,5605,4328
M1_005_y768x512,0.170654,0.395776,0.230781,0.503841,3017,4606,10056
M1_005_y768x768,0.108102,0.121033,0.502936,0.337393,942,6841,931
M1_006_y0x512,0.236799,0.269266,0.662605,0.470270,870,2361,443
M1_006_y0x768,0.046732,0.061496,0.162934,0.138440,291,4441,1495
M1_006_y256x512,0.215131,0.289797,0.455034,0.382780,2454,6014,2939
M1_006_y512x512,0.191103,0.233462,0.512970,0.330691,2294,7532,2178
M1_006_y768x512,0.167220,0.219519,0.412417,0.356800,1561,5550,2224
M1_006_y768x768,0.182363,0.335065,0.285791,0.396909,2645,5249,6610
M1_007_y512x0,0.055106,0.056351,0.713710,0.232895,531,8892,213
M1_007_y512x256,0.198431,0.236554,0.551829,0.374622,2353,7594,1911
M1_007_y512x512,0.318742,0.390033,0.635546,0.486049,5017,7846,2877
M1_007_y512x768,0.177854,0.222302,0.470767,0.262768,1240,4338,1394
M1_007_y768x0,0.211487,0.226298,0.763666,0.393147,2375,8120,735
M1_007_y768x256,0.108075,0.111263,0.790427,0.323623,1222,9761,324
M1_007_y768x512,0.236029,0.366098,0.399162,0.442536,4097,7094,6167
M1_008_y0x768,0.341463,0.402655,0.692015,0.475674,2366,3510,1053
M1_008_y256x256,0.144295,0.154016,0.695706,0.253342,1118,6141,489
M1_008_y512x0,0.126434,0.128639,0.880597,0.212951,1003,6794,136
M1_008_y512x256,0.218075,0.303054,0.437476,0.425928,3453,7941,4440
M1_008_y512x512,0.224315,0.430182,0.319139,0.464178,3395,4497,7243
M1_008_y512x768,0.117360,0.205921,0.214384,0.210491,313,1207,1147
M1_008_y768x0,0.157569,0.171954,0.653201,0.205493,1908,9188,1013
M1_008_y768x256,0.274495,0.461349,0.403960,0.474018,4488,5240,6622
M1_008_y768x512,0.321484,0.370877,0.707082,0.370877,1248,2117,517
M1_009_y256x0,0.048491,0.120432,0.075081,0.161538,903,6595,11124
M1_009_y256x512,0.150263,0.174520,0.519481,0.327761,1000,4730,925
M1_009_y512x256,0.115023,0.185772,0.231969,0.408333,833,3651,2758
M1_009_y512x768,0.048886,0.077015,0.118048,0.191002,450,5393,3362
M1_009_y768x512,0.030487,0.035984,0.166369,0.155129,186,4983,932
M1_010_y0x0,0.113663,0.242937,0.176005,0.294132,1178,3671,5515
M1_010_y256x0,0.293005,0.343373,0.666388,0.370646,1596,3052,799
M1_010_y256x512,0.252916,0.260265,0.899576,0.353858,1908,5423,213
M1_010_y512x256,0.151289,0.165496,0.637993,0.289640,1602,8078,909
M1_010_y512x768,0.294965,0.330413,0.733288,0.396313,2150,4357,782
M1_010_y768x512,0.201313,0.306599,0.369577,0.376638,2760,6242,4708
M1_010_y768x768,0.208941,0.500811,0.263902,0.584050,3398,3387,9478
M1_011_y0x768,0.107565,0.219394,0.174255,0.419547,1129,4017,5350
M1_011_y256x512,0.117871,0.233918,0.191980,0.345308,1240,4061,5219
M1_011_y256x768,0.104974,0.321459,0.134855,0.500332,1507,3181,9668
M1_011_y512x512,0.082670,0.122126,0.203751,0.197766,478,3436,1868
M1_011_y512x768,0.171193,0.269640,0.319212,0.372842,1620,4388,3455
M1_011_y768x768,0.106028,0.266148,0.149832,0.368225,890,2454,5050
M1_012_y0x512,0.354402,0.401485,0.751371,0.491392,4110,6127,1360
M1_012_y0x768,0.092503,0.094081,0.846512,0.223176,728,7010,132
M1_012_y256x768,0.070384,0.073589,0.617704,0.268385,635,7994,393
M1_012_y512x256,0.219360,0.220453,0.977895,0.443259,2035,7196,46
M1_012_y512x512,0.219280,0.244214,0.682314,0.383680,3503,10841,1631
M1_012_y768x256,0.147418,0.151508,0.845209,0.377711,1376,7706,252
M1_012_y768x512,0.319007,0.397606,0.617406,0.508444,4817,7298,2985
M1_013_y0x512,0.170188,0.171565,0.954963,0.385672,1039,5017,49
M1_013_y0x768,0.290209,0.292841,0.969957,0.477801,904,2183,28
M1_013_y256x256,0.297144,0.333636,0.730948,0.360222,3309,6609,1218
M1_013_y256x768,0.169569,0.215253,0.444128,0.311351,779,2840,975
M1_013_y512x256,0.272247,0.293860,0.787309,0.411801,4020,9660,1086
M1_013_y512x512,0.184572,0.292529,0.333391,0.428841,3857,9328,7712
M1_013_y512x768,0.191599,0.295332,0.352958,0.351480,2518,6008,4616
M1_013_y768x768,0.158389,0.238974,0.319591,0.357155,2124,6764,4522
M1_014_y256x768,0.294776,0.310108,0.856369,0.385601,1264,2812,212
M1_014_y512x0,0.153917,0.160759,0.783380,0.284214,839,4380,232
M1_014_y512x256,0.210963,0.315279,0.389351,0.409091,2340,5082,3670
M1_014_y768x256,0.145574,0.217160,0.306331,0.313880,1592,5739,3605
M1_014_y768x512,0.160105,0.255719,0.299819,0.349917,2314,6735,5404
M1_014_y768x768,0.161473,0.394724,0.214612,0.447477,2394,3671,8761
M1_015_y256x256,0.120525,0.159616,0.329814,0.207217,781,4112,1587
M1_015_y256x512,0.079140,0.132976,0.163513,0.260237,769,5014,3934
M1_015_y512x256,0.132123,0.194554,0.291651,0.499684,1579,6537,3835
M1_015_y512x512,0.149572,0.254920,0.265748,0.349772,2759,8064,7623
M1_015_y512x768,0.054385,0.094622,0.113390,0.189320,702,6717,5489
M1_015_y768x512,0.061419,0.113024,0.118569,0.265852,696,5462,5174
M1_015_y768x768,0.053047,0.126284,0.083805,0.262369,578,3999,6319
M1_016_y0x512,0.079857,0.080262,0.940580,0.191615,649,7437,41
M1_016_y256x256,0.224428,0.284950,0.513774,0.295914,746,1872,706
M1_016_y256x768,0.140918,0.213311,0.293400,0.278882,1516,5591,3651
M1_016_y512x256,0.133831,0.178880,0.347005,0.236087,1489,6835,2802
M1_016_y512x768,0.155921,0.174239,0.597278,0.392514,1185,5616,799
M1_016_y768x0,0.249651,0.324425,0.519961,0.603225,3217,6699,2970
M1_016_y768x256,0.209715,0.296349,0.417716,0.530435,1891,4490,2636
M1_016_y768x512,0.185972,0.208681,0.630861,0.613057,1803,6837,1055
M1_017_y0x512,0.294521,0.444081,0.466527,0.492599,4892,6124,5594
M1_017_y0x768,0.199407,0.254093,0.480930,0.291968,807,2369,871
M1_017_y256x512,0.125361,0.127362,0.888661,0.293150,1301,8914,163
M1_017_y512x256,0.297314,0.419404,0.505277,0.508362,1915,2651,1875
M1_017_y512x512,0.119922,0.166421,0.300306,0.359325,1470,7363,3425
M1_017_y768x512,0.238068,0.381961,0.387235,0.500330,3786,6126,5991
M1_018_y256x256,0.063499,0.081559,0.222859,0.179597,544,6126,1897
M1_018_y256x768,0.336799,0.477764,0.533036,0.607445,4308,4709,3774
M1_018_y512x256,0.174775,0.274153,0.325303,0.377337,1958,5184,4061
M1_018_y512x768,0.126588,0.309137,0.176527,0.437967,1465,3274,6834
M1_018_y768x256,0.109401,0.131176,0.397254,0.243259,839,5557,1273
M1_018_y768x768,0.004372,0.005874,0.016807,0.007896,20,3385,1170
M1_019_y256x0,0.282230,0.316230,0.724138,0.376995,1134,2452,432
M1_019_y256x256,0.382022,0.476369,0.658571,0.589879,6481,7124,3360
M1_019_y256x512,0.307564,0.464430,0.476604,0.584560,5164,5955,5671
M1_019_y256x768,0.359017,0.476998,0.592088,0.559654,5568,6105,3836
M1_019_y512x0,0.097693,0.098608,0.913319,0.271186,1296,11847,123
M1_019_y512x512,0.138240,0.194571,0.323177,0.270849,1835,7596,3843
M1_019_y512x768,0.207520,0.315651,0.377252,0.554911,3350,7263,5530
M1_019_y768x512,0.108886,0.115846,0.644431,0.326494,1082,8258,597
M1_020_y256x512,0.061059,0.061351,0.927681,0.382519,744,11383,58
M1_020_y256x768,0.166291,0.245420,0.340260,0.458168,1621,4984,3143
M1_020_y512x512,0.080083,0.116661,0.203452,0.211125,1002,7587,3923
M1_020_y768x256,0.069977,0.072042,0.709413,0.266530,520,6698,213
M1_020_y768x512,0.098200,0.119872,0.351975,0.404676,900,6608,1657
M1_020_y768x768,0.250974,0.361670,0.450546,0.422315,2642,4663,3222
M1_021_y256x0,0.238948,0.264271,0.713767,0.369952,2162,6019,867
M1_021_y512x0,0.182008,0.297116,0.319634,0.357070,2442,5777,5198
M1_021_y512x512,0.133965,0.172165,0.376467,0.316562,1315,6323,2178
M1_021_y512x768,0.151258,0.227162,0.311616,0.335322,1124,3824,2483
M1_021_y768x512,0.104494,0.216738,0.167896,0.294193,1616,5840,8009
M2_001_y256x0,0.020690,0.061682,0.030192,0.226027,33,502,1060
M2_001_y256x256,0.061728,0.195707,0.082711,0.306324,465,1911,5157
M2_001_y256x512,0.032797,0.191913,0.038052,0.276762,318,1339,8039
M2_001_y512x0,0.032153,0.267213,0.035262,0.316198,326,894,8919
M2_002_y0x0,0.242103,0.265860,0.730408,0.312668,1165,3217,430
M2_002_y0x256,0.117203,0.241882,0.185254,0.284776,1691,5300,7437
M2_002_y0x512,0.157267,0.312244,0.240617,0.322406,2744,6044,8660
M2_002_y256x0,0.023086,0.065642,0.034385,0.124116,158,2249,4437
M2_002_y256x512,0.122226,0.273435,0.181016,0.315942,2071,5503,9370
M2_002_y512x0,0.076031,0.288354,0.093592,0.423342,983,2426,9520
M2_003_y0x256,0.203692,0.315228,0.365353,0.394810,1567,3404,2722
M2_003_y256x256,0.057033,0.210889,0.072507,0.222776,581,2174,7432
M2_003_y512x0,0.215666,0.364375,0.345738,0.385910,2109,3679,3991
M2_003_y512x512,0.079635,0.566707,0.084799,0.566707,463,354,4997
M2_004_y0x0,0.200058,0.221145,0.677228,0.321429,684,2409,326
M2_004_y0x512,0.050646,0.170240,0.067245,0.306512,659,3212,9141
M2_004_y256x256,0.097782,0.323880,0.122862,0.386202,1142,2384,8153
M2_004_y256x512,0.115603,0.326293,0.151847,0.364920,1344,2775,7507
M2_004_y512x512,0.133060,0.341512,0.178979,0.514717,1364,2630,6257
M2_005_y256x256,0.328676,0.486338,0.503442,0.513902,3364,3553,3318
M2_005_y256x512,0.203878,0.336816,0.340609,0.450202,2450,4824,4743
M2_006_y0x256,0.271651,0.523028,0.361109,0.547534,4429,4039,7836
M2_006_y512x512,0.098531,0.203176,0.160584,0.237051,1254,4918,6555
M2_007_y0x0,0.262451,0.264037,0.977632,0.347359,743,2071,17
M2_007_y0x256,0.379348,0.471724,0.659537,0.500290,5180,5801,2674
M2_007_y256x256,0.282936,0.394947,0.499405,0.583585,2517,3856,2523
M2_007_y512x0,0.194353,0.196399,0.949130,0.421021,709,2901,38
M2_007_y512x512,0.096414,0.364247,0.115921,0.404840,1355,2365,10334
M2_008_y0x0,0.158559,0.352719,0.223629,0.377637,2614,4797,9075
M2_008_y256x0,0.124424,0.282389,0.181957,0.434692,1674,4254,7526
M2_008_y256x256,0.078274,0.209149,0.111182,0.417114,1399,5290,11184
M2_008_y512x0,0.110947,0.198046,0.201450,0.277984,750,3037,2973
M2_008_y512x256,0.148053,0.272543,0.244786,0.407482,1209,3227,3730
M2_009_y0x256,0.264002,0.319896,0.601746,0.337929,1103,2345,730
M2_009_y0x512,0.126937,0.161654,0.371490,0.259557,1548,8028,2619
M2_009_y256x512,0.277023,0.514586,0.375024,0.527550,3916,3694,6526
M2_009_y512x512,0.083047,0.088277,0.583621,0.289316,677,6992,483
M2_010_y0x512,0.110722,0.153295,0.285043,0.210222,728,4021,1826
M2_010_y256x512,0.167393,0.335319,0.250519,0.456486,1689,3348,5053
M2_010_y512x0,0.228524,0.340862,0.409472,0.407662,1660,3210,2394
M2_010_y512x512,0.127730,0.232520,0.220833,0.357655,848,2799,2992
M2_011_y0x256,0.088183,0.106866,0.335289,0.224215,400,3343,793
M2_011_y256x0,0.291015,0.357191,0.611016,0.383692,2141,3853,1363
M2_011_y512x0,0.337422,0.500535,0.508703,0.500535,2338,2333,2258
M2_011_y512x512,0.175377,0.243689,0.384848,0.420087,2037,6322,3256
M2_012_y0x0,0.255541,0.285664,0.707895,0.473314,807,2018,333
M2_012_y0x256,0.025910,0.100788,0.033701,0.180111,422,3765,12100
M2_012_y256x0,0.280422,0.462946,0.415631,0.572612,1037,1203,1458
M2_012_y256x256,0.069249,0.122723,0.137132,0.404059,438,3131,2756
M2_012_y256x512,0.057391,0.133032,0.091682,0.253368,884,5761,8758
M2_012_y512x512,0.032421,0.039990,0.146249,0.121069,154,3697,899
M2_013_y0x256,0.133156,0.260104,0.214347,0.286764,1757,4998,6440
M2_013_y0x512,0.184792,0.375190,0.266938,0.392178,2226,3707,6113
M2_013_y256x0,0.230562,0.353487,0.398683,0.387644,2058,3764,3104
M2_013_y256x256,0.134346,0.254718,0.221360,0.289223,2767,8096,9733
M2_013_y512x512,0.151482,0.367716,0.204837,0.388487,2524,4340,9798
M2_014_y0x0,0.175099,0.242264,0.387097,0.430715,1464,4579,2318
M2_014_y0x256,0.091736,0.131621,0.232380,0.249438,333,2197,1100
M2_014_y0x512,0.076005,0.162112,0.125180,0.226366,261,1349,1824
M2_014_y256x0,0.098968,0.283372,0.132006,0.391637,1227,3103,8068
M2_014_y256x256,0.187814,0.381253,0.270162,0.493814,2355,3822,6362
M2_014_y256x512,0.167138,0.471046,0.205756,0.600000,2481,2786,9577
M2_014_y512x0,0.084429,0.098986,0.364723,0.242545,244,2221,425
M2_014_y512x512,0.067533,0.098055,0.178278,0.233943,499,4590,2300
M2_015_y0x512,0.121921,0.301068,0.170053,0.338315,1381,3206,6740
M2_015_y256x256,0.087369,0.221026,0.126241,0.302150,801,2823,5544
M2_015_y256x512,0.079038,0.086042,0.492654,0.331139,503,5343,518
M2_015_y512x512,0.115419,0.346070,0.147613,0.353642,1277,2413,7374
M2_016_y0x256,0.049050,0.115180,0.078708,0.279032,173,1329,2025
M2_016_y0x512,0.056403,0.176437,0.076559,0.200392,307,1433,3703
M2_016_y256x256,0.017964,0.024453,0.063407,0.067609,153,6104,2260
M2_016_y512x0,0.136153,0.205320,0.287835,0.242896,795,3077,1967
M2_016_y512x256,0.087579,0.217288,0.127940,0.367294,1561,5623,10640
M2_016_y512x512,0.023498,0.027106,0.150045,0.172699,167,5994,946
M2_017_y256x256,0.056546,0.087186,0.138601,0.391633,777,8135,4829
M2_017_y256x512,0.118944,0.258035,0.180771,0.315136,1397,4017,6331
M2_017_y512x256,0.052070,0.083853,0.120783,0.158176,444,4851,3232
M2_018_y0x0,0.072012,0.159983,0.115796,0.411509,379,1990,2894
M2_018_y0x256,0.195490,0.410035,0.271994,0.411948,1855,2669,4965
M2_018_y0x512,0.240198,0.434317,0.349558,0.480782,1501,1955,2793
M2_018_y256x0,0.088390,0.148481,0.179253,0.307177,826,4737,3782
M2_018_y256x256,0.186516,0.444195,0.243296,0.505107,1978,2475,6152
M2_018_y512x256,0.067776,0.167172,0.102326,0.270056,717,3572,6290
M2_018_y512x512,0.045865,0.091170,0.084498,0.152096,127,1266,1376
M2_019_y0x512,0.085126,0.109276,0.278075,0.170652,364,2967,945
M2_019_y256x256,0.348814,0.621661,0.442818,0.644749,2118,1289,2665
M2_019_y512x256,0.258564,0.496396,0.350509,0.498304,2204,2236,4084
M2_019_y512x512,0.461191,0.718156,0.563113,0.718156,2757,1082,2139
M2_020_y256x256,0.278439,0.425465,0.446213,0.470508,3111,4201,3861
M2_020_y256x512,0.348570,0.589164,0.460501,0.631428,4850,3382,5682
M2_020_y512x512,0.321334,0.589868,0.413782,0.633696,2678,1862,3794
