filename,gt_iou,seg_iou,seg_f1,seg_precision,seg_recall,gt_fg_ssim,gt_fg_psnr,ng_fg_ssim,ng_fg_psnr,ng_iou,ng_topo_q,topo_preservation,ng_psnr,ng_ssim,ng_bytes,graph_n_components,graph_n_cycles,graph_n_junctions,graph_n_endpoints,graph_mean_degree,graph_complexity,n_nodes,n_edges,total_edge_length,mean_width_px,mean_curvature,delta_gt_iou,delta_gt_fg_psnr,delta_gt_fg_ssim,delta_fg_ssim,delta_iou,total_time_ms,self_iou,ng_recon_iou,ng_n_components,ng_n_cycles,ng_euler_characteristic,ng_n_junctions,ng_n_endpoints,ng_mean_degree,ng_graph_complexity,ng_seg_beta_0,ng_seg_beta_1,graph_n_nodes,graph_n_edges,graph_n_sampled,graph_mean_edge_length,graph_mean_width,graph_total_edge_length,graph_mean_curvature,png_bytes,ng_vs_png,ng_vs_raw,image_shape,image_pixels,image_type,segmenter,n_points,n_structures,jpeg_quality,jpeg_bytes,jpeg_psnr,jpeg_ssim,jpeg_fg_psnr,jpeg_fg_ssim,jpeg_iou,jpeg_topo_q,jpeg_beta_0,jpeg_beta_1,jpeg_betti_preservation,webp_quality,webp_bytes,webp_psnr,webp_ssim,webp_fg_ssim,webp_fg_psnr,webp_topo_q,webp_iou,jp2_bytes,jp2_psnr,jp2_ssim,jp2_fg_ssim,jp2_fg_psnr,jp2_topo_q,jp2_iou,delta_fg_psnr,delta_topo_q,delta_psnr,delta_ssim,gt_available,pre_gt_iou,pre_ng_psnr,pre_ng_ssim,pre_ng_fg_psnr,gt_topology_q,recon_topology_q,jpeg_gt_iou,jpeg_gt_fg_psnr,jpeg_gt_fg_ssim,stem
UIT_12_y0x0.png,0.4884330660086366,0.5944321417273015,0.7456349206349207,0.8036783575705732,0.6954108068097705,0.9800513267380383,24.611723997018974,0.9943604453343703,27.97969180104928,0.7189366210749374,0.703586547414681,1.0217229301937654,30.95255165268691,0.8586725400163738,3542,5,1,6,14,1.8873239436619718,0.2,71,67,341.42135623730957,6.711008603645335,0.0,-0.03881943677223104,-5.6191700537840426,-0.016125351504158503,-0.001812948215130672,-0.02693602043449661,7309.7779750823975,0.7189366210749374,0.7189366210749374,5,1,4,6,14,1.8873239436619718,0.2,5,1,71,67,51,5.095841137870291,6.711008603645335,341.42135623730957,0.0,37681,10.638339920948617,18.502540937323545,256x256,65536,sparse,Otsu,342,5,62,3449,36.88371966907978,0.90771557879919,29.664842749014753,0.996173393549501,0.745872641509434,0.5951690531835858,14,23,0.0,79,3166,38.4624641000334,0.9151170033188215,0.9984490376643262,33.783038982490325,0.3966719001121676,0.7390115256886111,600,33.75201972676374,0.8479459385371979,0.9910183729066894,25.75207699209168,0.5546473723313332,0.7311006658832746,-1.6851509479654716,0.10841749423109515,-5.931168016392871,-0.04904303878281613,True,0.4887380438136378,30.955154729821537,0.8596065533300388,27.98321506374489,0.5745750242245624,0.5870564773668736,0.5272525027808677,30.230894050803016,0.9961766782421968,UIT_12_y0x0
UIT_12_y0x256.png,0.5203669724770642,0.5611664295874822,0.7189066059225512,0.7858565737051793,0.6624685138539043,0.9843488197780726,24.35364364051676,0.9954384056656566,28.849984399486928,0.73327201655553,0.4204217212151905,0.6879063932156206,31.118566295829066,0.8491923311238124,3642,11,0,5,27,1.7215189873417722,0.0,79,68,331.2497833620558,5.177864372635644,0.0,-0.13216127349441198,-6.65397501067104,-0.012424565681833033,-0.0014308394275969194,-0.004028727333949322,3016.443967819214,0.73327201655553,0.73327201655553,11,0,11,5,27,1.7215189873417722,0.0,11,0,79,68,47,4.871320343559643,5.177864372635644,331.2497833620558,0.0,37619,10.329214717188359,17.9945085118067,256x256,65536,sparse,Otsu,392,11,64,3583,37.202455445478904,0.8992346788709682,30.621472926930636,0.9968692450932535,0.7373007438894793,0.4313814489974177,22,22,0.0,80,3376,38.428968725684996,0.9098441823852461,0.9986432090578595,34.239495893043006,0.35218255400483245,0.7234816082121471,533,32.984969829768744,0.829084562485141,0.9898858619426973,25.00586496268246,0.5094890579662971,0.7247345654738497,-1.771488527443708,-0.010959727782227202,-6.083889149649838,-0.05004234774715577,True,0.5203669724770642,31.120683875547947,0.8495060829361651,28.855182383035505,0.6093721646414789,0.41919100790451513,0.6525282459714762,31.0076186511878,0.9967733854599057,UIT_12_y0x256
UIT_12_y0x512.png,0.5082328163890485,0.5084457771114442,0.6741319904585209,0.8657249829816202,0.5519748263888888,0.9654855052587245,21.43022064114032,0.9949616643140666,28.490620095795684,0.7735714285714286,0.486582880967408,0.8772843710295931,27.484332979909404,0.7342164062090226,5390,15,1,9,38,1.7777777777777777,0.06666666666666667,126,112,556.2447327281726,4.7538615225536685,0.0,-0.1672752786850128,-8.89036494240283,-0.029412694701169695,-0.0013778185934496534,0.23988281037576809,2376.715660095215,0.7735714285714286,0.7735714285714286,15,1,14,9,38,1.7777777777777777,0.06666666666666667,15,0,126,112,79,4.9664708279301095,4.7538615225536685,556.2447327281726,0.0,42440,7.873840445269017,12.158812615955473,256x256,65536,dense,Meijering,588,15,60,5281,34.290214047977614,0.8697811273752347,29.930227196125735,0.9963394829075163,0.5336886181956605,0.5610340068829456,36,25,0.0,75,5294,35.24865642475944,0.8880550599338275,0.997821966561753,32.16137242904993,0.5339716323527712,0.5324538763024568,410,26.434019274278985,0.7011867100003603,0.978134279818792,20.93723826775793,0.6696161107916064,0.4452406916965259,-1.4396071003300506,-0.0744511259155376,-6.80588106806821,-0.1355647211662121,True,0.50813708596592,27.488740361164115,0.7344984502585544,28.500938249133945,0.6856168635599647,0.6014809589154859,0.6755080950740613,30.32058558354315,0.9948981999598941,UIT_12_y0x512
UIT_12_y0x768.png,0.5927087416699334,0.6025741029641186,0.7520077877829157,0.6524493243243243,0.887421022400919,0.9931904777687857,30.50576148554701,0.9908783244137215,32.10423044916028,0.7198386505317198,0.5351311703672317,1.236374791078233,37.22361050084035,0.8834165145712997,3174,10,1,13,32,1.8144329896907216,0.1,97,88,424.3624817342642,5.287654326869548,0.0,0.03541079233338329,-2.553205194188937,-0.0030857456590963617,-0.002371914845813894,0.0626727890180322,2495.2030181884766,0.7198386505317198,0.7198386505317198,10,1,9,13,32,1.8144329896907216,0.1,10,0,97,88,52,4.822300928798452,5.287654326869548,424.3624817342642,0.0,36546,11.514177693761814,20.647763074984248,256x256,65536,sparse,Meijering,358,10,67,3152,38.83172106765853,0.9064875112908332,33.41942337619881,0.9932502392595354,0.6571658615136876,0.29531191028128656,62,35,0.0,84,3118,39.81196376757599,0.9175956640618114,0.9967137222064621,36.402351806176554,0.20247423270057396,0.6446199407699901,657,37.01931276862576,0.8676636392489526,0.9885819345822566,31.21311377841451,0.5140583221305857,0.6861129791526563,-1.3151929270385239,0.23981926008594512,-1.6081105668181763,-0.0230709967195335,True,0.5917171322523931,37.2403379840015,0.8839211865322011,32.10553517934001,0.4242029361095355,0.5244738165072,0.5572979493365501,33.058966679735946,0.996276223427882,UIT_12_y0x768
UIT_12_y256x0.png,0.6011173184357542,0.7191137287897911,0.8366098376702832,0.8631543511193401,0.8116492560937005,0.9918874001701856,24.807905630742013,0.9966643027703201,28.436963017524278,0.6078078849364326,0.5624947908674507,1.1913456943265024,30.695212046854014,0.8204675323465367,7493,24,3,24,66,1.8333333333333333,0.125,252,231,1115.146319705839,2.726568740319848,0.0,-0.002960443536744628,-6.640688275818842,-0.006152410493810989,-0.0016662448204287639,0.033301601273954984,1756.0689449310303,0.6078078849364326,0.6078078849364326,24,3,21,24,66,1.8333333333333333,0.125,24,3,252,231,162,4.827473245479815,2.726568740319848,1115.146319705839,0.0,41853,5.585613239023088,8.746296543440545,256x256,65536,dense,Learned,945,24,76,7305,36.02481131514273,0.9010357053534608,31.415474606869772,0.9983305475907489,0.5745062836624776,0.5404465399532159,32,39,0.0,81,6810,37.62341548220728,0.9195175583241701,0.9991389701158438,34.854712343080145,0.4864272764469948,0.5688608498988216,276,21.866827215964296,0.5167808593919127,0.942561331305181,14.455362370838749,0.8047224371643142,0.3130502532138683,-2.9785115893454943,0.02204825091423479,-5.329599268288714,-0.0805681730069241,True,0.6008935219657483,30.70208694099104,0.8209013198910582,28.440721149716968,0.5053209714208973,0.6020119635551715,0.6040777619724989,31.448593906560856,0.9980398106639966,UIT_12_y256x0
UIT_12_y256x256.png,0.3750557786702365,0.4871260604256586,0.6551240992794236,0.8442094402888831,0.5352412101390025,0.9601448395779806,18.84989731667384,0.9946203343030942,27.383217213851637,0.3766267705012282,0.3954071362712871,0.922267961750477,23.68084613055126,0.6196595475467579,7466,25,0,14,64,1.7076023391812865,0.0,171,146,690.5706345359777,4.777944723677638,0.0,-0.10731288096616187,-10.364246413117169,-0.035136516160218956,-0.001436275646267915,0.007278742897973534,3646.3654041290283,0.3766267705012282,0.3766267705012282,25,0,25,14,64,1.7076023391812865,0.0,25,0,171,146,93,4.729935852986143,4.777944723677638,690.5706345359777,0.0,46583,6.239351727832842,8.777926600589339,256x256,65536,dense,Meijering,853,25,57,7384,31.664355336428898,0.8417933832502058,28.889091057715206,0.9960566099493621,0.3693480276032547,0.4929222373229427,88,88,0.0,58,7292,32.704578489714606,0.8753926231940284,0.9973807949296332,30.729122192357707,0.3746342526532269,0.3684752393699166,274,18.636375514538045,0.41760941404390395,0.9381516611922683,13.485118812347183,0.8803678108148532,0.2378133102852204,-1.5058738438635686,-0.09751510105165562,-7.983509205877638,-0.2221338357034479,True,0.37505017617412245,23.68625759914401,0.6197352872152142,27.4038208478462,0.7074985673243217,0.6525032616275848,0.48236865963639836,29.214143729791008,0.9952813557381995,UIT_12_y256x256
UIT_12_y256x512.png,0.4532917532917533,0.4860743737358021,0.6541723379750811,0.6918392204628502,0.6203951941217357,0.9739225967864599,22.891482344717808,0.9899538878371399,28.41571688038219,0.6582910391879524,0.4699492957923934,1.0946160719736426,27.10670808092089,0.655130315533625,6970,23,1,14,58,1.768421052631579,0.043478260869565216,190,168,805.7544007200511,4.945918010652513,0.0,-0.0705497101228808,-7.561784747178315,-0.02151157072801224,-0.0034413519277212146,0.13236086589539375,4355.385541915894,0.6582910391879524,0.6582910391879524,23,1,22,14,58,1.768421052631579,0.043478260869565216,23,1,190,168,118,4.796157147143157,4.945918010652513,805.7544007200511,0.0,45138,6.476040172166427,9.4025824964132,256x256,65536,sparse,Meijering,713,23,64,6950,32.92015976714291,0.8203947679280809,30.254193382989833,0.9933952397648611,0.5259301732925586,0.4257766472762886,114,135,0.0,65,6770,33.65922092854045,0.8575262825974327,0.9947837340258048,31.26316070237557,0.3652572746556234,0.5232866338508141,275,22.752750382485406,0.5322861882076975,0.9371995257503117,17.67036943712117,0.8898281969522935,0.3854121709106603,-1.8384765026076444,0.04417264851610481,-5.813451686222024,-0.16526445239445586,True,0.45342475240667635,27.107578471652275,0.6551562555443614,28.424048752541818,0.6041289161912216,0.6612892212069289,0.5238414634146341,30.453267091896123,0.9954341675144721,UIT_12_y256x512
UIT_12_y256x768.png,0.4621564149011578,0.7362857142857143,0.8481158466348527,0.8819301848049281,0.816798732171157,0.9937792169263815,27.468361840482878,0.9962845124492634,29.3815812799162,0.4031320257384293,0.73071904444755,0.8428210102212237,32.62313783641734,0.8520281997365962,6742,15,2,28,54,1.891213389121339,0.13333333333333333,239,226,1102.719912834646,2.8348504576532934,0.0,-0.07062080878185972,-4.232939105808168,-0.0038356150419764923,-0.0016608253607214296,-0.05177548820085737,1637.491226196289,0.4031320257384293,0.4031320257384293,15,2,13,28,54,1.891213389121339,0.13333333333333333,15,2,239,226,157,4.879291649710815,2.8348504576532934,1102.719912834646,0.0,40232,5.967368733313557,9.72055769801246,256x256,65536,dense,Learned,923,15,77,6649,36.77860525957157,0.9121655457157364,31.811753224425576,0.9979453378099848,0.4549075139392867,0.3333036344315006,107,125,0.0,84,6056,38.86514073769159,0.9281712146594512,0.9991259723231064,36.056520776186,0.33195801479622944,0.45671748239279664,275,25.50199393265079,0.6857550485740967,0.9611736406823687,17.65817157365728,0.9999863258039343,0.3093307593307593,-2.4301719445093752,0.3974154100160494,-4.155467423154228,-0.06013734597914022,True,0.4618714094593531,32.63058502396253,0.8524705841678584,29.383740692308965,0.8219079175743889,0.6927212613988687,0.5327772236830175,31.701300946291045,0.997614831968358,UIT_12_y256x768
UIT_12_y512x0.png,0.7057075646898601,0.7816477829067002,0.8774436680537019,0.9424860853432282,0.8207990599294948,0.9931623439959966,26.494824342153404,0.9973861279464256,28.54634785130802,0.6256617091000756,0.8831269138467439,0.8472202835963049,31.518205667944002,0.8674807438621956,7349,9,4,30,40,1.9551569506726458,0.4444444444444444,223,218,1091.4772721475267,2.9936747007954967,0.0,-0.02959028873323155,-5.38132221048631,-0.004799771083572102,-0.0013875568041902264,-0.005863498302604686,2301.5856742858887,0.6256617091000756,0.6256617091000756,9,4,5,30,40,1.9551569506726458,0.4444444444444444,9,4,223,218,153,5.006776477740941,2.9936747007954967,1091.4772721475267,0.0,39683,5.399782283303851,8.917675874268609,256x256,65536,dense,Learned,1024,9,79,7136,37.067258843919916,0.9262837393247721,31.967007812491435,0.9987736847506158,0.6315252074026803,0.7222896099152987,17,34,0.0,86,7160,40.05286448361087,0.9455225818736339,0.9995877669348717,37.17770123195018,0.6637835062932667,0.627236079617032,271,22.61602888571829,0.6086570509962896,0.9609277871944195,14.741304212364179,0.9867001164575563,0.37993720046273344,-3.4206599611834143,0.16083730393144524,-5.549053175975914,-0.0588029954625765,True,0.7055837563451777,31.530618236209612,0.8682551416202027,28.554010797570694,0.9684442671598764,0.8204856266704061,0.7352978534230916,31.876146552639714,0.9979621150795687,UIT_12_y512x0
UIT_12_y512x256.png,0.568392609362448,0.5406432008103317,0.7018408941485863,0.8338757974222106,0.6059029420111626,0.9717452402823716,20.674361046839493,0.9948803246119956,27.366019236826364,0.6323555243281223,0.5762733252611901,1.40481147627586,25.796150797963197,0.7106006066630478,7158,15,2,21,49,1.8414634146341464,0.13333333333333333,164,151,710.1858582251275,5.474659923249743,0.0,-0.056788392664774756,-8.69575150491729,-0.023663797386521912,-0.0015764509427850237,0.04583812350067029,4119.165897369385,0.6323555243281223,0.6323555243281223,15,2,13,21,49,1.8414634146341464,0.13333333333333333,15,0,164,151,94,4.703217604139912,5.474659923249743,710.1858582251275,0.0,45594,6.369656328583403,9.155630064263761,256x256,65536,dense,Meijering,829,15,63,7120,32.84196168456222,0.8546631071381754,29.07874527159866,0.9964567755547806,0.586517400827452,0.5193822036049616,41,38,0.0,69,7110,34.137802774555695,0.8804919611284078,0.998051896389051,31.618185018555177,0.4744919817775055,0.5839404241541202,277,19.867619775540987,0.5477312329319389,0.9412221160517292,13.480110400578422,0.9211336002093251,0.4270020410613519,-1.7127260347722952,0.05689112165622856,-7.045810886599025,-0.1440625004751276,True,0.5681652313530872,25.791150679377775,0.7104831119592774,27.37669422811711,0.5965029921933582,0.8379742490661193,0.6251810020272227,29.370112551756783,0.9954090376688935,UIT_12_y512x256
UIT_12_y512x512.png,0.40357246587278534,0.4622515672935841,0.6322462941847206,0.7596448925909689,0.5414420748379033,0.9690782569735008,19.706836429573798,0.992708520788004,27.439793019858897,0.46346820809248557,0.4164186551982816,0.9137242893216148,24.153041880555087,0.5896306030616,8330,28,1,23,77,1.7391304347826086,0.03571428571428571,207,180,833.8670990922599,4.780176218682093,0.0,-0.07894140081895107,-9.645254898771285,-0.026420499734642666,-0.0021209156640763505,0.051089235111292264,3544.3387031555176,0.46346820809248557,0.46346820809248557,28,1,27,23,77,1.7391304347826086,0.03571428571428571,28,1,207,180,107,4.632594994956992,4.780176218682093,833.8670990922599,0.0,47092,5.653301320528211,7.867466986794718,256x256,65536,dense,Meijering,893,28,61,8281,31.317691334740086,0.8286958812682456,29.154333868508164,0.9948294364520803,0.4123789729811933,0.42534320858387964,113,88,0.0,56,8078,32.23820290232274,0.8712755288799793,0.9963423693355696,30.45773993696079,0.3602900007491885,0.40589272223621253,246,17.801505403937167,0.39663853651029085,0.9276591440222752,12.87843693566334,0.9467806556610785,0.27050882658359293,-1.7145408486492677,-0.008924553385598055,-7.164649454185,-0.23906527820664558,True,0.4035733307509805,24.149094961629043,0.5895599214279905,27.44460929283894,0.6984039279580299,0.638148632732875,0.4825138666917364,29.352091328345082,0.9954987567081435,UIT_12_y512x512
UIT_12_y512x768.png,0.3373775081661223,0.4274236743438672,0.598874296435272,0.9172413793103448,0.4445682451253482,0.9691119436392788,20.04985688745677,0.99704587853559,27.999629234314604,0.22090291447076005,0.35298423300237325,1.4994927197542045,27.611211586217642,0.7707193267830806,3508,13,0,7,33,1.6578947368421053,0.0,76,63,307.27922061357856,4.839496620533461,0.0,-0.2399534887904396,-9.863914229775226,-0.02667440165609447,-0.0005838913793599909,-0.12626765543576324,2058.6297512054443,0.22090291447076005,0.22090291447076005,13,0,13,7,33,1.6578947368421053,0.0,13,0,76,63,36,4.877447946247279,4.839496620533461,307.27922061357856,0.0,41650,11.872862029646523,18.68187001140251,256x256,65536,dense,Meijering,418,13,48,3492,34.86947164996088,0.8722397670833141,29.10083981912088,0.99762976991495,0.3471705699065233,0.5622030234830404,40,49,0.0,70,3506,35.71411104093289,0.885019658489714,0.9985710402164776,31.21092429932556,0.46434590247239016,0.3510974987238387,584,30.88811618269935,0.7915832791278568,0.9919208883201052,24.11568903349228,0.6713812920980076,0.28694143883703643,-1.1012105848062745,-0.20921879048066716,-7.258260063743236,-0.10152044030023344,True,0.3372615366664722,27.60870847651981,0.7710706319971563,28.003786614387096,0.6643763063047805,0.9962274344812078,0.5773309969565619,29.913771117231995,0.9957863452953732,UIT_12_y512x768
UIT_12_y768x256.png,0.5559875583203733,0.5864,0.7392839132627332,0.8396334478808706,0.6603603603603604,0.9971431103359084,23.806210435266728,0.9992908026361539,28.52728354301657,0.8394160583941606,0.49338300763441045,1.3348623373167616,37.12562790055549,0.9058046919368291,1261,2,0,0,4,1.7777777777777777,0.0,18,16,73.4558441227157,5.6803635624245565,0.0,-0.13000277984387798,-5.003056231530159,-0.0019781929595555914,6.507793552978924e-05,0.07252738094411293,1272.3793983459473,0.8394160583941606,0.8394160583941606,2,0,2,0,4,1.7777777777777777,0.0,2,0,18,16,14,4.590990257669732,5.6803635624245565,73.4558441227157,0.0,33945,26.919111816019033,51.97145122918319,256x256,65536,sparse,Otsu,176,2,21,1245,38.57661347263501,0.8928034838992325,28.233085280467336,0.9992257247006241,0.7668886774500476,0.6957787359332959,2,1,0.5,78,1122,40.002108453207796,0.9132757559127299,0.9997740289051847,33.386204364642445,0.684416929378634,0.7663734115347018,,,,,,,,0.29419826254923365,-0.2023957282988854,-1.4509855720795173,0.013001208037596634,True,0.5556420233463035,37.15440774480485,0.9065942270596646,28.538852769670278,0.44456295130198165,0.5934303402594009,0.6859903381642513,28.809266666796887,0.999121303295464,UIT_12_y768x256
UIT_12_y768x512.png,0.43538384774395894,0.42197747803489666,0.5935079627534593,0.8763813929581085,0.4486842105263158,0.9749753638410155,19.890150796844452,0.9975810570871796,27.571774757381196,0.30796178343949043,0.3990423238047478,0.9744127174477902,26.93073979335918,0.7603476239399167,4454,13,0,4,31,1.7173913043478262,0.0,92,79,362.14927829866747,4.813335772478803,0.0,-0.12652407979468155,-9.716101683763611,-0.021234206646032483,-0.0006825515499918611,-0.031675936326092946,2537.914991378784,0.30796178343949043,0.30796178343949043,13,0,13,4,31,1.7173913043478262,0.0,13,0,92,79,57,4.584168079729967,4.813335772478803,362.14927829866747,0.0,40946,9.1930848675348,14.713964975303098,256x256,65536,dense,Meijering,567,13,56,4389,34.2944307893542,0.8760885951147492,29.05393917249709,0.9982636086371715,0.3396377197655834,0.6559253198545854,29,43,0.0,70,4332,35.32114862987099,0.8903146588732774,0.9990685423736367,31.60269847567339,0.5855422807060526,0.34023932845150917,461,27.663984476364277,0.7665808622601269,0.989310166483444,20.595256496005536,0.914075451795854,0.3068299276457025,-1.4821644151158928,-0.25688299604983755,-7.363690995995022,-0.11574097117483251,True,0.435650623885918,26.941265604340266,0.7607240845374449,27.57962664832774,0.7116989406864718,0.6934884987990186,0.5619079275386405,29.606252480608063,0.996209570487048,UIT_12_y768x512
UIT_12_y768x768.png,0.46678321678321677,0.46304427369191364,0.632987370263849,0.8156622623267805,0.5171638741315897,0.9812486210937544,21.19141132217928,0.9969913108253862,28.147861767771055,0.7555200851290237,0.40903589531843754,1.1863527086340817,30.16106808745662,0.8330153769292438,3257,10,0,2,22,1.6774193548387097,0.0,62,52,285.7228714274745,4.712021454898626,0.0,-0.1855765643385343,-9.076198322342307,-0.014815650030088667,-0.0008068342626939007,0.1674627924116543,2193.8369274139404,0.7555200851290237,0.7555200851290237,10,0,10,2,22,1.6774193548387097,0.0,10,0,62,52,38,5.49467060437451,4.712021454898626,285.7228714274745,0.0,39525,12.135400675468222,20.121584280012282,256x256,65536,sparse,Meijering,344,10,56,3215,36.37972749636363,0.8888330817383768,29.62283532423178,0.9977981450880801,0.5880572927173694,0.35786901072338595,27,5,0.0,77,3172,37.31243824117953,0.896783062221984,0.9989235381653915,32.75101051808139,0.40894940643823263,0.5655401445594843,657,33.655397998868956,0.8430324718604411,0.9953219571340602,26.145738894162093,0.5292053810895769,0.5472318655216517,-1.474973556460725,0.05116688459505159,-6.218659408907008,-0.05581770480913306,True,0.46679482698357216,30.151723951898397,0.8331278442037318,28.164061826410297,0.5258587472033283,0.6238539491035934,0.6523597811217511,30.26760964452159,0.9960642711238431,UIT_12_y768x768
UIT_20_y0x256.png,0.4221014492753623,0.41830065359477125,0.5898617511520737,0.48438978240302744,0.7540500736377025,0.9974615142904725,22.86015979444042,0.9972981077908594,28.511730906429477,0.641112047177759,0.5323335729900908,1.3269199029095298,34.468750982111715,0.7732702044271986,1471,4,1,7,13,1.8666666666666667,0.25,45,42,172.1959594928933,3.1455602915156664,0.0,0.06196744592527853,-5.224517982462217,-0.0009328323107647973,9.540941843488859e-05,0.14270949126721594,1185.26029586792,0.641112047177759,0.641112047177759,4,1,3,7,13,1.8666666666666667,0.25,4,1,45,42,25,4.099903797449841,3.1455602915156664,172.1959594928933,0.0,40159,27.300475866757306,44.552005438477224,256x256,65536,sparse,Learned,205,4,27,1467,35.2885863691434,0.7854286040595491,28.50137434247199,0.9972026983724245,0.4984025559105431,0.2744558350588111,24,7,0.0,65,1434,35.969572428776104,0.8067560875209296,0.9985456096254547,30.999467975391713,0.21617651335922727,0.4785714285714286,,,,,,,,0.010356563957486742,0.25787773793127966,-0.8198353870316879,-0.012158399632350436,True,0.4242973708068903,34.47861772580785,0.7735421621392297,28.516225208869066,0.43258633120299617,0.5740074125998693,0.3601340033500838,28.084677776902637,0.9983943466012373,UIT_20_y0x256
UIT_20_y0x512.png,0.45336225596529284,0.5072046109510087,0.6730401529636711,0.9312169312169312,0.5269461077844312,0.9924945015617899,20.835238888046952,0.9991857735851312,24.709815731859585,0.8427835051546392,0.4456727152654929,1.577761727282175,32.9769963232287,0.7645599646487303,1326,2,0,1,5,1.75,0.0,16,14,66.94112549695429,5.081743572238419,0.0,-0.04149824330049279,-4.6240758706831,-0.004866847695748189,0.00014081281993993944,0.07364620260299881,1257.7252388000488,0.8427835051546392,0.8427835051546392,2,0,2,1,5,1.75,0.0,2,0,16,14,10,4.781508964068164,5.081743572238419,66.94112549695429,0.0,40785,30.757918552036198,49.4238310708899,256x256,65536,sparse,Otsu,169,2,17,1319,33.89563247629034,0.754798249759661,24.077561394526303,0.9990449607651912,0.7691373025516404,0.40942974009204713,3,0,0.75,55,1296,35.47511692873831,0.7954216734256577,0.99974279018311,29.709054876193207,0.28822967723739024,0.7718446601941747,,,,,,,,0.6322543373332827,0.03624297517344577,-0.9186361530616409,0.009761714889069295,True,0.45336225596529284,32.980736016027244,0.7647376124752365,24.70740584281107,0.3127107212090279,0.49338300763441045,0.4948604992657856,25.459314758730052,0.997361349257538,UIT_20_y0x512
UIT_20_y0x768.png,0.5,0.4755197853789403,0.6445454545454546,0.5426020408163266,0.7936567164179105,0.9903326086762313,25.36578347960316,0.9855497552272058,27.834333397791838,0.6957291436158443,0.7594915367916579,1.3072058542653526,32.00627236508949,0.7552708709703766,3874,4,0,7,15,1.8840579710144927,0.0,69,65,329.04877323527916,6.670365014028517,0.0,0.04696621263046169,-3.3339895626728975,-0.004646146415649199,-0.0030922169957773304,0.10975363615065381,5825.6354331970215,0.6957291436158443,0.6957291436158443,4,0,4,7,15,1.8840579710144927,0.0,4,0,69,65,47,5.062288819004293,6.670365014028517,329.04877323527916,0.0,40976,10.577181208053691,16.91688177594218,256x256,65536,sparse,Frangi,590,4,56,3835,34.92953860509579,0.8242939826003134,28.962358035697466,0.9886419722229831,0.5859755074651904,0.26561613061000566,94,64,0.0,75,3648,35.99436003684582,0.8478657676224366,0.994890470720662,31.925618921783055,0.21216101082598904,0.5683701657458563,533,33.25553012751384,0.7464918199161755,0.9813926614777757,27.03324518237316,0.7603489635582242,0.6037210919840028,-1.1280246379056287,0.49387540618165227,-2.9232662400063063,-0.0690231116299368,True,0.49871405190554124,32.010896310294775,0.7554442498711019,27.834360727198607,0.47387803590654354,0.6194561427448007,0.4530337873695383,28.699773042276057,0.9949787550918805,UIT_20_y0x768
UIT_20_y256x0.png,0.24644549763033174,0.4606741573033708,0.6307692307692307,0.5290322580645161,0.780952380952381,0.9989304383274323,28.581340839596763,0.9985164400226381,29.5902189277291,0.16908212560386474,0.2591817793182821,0.5837671056359154,35.681328579411336,0.7827991102754863,1198,6,0,3,15,1.5714285714285714,0.0,28,22,97.25483399593902,2.7822878958923476,0.0,0.0017899156825882667,1.2083523400166207,0.00015369698757228267,0.0005590470811672743,0.001340190119993756,1001.814603805542,0.16908212560386474,0.16908212560386474,6,0,6,3,15,1.5714285714285714,0.0,6,0,28,22,10,4.420674272542683,2.7822878958923476,97.25483399593902,0.0,39644,33.09181969949916,54.70450751252087,256x256,65536,sparse,Learned,168,6,18,1197,35.31719454474466,0.7760452193170654,28.354304960464955,0.9979573929414708,0.16774193548387098,0.18126924692201818,1,0,0.5833333333333333,61,1098,36.18902952398477,0.8063438720033239,0.9988668511171864,31.964354785652557,0.3934693402873666,0.15942028985507245,,,,,,,,1.2359139672641462,0.07791253239626394,0.3641340346666766,0.006753890958420938,True,0.24644549763033174,35.691543451281625,0.7830452294643396,29.585989882939494,0.22379089767122484,0.13064176460119425,0.24465558194774348,27.372988499580142,0.99877674133986,UIT_20_y256x0
UIT_20_y256x256.png,0.5367211476696881,0.5424418604651163,0.7033546928006031,0.5904232878638729,0.8697048161574313,0.9835600352149312,23.5262084865445,0.9697356483585361,25.33802686814774,0.6381896930512837,0.9076805099537444,0.6250491597586455,26.153933450241244,0.633307237215429,10501,8,0,22,38,1.9288888888888889,0.0,225,217,1094.116882454316,6.78790081445334,0.0,-0.00876421024788232,-4.237566189897446,-0.010731485961816833,-0.013884056409288803,0.012647667509258165,6632.349014282227,0.6381896930512837,0.6381896930512837,8,0,8,22,38,1.9288888888888889,0.0,8,0,225,217,165,5.042013283199605,6.78790081445334,1094.116882454316,0.0,48685,4.636225121417008,6.240929435291877,256x256,65536,dense,Meijering,1196,8,68,10429,30.784482231099094,0.8241098222614246,27.94413734809492,0.9836197047678249,0.6255420255420255,0.33838612971431714,205,367,0.0,66,10412,33.29755647556384,0.8946015968959123,0.9919421874030772,31.27035878231336,0.31344268858536994,0.6322561692126909,246,17.878130015646466,0.34009852807996876,0.8550154200543698,13.916052282007069,0.8977157932844625,0.4375516197118473,-2.60611047994718,0.5692943802394272,-4.6305487808578505,-0.19080258504599557,True,0.536101598173516,26.155895594742994,0.633495756493557,25.3415240145114,0.8673445349198783,0.542132972772923,0.5454853579175705,27.763774676441948,0.994291521176748,UIT_20_y256x256
UIT_20_y256x512.png,0.5405423412619095,0.5736731174554512,0.7290880311700962,0.7218516434943342,0.7364709740898655,0.9722827472308637,20.625574172332556,0.9817766637974585,24.683126573746627,0.7674330661019513,0.5323335729900908,0.8054851957666115,23.847343022863875,0.5274106393523096,8516,23,2,19,64,1.8073394495412844,0.08695652173913043,218,197,974.6782822743032,5.861905655737908,0.0,-0.06127811206666445,-4.980797156200811,-0.018515602039720802,-0.0033618441523728393,0.09859631386021195,3668.348789215088,0.7674330661019513,0.7674330661019513,23,2,21,19,64,1.8073394495412844,0.08695652173913043,23,2,218,197,135,4.947605493778181,5.861905655737908,974.6782822743032,0.0,50525,5.932949741662752,7.695631751996243,256x256,65536,sparse,Otsu,662,23,47,8457,27.993340281732557,0.7667271144597444,25.494772941932958,0.9851385079498314,0.6688367522417393,0.2871627907388531,227,192,0.0,36,8484,29.408258090027065,0.838088691622585,0.9915987055147973,27.85275945127287,0.2616175865440751,0.6522684709720292,248,16.353944554246244,0.28355602762365173,0.879985985983625,12.201034977064811,0.9815618489318246,0.3427835051546392,-0.8116463681863308,0.24517078225123767,-4.145997258868682,-0.2393164751074348,True,0.5399986678212216,23.851745568517263,0.5275250144566072,24.6971111220712,0.7690270201052645,0.6194398798393028,0.6018204533285739,25.606371328533367,0.9907983492705845,UIT_20_y256x512
UIT_20_y256x768.png,0.570738773539353,0.6365366317792579,0.7779069767441861,0.7538736031552259,0.8035231708537683,0.9750946013438943,23.217209683009777,0.9780503753626671,25.344704417887005,0.6700604254614684,0.7346396768771213,0.6506824016483344,26.679820405354405,0.6344940889365617,8318,12,2,19,39,1.8958333333333333,0.16666666666666666,192,182,902.3940110268411,6.022105185942794,0.0,-0.04335206509031686,-4.068884895045528,-0.015109548199192524,-0.00827257423167238,0.021453257937870784,4300.163745880127,0.6700604254614684,0.6700604254614684,12,2,10,19,39,1.8958333333333333,0.16666666666666666,12,2,192,182,134,4.958208851795823,6.022105185942794,902.3940110268411,0.0,47283,5.684419331570089,7.878817023322914,256x256,65536,dense,Meijering,919,12,62,8095,30.91523977626575,0.8034173646829086,27.238707690148022,0.9863229495943395,0.6486071675235976,0.34377397560569967,144,216,0.0,61,8266,32.95004412721508,0.8615634651114275,0.993603992823126,30.592019978810796,0.283229805844301,0.643248106770638,244,19.317094978297895,0.3697776123218701,0.8989331389022355,15.131580673065264,0.8805670317332803,0.43751531487380546,-1.894003272261017,0.3908657012714216,-4.235419370911345,-0.1689232757463469,True,0.5708762886597938,26.681411095166474,0.6345660690204826,25.352679874086903,0.8642128464538144,0.5623280904659111,0.6140908386296698,27.286094578055305,0.9902041495430868,UIT_20_y256x768
UIT_20_y512x0.png,0.6975576352430952,0.71922024623803,0.8366819176447186,0.7751566531514928,0.9088159031979257,0.9901156260926941,23.75295944991742,0.990376443054553,25.128066424250306,0.6513563501849569,0.783154774956382,0.8475776141152098,28.117347967765625,0.6913009592132745,8684,14,9,45,58,1.9647887323943662,0.6428571428571429,284,279,1237.2123368838213,3.310527913270548,0.0,0.06201666467825828,-3.923599995961961,-0.00586473652559083,-0.004404828750943501,0.0663761130308067,2655.6954383850098,0.6513563501849569,0.6513563501849569,14,9,5,45,58,1.9647887323943662,0.6428571428571429,14,13,284,279,181,4.434452820372112,3.310527913270548,1237.2123368838213,0.0,46654,5.372409028097651,7.546752648549056,256x256,65536,dense,Learned,986,14,68,8674,32.12077803339754,0.8412421301516902,27.91506534155562,0.9947812718054965,0.5849802371541502,0.2771808838757578,161,180,0.0,74,8674,34.60224198223789,0.8873351340350092,0.997748654561731,32.101261819850286,0.2895081148327856,0.5785051636618239,250,18.82306466560189,0.45254787644534356,0.9222858217995555,12.644651699572034,0.8921125437192757,0.3211208982673507,-2.786998917305315,0.5059738910806242,-4.0034300656319175,-0.14994117093841575,True,0.697536496350365,28.122411719027408,0.6914353372839869,25.132679766939194,0.6964799755703599,0.5903208359729453,0.6355409705648369,27.67655944587938,0.9959803626182849,UIT_20_y512x0
UIT_20_y512x256.png,0.6118390909923944,0.7306592899953895,0.8443710373488199,0.8468526237041787,0.84190395240119,0.9853595806392138,24.04998595601803,0.990050600095887,25.422048890689133,0.6182170542635659,0.7864213222186975,0.6800146151002634,27.426035814681132,0.6344932502003816,9736,16,9,44,60,1.953795379537954,0.5625,303,296,1416.9524522539998,3.536804988714104,0.0,-0.006766792919611908,-3.8053116942699887,-0.008356569969898087,-0.004200389626891288,0.008452358749333033,3190.560817718506,0.6182170542635659,0.6182170542635659,16,9,7,44,60,1.953795379537954,0.5625,16,10,303,296,199,4.787001527885124,3.536804988714104,1416.9524522539998,0.0,47440,4.872637633525062,6.7313064913722265,256x256,65536,dense,Learned,1189,16,67,9635,31.005892435596483,0.8139893197950719,27.85828167750655,0.9942509897227783,0.6097646955142328,0.30364647557985425,137,165,0.0,65,9664,33.28030927232932,0.8824356004203776,0.9970315865865292,31.301646879390255,0.22421035678142975,0.6005055788005579,245,18.381455175945668,0.3610312257969249,0.9173530998625062,13.014568524131093,0.7582859831029636,0.32188936675070445,-2.436232786817417,0.4827748466388433,-3.5798566209153506,-0.17949606959469033,True,0.6113197179228868,27.423406291177876,0.6344722943082641,25.423554551910268,0.7726656262793214,0.5254239184555367,0.6186058839120063,27.85529765028802,0.9937161506091119,UIT_20_y512x256
UIT_20_y512x512.png,0.5446162998215348,0.728724403531843,0.8430775918278636,0.9326761240682856,0.7691850089232599,0.9913139403163072,23.731158425070632,0.9965757210730838,25.071704476275805,0.5382871944309535,0.9242259959771545,0.7771161287565178,29.829755763692972,0.7271140466952012,4839,5,2,18,24,1.961290322580645,0.4,155,152,740.1686142824243,3.1037789937037417,0.0,-0.02911676972647914,-2.808760104683955,-0.004466855640283707,-0.0008958813959469847,-0.006974243477543163,1723.365068435669,0.5382871944309535,0.5382871944309535,5,2,3,18,24,1.961290322580645,0.4,5,2,155,152,113,4.869530357121207,3.1037789937037417,740.1686142824243,0.0,43408,8.97044843976028,13.543294069022526,256x256,65536,sparse,Learned,542,5,53,4810,32.604689868108665,0.8133073295665488,26.340695293478262,0.9974716024690308,0.5452614379084967,0.3848156705086416,48,50,0.0,66,4792,34.56527656419426,0.8396361765384227,0.9989528071091132,31.149570060505436,0.33131288871256626,0.536492288122118,407,28.374733454520566,0.6782840860588828,0.9918088510742795,20.711492284254703,0.832705575850561,0.48823058446757406,-1.2689908172024573,0.5394103254685129,-2.774934104415692,-0.08619328287134764,True,0.5440083258994945,29.82682979041698,0.7271687628869374,25.07403315246229,0.8347011117784134,0.6486596966540021,0.573733069548014,26.539918529754587,0.9957807959565909,UIT_20_y512x512
UIT_20_y512x768.png,0.14645308924485126,0.32527565733672603,0.49088,0.3569101907864123,0.7858606557377049,0.9968607190496742,34.118743156026895,0.9928415588378305,34.132070486790404,0.3235643564356436,0.40547945202980573,1.2994520817588917,36.324974764791406,0.8004101035982153,2040,13,4,14,33,1.8317757009345794,0.3076923076923077,107,98,381.8477631085026,2.8471415863336325,0.0,0.0921447144632946,-0.40330298935209186,-0.0003731465938356937,-0.001079374584769921,0.20165046810131204,1520.270586013794,0.3235643564356436,0.3235643564356436,13,4,9,14,33,1.8317757009345794,0.3076923076923077,13,3,107,98,60,3.8964057460051262,2.8471415863336325,381.8477631085026,0.0,39026,19.130392156862744,32.12549019607843,256x256,65536,sparse,Learned,310,13,40,1944,36.67876801465253,0.8224393201477822,34.58841386699531,0.9939209334226005,0.12191388833433153,0.2702315106103226,358,69,0.0,75,1736,37.01586647526274,0.8336413923318103,0.9944414836941441,35.08017217397724,0.12037677614118336,0.16817333907303775,4562,37.77909420129445,0.8692387014902194,0.9965927674662642,36.90578598272785,0.1559405965340892,0.08891135468766628,-0.45634338020490617,0.13524794141948315,-0.3537932498611269,-0.02202921654956691,True,0.15166487647690655,36.337470353986525,0.8006735081794141,34.140470737388085,0.377077604231577,0.48999427780337823,0.05430837478155666,34.52204614537899,0.9972338656435099,UIT_20_y512x768
UIT_20_y768x0.png,0.5380359612724758,0.5658414065303193,0.7227314390467461,0.742467043314501,0.7040178571428571,0.9949221474800453,25.591096906118732,0.9966788040310871,26.681271984752737,0.8019966722129783,0.5852170883184187,0.9489154039313376,33.316007537887955,0.7550351677946784,2139,4,0,2,10,1.8,0.0,40,36,200.58073580374355,5.143501081376795,0.0,-0.09170869021130612,-1.1259369599781301,-0.0017041214454157627,4.5177322991363233e-05,0.05559788525316023,1920.1850891113281,0.8019966722129783,0.8019966722129783,4,0,4,2,10,1.8,0.0,4,0,40,36,28,5.571687105659543,5.143501081376795,200.58073580374355,0.0,41396,19.352968676951846,30.638616175783078,256x256,65536,sparse,Otsu,259,4,32,2058,34.0930022697722,0.7825460148672514,26.56932920919175,0.9966336267080957,0.7463987869598181,0.5055383649698386,14,17,0.0,58,2008,34.947245890482264,0.7962920983538038,0.9985061651986016,30.032037539750597,0.26683508451679305,0.7132867132867133,4198,35.961574469831305,0.8275477517726075,0.9996280785197105,35.959931458686015,0.19602074966867378,0.7252540459164472,0.11194277556098697,0.07967872334858006,-0.7769947318842441,-0.027510847072573008,True,0.5381692573402418,33.32310806041378,0.7551563699556841,26.688797946621907,0.8504313807773649,0.8069874372062383,0.6297446514837819,26.717033866096862,0.996626268925461,UIT_20_y768x0
UIT_33_y0x256.png,0.4741828024151572,0.011211959423384944,0.022175290390707494,0.9692307692307692,0.01121595157557415,0.9691094264130938,14.904146209895792,0.9999878780919558,24.378698371775055,0.007607677902621723,0.21337213893344664,0.997479565061323,23.667192021911568,0.7847132249691934,596,1,0,0,2,1.3333333333333333,0.0,3,2,11.82842712474619,2.5585159089830185,0.0,,,,,,616.0378456115723,0.007607677902621723,0.007607677902621723,1,0,1,0,2,1.3333333333333333,0.0,1,0,3,2,1,5.914213562373095,2.5585159089830185,11.82842712474619,0.0,39109,65.61912751677852,109.95973154362416,256x256,65536,dense,Frangi,62,1,,,,,,,,,,,,4,586,33.02979082525272,0.8544450056441614,0.9999913734843883,23.364270599183477,0.822360666404865,0.009663990484686292,,,,,,,,,,,,True,0.4738211720620381,23.671301415630555,0.7851413994699646,24.41321247515323,0.9280655506248435,0.9257264217856661,,,,UIT_33_y0x256
UIT_33_y0x512.png,0.4774786960638442,0.6897429960639037,0.8163880515209646,0.8285356695869838,0.8045914922349764,0.9845805896487396,25.127911999894327,0.9940398202244745,28.85655171853827,0.44098054889421795,0.9173659398805162,1.1721697281732217,30.282285858596303,0.8065186619382223,7631,9,12,46,41,2.0209059233449476,1.3333333333333333,287,290,1260.6904755831238,3.1681005484603832,0.0,-0.04141409831225418,-6.676138701262502,-0.01043631219041441,-0.003104264870385509,-0.027297828904222776,2470.2095985412598,0.44098054889421795,0.44098054889421795,9,12,-3,46,41,2.0209059233449476,1.3333333333333333,9,12,287,290,200,4.347208536493523,3.1681005484603832,1260.6904755831238,0.0,41441,5.430611977460359,8.588127375180186,256x256,65536,dense,Learned,1043,9,78,7399,36.19645178257409,0.903018522865864,31.990124503363056,0.99714408509486,0.4682783777984407,0.6846973230257699,45,192,0.0,84,7128,38.59124371284848,0.9269800622406291,0.9988466996107465,36.138113541901575,0.529808577187548,0.4686011260285838,279,25.213089930735627,0.6714447074334157,0.9742295879534423,19.12766944562643,0.9257264217856661,0.3778046951606391,-3.1335727848247856,0.23266861685474627,-5.914165923977784,-0.09649986092764173,True,0.4768015127980009,30.290716121327993,0.8067742282280077,28.872491142808116,0.8390508281547228,0.983509981161638,0.5188927943760984,31.80405070115683,0.995016901839154,UIT_33_y0x512
UIT_33_y256x0.png,0.5070630402698714,0.5510864539990754,0.710581222056632,0.8289290681502086,0.6218049034950444,0.9784976277022439,20.375679092251282,0.9976438937248391,28.570144939505482,0.7777139574956922,0.30580334912202123,1.1565072081633154,30.70588872228493,0.8592098660136424,2773,12,0,5,29,1.6065573770491803,0.0,61,49,240.5512985522208,5.135481621057082,0.0,-0.24562513177313938,-10.069704610416924,-0.01939330586635246,-0.0005233984604032793,0.09438899516520494,2548.9776134490967,0.7777139574956922,0.7777139574956922,12,0,12,5,29,1.6065573770491803,0.0,12,0,61,49,27,4.909210174535117,5.135481621057082,240.5512985522208,0.0,37135,13.39163360980887,23.63360980887126,256x256,65536,sparse,Otsu,292,12,55,2757,37.602035833633096,0.9094255831907394,30.067211037632894,0.9981672921852424,0.6833249623304872,0.4475173967041721,15,5,0.0,79,2672,38.852094062980655,0.9181127407405448,0.9992706539086276,33.654426098593106,0.35834448718390144,0.6728855721393034,3280,38.67940625943902,0.8957472422246991,0.999586190449453,35.782390096724924,0.3568512926577919,0.6777047522750252,-1.4970660981274122,-0.1417140475821509,-6.896147111348167,-0.05021571717709705,True,0.5067425200168563,30.70966865011978,0.8600146668551741,28.58445476692011,0.5162339448042979,0.5970282782647536,0.7526881720430108,30.445383702668206,0.9978909335685964,UIT_33_y256x0
UIT_33_y256x256.png,0.5280957036866625,0.5259077927376581,0.6893048128342246,0.8170047084389714,0.5961284355179705,0.953884616013486,17.87032320923371,0.9928051599959047,27.1250718064148,0.6756373937677054,0.36097063947632757,0.5572381296195978,21.67101222444161,0.5894736933052388,9148,40,2,20,97,1.6984126984126984,0.05,252,214,1003.0924958366767,4.523868100733713,0.0,-0.12850789049418754,-11.321814133537966,-0.04158813357566837,-0.0024676874762400436,0.19170572034558608,4239.670753479004,0.6756373937677054,0.6756373937677054,40,2,38,20,97,1.6984126984126984,0.05,41,3,252,214,135,4.6873481113863305,4.523868100733713,1003.0924958366767,0.0,48085,5.2563401836466985,7.163970266724967,256x256,65536,sparse,Meijering,824,41,60,9080,31.193468925020337,0.868884737156914,29.147877602628686,0.9952728474721447,0.4839316734221193,0.5964393817402039,70,68,0.0,56,9052,32.411888949763195,0.8993130775494176,0.9972517746418299,31.269001983773173,0.5083151691081342,0.4807451622220083,247,15.183627419857528,0.28779298560936856,0.8814361415223022,10.303961912585986,0.9541936858273785,0.21395274071692655,-2.022805796213884,-0.23546874226387637,-9.522456700578726,-0.27941104385167526,True,0.5280381894518893,21.6749488103941,0.5895851855836471,27.135322015988418,0.6927212613988687,0.3860107000496341,0.65660359418085,29.192137342771677,0.9954727495891543,UIT_33_y256x256
UIT_33_y256x512.png,0.38148128651892405,0.4415542363734485,0.6126085654387541,0.794368932038835,0.4985376553741165,0.9842369222994237,22.593577767934367,0.9955117497327053,27.632420072146115,0.27085388578318537,0.39184976672312777,1.3802885872049093,27.903495650247358,0.6982636951295443,4774,15,1,4,33,1.7227722772277227,0.06666666666666667,101,87,407.2914139223985,5.0884099456980305,0.0,-0.044524503048039954,-6.656518273623213,-0.008921373486038053,-0.0008205942483066053,-0.028338817735641286,2303.190231323242,0.27085388578318537,0.27085388578318537,15,1,14,4,33,1.7227722772277227,0.06666666666666667,15,0,101,87,64,4.681510504855153,5.0884099456980305,407.2914139223985,0.0,45316,9.492249685798074,13.727691663175534,256x256,65536,dense,Meijering,560,15,50,4754,32.461632699708375,0.8030382621100847,28.774684300955396,0.9963323439810119,0.29919270351882665,0.555225861343308,53,63,0.0,57,4760,33.19331040759009,0.8334656114395363,0.9975569308470439,30.292516855441008,0.37732005723844775,0.2940291320573011,398,27.5524288740058,0.6722918945747565,0.9843436236998806,21.430369085738224,0.9274394093706663,0.2916265060240964,-1.1422642288092817,-0.1633760946201802,-4.558137049461017,-0.10477456698054033,True,0.38193310508296024,27.907130158810137,0.6984206326156435,27.63873162287638,0.5958624545785485,0.8224621455986741,0.426005789566964,29.25009604155758,0.9931582957854618,UIT_33_y256x512
UIT_33_y512x0.png,0.5979583824106792,0.6607773851590106,0.7957446808510638,0.9061175045427013,0.7093409198672357,0.9908582925563273,22.381399692191923,0.9976970554127391,28.77336592171951,0.8270106221547799,0.8209338520885068,1.3993015493194219,34.753575915614995,0.9097361475887654,1506,1,0,2,4,1.9047619047619047,0.0,21,20,99.91168824543139,8.234333645378381,0.0,-0.1598136383147094,-7.103724881856909,-0.0066948509684831015,-4.671341161888165e-05,0.00960619559542375,1575.1893520355225,0.8270106221547799,0.8270106221547799,1,0,1,2,4,1.9047619047619047,0.0,1,0,21,20,15,4.995584412271571,8.234333645378381,99.91168824543139,0.0,33469,22.223771580345286,43.51660026560425,256x256,65536,sparse,Otsu,189,1,32,1476,38.97936880817201,0.909571155013591,28.98836859942518,0.997743768824358,0.8174044265593562,0.6927212613988687,3,1,0.0,80,1464,40.64252135635272,0.9301099487355824,0.9993884660722427,34.03052058901401,0.6963865704243268,0.8034912718204489,,,,,,,,-0.2150026777056695,0.12821259068963808,-4.225792892557017,0.00016499257517443855,True,0.5979583824106792,34.760653568556215,0.9109043260237518,28.78867237874101,0.6429930394308526,0.8997411562771962,0.7577720207253886,29.485124574048832,0.9975531435248104,UIT_33_y512x0
UIT_33_y512x256.png,0.6324262389000287,0.7589326689831508,0.8629468112862946,0.8420746344657016,0.8848799877694542,0.9899438304881213,25.547773151601113,0.9939599330349868,27.956240506232216,0.6134904825143869,0.826081184575074,0.8035620691086204,26.805774514601115,0.7729925241113117,14566,23,13,58,81,1.9602385685884691,0.5652173913043478,503,493,2386.9616869699853,3.0649992002145163,0.0,0.0016954803559886544,-6.82903527685351,-0.007783740106076964,-0.003809092481663834,0.004375201013046337,3698.7099647521973,0.6134904825143869,0.6134904825143869,23,13,10,58,81,1.9602385685884691,0.5652173913043478,24,11,503,493,364,4.8417072758011885,3.0649992002145163,2386.9616869699853,0.0,46452,3.189070438006316,4.499244816696416,256x256,65536,dense,Learned,1902,24,82,14280,34.40149432596105,0.9133967734707531,32.405508297046914,0.9977690255166506,0.6091152815013405,0.4550867726525296,101,153,0.0,83,14232,37.662713433601574,0.9588391504960804,0.9990723219573104,36.25155287304481,0.5133636236385668,0.6077514379401172,246,15.816337626469238,0.36147148551658814,0.8508184820221344,10.899200335884846,0.896169965459203,0.297312565571786,-4.449267790814698,0.37099441192254434,-7.595719811359938,-0.1404042493594414,True,0.6326343531568694,26.813142534897626,0.7730325216044688,27.96447964133627,0.762874719229537,0.6130171878547446,0.63073075854404,32.37680842845462,0.9977275705941983,UIT_33_y512x256
UIT_33_y512x512.png,0.5274708642349024,0.5253951204541967,0.688864299366261,0.8136882129277566,0.5972440258154544,0.9851857356083881,25.156834864376183,0.9962945252723577,28.64928804391562,0.6867493601102579,0.6423975317113201,0.7454645806897776,31.777850602415914,0.777207867940514,4356,12,9,19,28,1.9620253164556962,0.75,158,155,699.2274887854702,3.310166081553821,0.0,-0.04227373301460646,-5.409708304616299,-0.007985720084850545,-0.0010567044346359022,0.08751082344414296,2098.2069969177246,0.6867493601102579,0.6867493601102579,12,9,3,19,28,1.9620253164556962,0.75,12,9,158,155,111,4.511145088938511,3.310166081553821,699.2274887854702,0.0,42050,9.653351698806244,15.044995408631772,256x256,65536,sparse,Learned,527,12,60,4268,34.97087030279804,0.8389616570313634,30.125962136909536,0.9973512297069936,0.5992385366661149,0.4364906926325861,28,16,0.0,75,4348,35.94821570949506,0.8690942100760051,0.9984149858572364,32.379386320936156,0.2584759020770627,0.590983606557377,473,32.05906536223794,0.7658747262939121,0.9941642874613903,26.02549120401026,0.5156754310446374,0.560899922420481,-1.476674092993914,0.20590683907873397,-3.193019700382127,-0.06175378909084939,True,0.5261803874092009,31.779423207611877,0.7774411298932166,28.66340790853512,0.6076944528182466,0.4530146904576581,0.5697445972495089,30.56654316899248,0.9931714556932386,UIT_33_y512x512
UIT_33_y768x256.png,0.4661940629153744,0.5318570846352397,0.6943951755941823,0.8621449020039639,0.5812917594654788,0.9743465047421952,18.87516374580583,0.9965638498543338,27.775135533591996,0.4336230146838478,0.4003616595556999,0.9040246704424382,26.63362738895075,0.8029870032168054,4962,14,0,5,33,1.7052631578947368,0.0,95,81,392.04877323527927,4.816253024593631,0.0,-0.19794175908188388,-11.148047423288045,-0.02273403732690471,-0.001175114505988284,-0.024522510106879836,3107.855796813965,0.4336230146838478,0.4336230146838478,14,0,14,5,33,1.7052631578947368,0.0,14,0,95,81,57,4.840108311546654,4.816253024593631,392.04877323527927,0.0,40239,8.10943168077388,13.20757758968158,256x256,65536,dense,Meijering,592,14,65,4888,35.50282787502024,0.9034165339090701,29.765912094702646,0.9977389643603221,0.4581455247907276,0.5620388188303984,32,35,0.0,79,4946,37.27407763037367,0.9157857334597254,0.9991268653859142,33.80242019209046,0.45766121420890205,0.46474709875191594,408,26.522632356410615,0.7096714077409466,0.9814618527675805,19.345337709047765,0.7419354301264833,0.3747136563876652,-1.9907765611106498,-0.1616771592746985,-8.869200486069488,-0.10042953069226468,True,0.46315605011828614,26.635595385100448,0.8033310399165591,27.78489713464852,0.6902531722967792,0.6240058966074433,0.6641358219972583,30.023211169093873,0.9970805420690999,UIT_33_y768x256
UIT_33_y768x512.png,0.4028716688083133,0.007472423200094888,0.014834000470920651,1.0,0.007472423200094888,0.9547841050205715,14.504440403433582,0.9999929444072772,26.306150734965442,0.003777204868397386,0.22894841419643375,1.232627748992974,21.696742250550997,0.7020205395888172,590,1,0,1,3,1.5,0.0,4,3,13.65685424949238,2.794597917132908,0.0,,,,,,586.5352153778076,0.003777204868397386,0.003777204868397386,1,0,1,1,3,1.5,0.0,1,0,4,3,0,4.552284749830793,2.794597917132908,13.65685424949238,0.0,42793,72.53050847457627,111.07796610169491,256x256,65536,dense,Frangi,60,1,,,,,,,,,,,,,,,,,,,,,,,,,,,,,,,True,0.4022680297190101,21.695392316599612,0.7023321636975537,26.2914593228924,0.7872616575644196,0.970400564832108,,,,UIT_33_y768x512
UIT_3_y0x256.png,0.6376811594202898,0.6427913828024305,0.7825599641336024,0.8252955082742317,0.7440323955669225,0.988020489659984,21.193737239350803,0.9932360446431742,24.516207539464745,0.7543177892918825,0.7471604041952535,0.9070496187416099,28.93743873828108,0.6727499600987716,3242,4,1,9,18,1.9104477611940298,0.25,67,64,312.90663761154826,7.609942347168555,0.0,-0.08000056945986733,-3.558437010584761,-0.0056220704409087885,0.00026621606307675183,0.0009830444263310145,2901.3147354125977,0.7543177892918825,0.7543177892918825,4,1,3,9,18,1.9104477611940298,0.25,4,2,67,64,40,4.889166212680438,7.609942347168555,312.90663761154826,0.0,44558,13.743985194324491,20.214682294879704,256x256,65536,sparse,Otsu,309,4,33,3240,31.59541194708142,0.7523723257977097,24.537226243749387,0.9929698285800974,0.7533347448655515,0.5586401442470804,19,23,0.0,50,3176,33.114174127572234,0.7611782082741516,0.9976689118732242,29.099762569679932,0.3590475462951348,0.7339046822742475,645,30.08528244368553,0.6746612054902983,0.9884847954985388,22.53830698814465,0.9101847054277523,0.7820727120768909,-0.02101870428464281,0.18852025994817312,-2.657973208800339,-0.0796223656989381,True,0.638512869399428,28.940878762483692,0.6729618549829257,24.515404370315068,0.9132738650982688,0.8283847111440612,0.7176817288801571,24.752174249935564,0.9936425601008928,UIT_3_y0x256
UIT_3_y0x512.png,0.7131067961165048,0.7923497267759563,0.8841463414634148,0.9695753928452022,0.8125525357242925,0.99487506064577,23.30102205709349,0.9975992230531486,24.579105791029498,0.6813700051894136,0.750568619225027,0.9417571759517314,30.01437858272906,0.6817468392165049,3828,7,2,12,23,1.90990990990991,0.2857142857142857,111,106,540.4751801064723,3.109071925407347,0.0,-0.032225541448842376,-1.597714363995017,-0.0017846622198663953,-0.0001120908696505829,-0.007524717835002304,1827.8264999389648,0.6813700051894136,0.6813700051894136,7,2,5,12,23,1.90990990990991,0.2857142857142857,7,1,111,106,76,5.09882245383464,3.109071925407347,540.4751801064723,0.0,44496,11.623824451410659,17.120167189132708,256x256,65536,sparse,Learned,473,7,38,3769,31.984507444187326,0.7664762413920252,24.76984114724203,0.9977113139227992,0.6888947230244159,0.4527541592363178,21,14,0.0,54,3818,33.39173487655359,0.7814543629812852,0.9991505372036372,29.456575978317883,0.29240427123383705,0.6754478398314014,537,29.56293169549051,0.6707088821032324,0.994860998993934,21.28973629161406,0.64654531804122,0.6476377952755905,-0.19073535621253157,0.29781445998870926,-1.9701288614582673,-0.08472940217552027,True,0.7122057752972579,30.022093599681014,0.6818490731070227,24.58427964837925,0.6178721345213349,0.5818855165060807,0.7453323375653472,24.898736421088508,0.9966597228656364,UIT_3_y0x512
UIT_3_y256x256.png,0.6215852509756425,0.6558631242175545,0.7921706989247311,0.8014618391976882,0.7830925095499086,0.98465349020815,21.405688160060418,0.9918620646354867,24.11252980728744,0.8158536585365853,0.6238539491035934,1.1288676657134922,27.576688235075643,0.6574114631074475,4734,9,0,10,28,1.834862385321101,0.0,109,100,491.06096654409896,6.219250098359069,0.0,-0.08562622243796858,-3.3048674460764396,-0.009130023769612583,-0.0010697452989201217,0.04714617554338807,2921.9491481781006,0.8158536585365853,0.8158536585365853,9,0,9,10,28,1.834862385321101,0.0,9,0,109,100,71,4.910609665440988,6.219250098359069,491.06096654409896,0.0,46068,9.73130544993663,13.84368398817068,256x256,65536,sparse,Otsu,433,9,40,4636,30.71738851087856,0.768293200953404,24.58291398768619,0.9929318099344068,0.7687074829931972,0.4251234747844387,50,47,0.0,48,4476,32.46211773719588,0.7833079226490449,0.9973788690192759,29.02002016046469,0.38018444264181606,0.7513227513227513,407,25.754761036304956,0.6310811979456495,0.972913056241604,17.901293813034485,0.7433392230464442,0.7265635157976856,-0.4703841803987494,0.1987304743191547,-3.140700275802917,-0.11088173784595656,True,0.6221235365361324,27.584950357713943,0.6575204328501636,24.11773645793796,0.7254789326052995,0.8189697091744603,0.7072114734136111,24.710555606136857,0.9937835139777625,UIT_3_y256x256
UIT_3_y256x512.png,0.6882246376811594,0.7896951657600328,0.8824912542295118,0.8953799604329105,0.8699683401175938,0.9889010046123323,22.86028827120537,0.992905353481566,24.398044197585623,0.6570836337418889,0.8456560041811733,0.8604121242917119,26.15318065145707,0.621471721876142,10101,14,6,36,55,1.9477124183006536,0.42857142857142855,306,298,1461.2001435750024,3.156951259435095,0.0,0.06948435774336781,-3.9315603033243,-0.006235636211202933,-0.0028950046053403122,0.0767854932777734,2587.7115726470947,0.6570836337418889,0.6570836337418889,14,6,8,36,55,1.9477124183006536,0.42857142857142855,14,6,306,298,215,4.903356186493286,3.156951259435095,1461.2001435750024,0.0,49175,4.868329868329869,6.4880704880704885,256x256,65536,dense,Learned,1279,14,64,10069,30.158495174041718,0.8212305133144014,26.83660651902819,0.9958003580869064,0.5802981404641155,0.2783594160327302,228,288,0.0,59,10008,32.5033366111395,0.883013795657727,0.998061125222637,30.4783150362479,0.2927658237089372,0.5710329341317365,246,17.109175122585974,0.3167923407707887,0.9318831914256256,11.361005629095462,0.9400952812598878,0.32178069913355245,-2.438562321442568,0.5672965881484431,-4.005314522584648,-0.19975879143825948,True,0.6874943403060763,26.154589165857715,0.6215306288823071,24.404345583738127,0.7141311735706377,0.6144471200748456,0.6187402799377916,26.79184857452967,0.9951366408235353,UIT_3_y256x512
UIT_3_y512x256.png,0.6438454886134333,0.7597770552717139,0.8634923986486487,0.8907645393160531,0.837840606433108,0.9861015027689944,22.862198891218775,0.9917479340609594,23.94121991156231,0.5845748093235441,0.7638606857094584,0.853422842034119,26.402019223489617,0.6622481346666707,10360,18,5,45,73,1.921921921921922,0.2777777777777778,333,320,1450.0996385116134,3.256458173068095,0.0,-0.018368395063865006,-4.227492950780032,-0.00882540803284515,-0.0043135152495410445,-0.018949092245112542,3130.8298110961914,0.5845748093235441,0.5845748093235441,18,5,13,45,73,1.921921921921922,0.2777777777777778,18,7,333,320,215,4.5315613703487845,3.256458173068095,1450.0996385116134,0.0,48890,4.719111969111969,6.325868725868726,256x256,65536,dense,Learned,1276,18,67,10249,30.813606038148826,0.8368669557185049,27.113594066363895,0.9960614493105004,0.6035239015686567,0.40361310607415446,134,311,0.0,67,10344,33.588365145971444,0.8938172989746823,0.9983738224858927,31.243578566691905,0.4248809951103666,0.5981425517800546,250,17.416326546397684,0.416954540679554,0.9303616803475906,11.659437428528605,0.9909952224175634,0.3616963064295486,-3.1723741548015845,0.36024757963530396,-4.411586814659209,-0.17461882105183424,True,0.644335472704983,26.408081250079544,0.6623900279444273,23.943985350847665,0.8524123929376899,0.7274682069659875,0.6622138836772983,27.089691841998807,0.9949269108018396,UIT_3_y512x256
UIT_3_y512x512.png,0.29912629070691027,0.3438017970862776,0.511685276551545,0.44132138857782754,0.6087426629595304,0.9702223676227913,20.243636270928917,0.9639261029051909,25.899099994019977,0.4479613733905579,0.8654358558860523,1.9426759951077566,25.222235221129537,0.4596909623416589,8857,7,3,25,34,1.9534883720930232,0.42857142857142855,172,168,791.4406922210665,6.9531711770665074,0.0,-0.013363636770930165,-7.033869108092066,-0.01794906463436763,-0.012628188373088878,0.014699113262626129,9894.081354141235,0.4479613733905579,0.4479613733905579,7,3,4,25,34,1.9534883720930232,0.42857142857142855,7,2,172,168,113,4.710956501315867,6.9531711770665074,791.4406922210665,0.0,48543,5.480749689511121,7.399345150728237,256x256,65536,dense,Frangi,1379,7,61,8681,29.80517170200768,0.7374293471894938,27.3896532840689,0.9765542912782798,0.4332622601279318,0.2992034304416956,372,741,0.0,51,8756,31.61990808020425,0.8388291130263307,0.986976822105736,29.65775128487107,0.1947040702697006,0.419785260085479,250,24.150446186277478,0.40050548420786136,0.9287061440607347,22.02486239056842,0.9970323948552191,0.3796068265284079,-1.490553290048922,0.5662324254443567,-4.582936480878143,-0.2777383848478349,True,0.29917880794701984,25.221477068817066,0.45966114500661975,25.899265069886614,0.4671765869937051,0.9075727410290415,0.31248992747784043,27.277505379020983,0.988171432257159,UIT_3_y512x512
UIT_3_y768x256.png,0.5499260355029586,0.5443998215082553,0.7049985553308292,0.8310626702997275,0.6121424987456097,0.9942446614111818,21.240790162386194,0.9976454978267624,24.12404840732426,0.6221238938053097,0.5099918882062322,1.0253754655605432,30.90687998281506,0.6666206212898178,1589,3,0,2,8,1.7777777777777777,0.0,27,24,120.15432893255071,5.931630562110062,0.0,-0.08951926495929097,-2.585327401491309,-0.002340404519815764,0.0005929512576953178,0.020836340157241118,1720.8383083343506,0.6221238938053097,0.6221238938053097,3,0,3,2,8,1.7777777777777777,0.0,3,0,27,24,17,5.006430372189612,5.931630562110062,120.15432893255071,0.0,43323,27.26431718061674,41.24354940213971,256x256,65536,sparse,Otsu,197,3,19,1565,31.84678021483943,0.687595896182151,23.267135914210613,0.997052546569067,0.6012875536480686,0.6321205588285577,6,8,0.0,38,1538,32.89424059748033,0.7162642443069623,0.9989196019311448,27.173149842951986,0.45447137484070665,0.6011309264897782,5879,35.028166910879904,0.8102994427799257,0.9998829392158513,36.54886366428043,0.25953446591989415,0.5974815458098133,0.8569124931136471,-0.12212867062232546,-0.939900232024371,-0.020975274892333196,True,0.5487804878048781,30.908375285752342,0.6667012122898037,24.125664477748458,0.7783524268049895,0.7981034820053446,0.6394453004622496,23.826117563877503,0.9965850659309976,UIT_3_y768x256
UIT_3_y768x512.png,0.32064075630252103,0.36657547873663265,0.5364877161055506,0.8341822297679683,0.3953862660944206,0.9833976906175945,21.971940789170432,0.9977153493995766,25.449385786262425,0.15474619512624263,0.8200362792868878,1.269675679359525,28.849163753518923,0.5642623372739112,2552,4,9,23,15,2.108695652173913,2.25,92,97,383.2792206135788,2.6683573357601507,0.0,-0.04586591036414561,-3.5845428369832604,-0.00435620863107633,9.263587894636771e-05,-0.03769253440447504,1364.0995025634766,0.15474619512624263,0.15474619512624263,4,9,-5,23,15,2.108695652173913,2.25,4,7,92,97,54,3.951332171274006,2.6683573357601507,383.2792206135788,0.0,45352,17.771159874608152,25.68025078369906,256x256,65536,sparse,Learned,320,4,25,2503,30.43376865905982,0.6494206871216136,25.455208706945367,0.9976227135206303,0.19243872953071767,0.2985171473194118,136,129,0.0,33,2422,31.03064515332935,0.6812305644932699,0.9981468849027677,26.279249255947505,0.23361672432741187,0.21411822781685796,3661,32.1147255316121,0.7103422311576937,0.9994106082030307,31.39489470619519,0.16349448655380494,0.21169504071058476,-0.005822920682941657,0.521519131967476,-1.5846049055408962,-0.08515834984770243,True,0.3207960722426793,28.84793353907114,0.5642617564245903,25.456737149337087,0.7841849166013103,0.9956605167292611,0.36650666666666665,25.556483626153693,0.9877538992486709,UIT_3_y768x512
